<?xml version="1.0" encoding="UTF-8" standalone="yes"?>
<gpx xmlns="http://www.topografix.com/GPX/1/1" version="1.1" creator="Hiking Biji"><metadata><name>一日玉山主峰</name><link href="https://hiking.biji.co/"><text>健行筆記 Hiking Biji</text></link></metadata><trk><trkseg><trkpt lat="23.4822761" lon="120.8860032"><ele>2595.0</ele><time>2025-08-21T15:51:01Z</time></trkpt><trkpt lat="23.4822624" lon="120.8859925"><ele>2604.821206514596</ele><time>2025-08-21T15:51:03Z</time></trkpt><trkpt lat="23.48222980257514" lon="120.88597662692183"><ele>2595.05908203125</ele><time>2025-08-21T15:51:09Z</time></trkpt><trkpt lat="23.482177881256725" lon="120.88596132990757"><ele>2596.2666015625</ele><time>2025-08-21T15:51:16Z</time></trkpt><trkpt lat="23.482153878365676" lon="120.88594401806161"><ele>2596.802978515625</ele><time>2025-08-21T15:51:22Z</time></trkpt><trkpt lat="23.48215575147006" lon="120.88594298101656"><ele>2596.596923828125</ele><time>2025-08-21T15:51:26Z</time></trkpt><trkpt lat="23.482161076698862" lon="120.88594170410592"><ele>2596.737060546875</ele><time>2025-08-21T15:51:29Z</time></trkpt><trkpt lat="23.482163981925233" lon="120.8859389216301"><ele>2596.898193359375</ele><time>2025-08-21T15:51:32Z</time></trkpt><trkpt lat="23.482162556750655" lon="120.88593516461736"><ele>2597.408203125</ele><time>2025-08-21T15:51:35Z</time></trkpt><trkpt lat="23.48210069231744" lon="120.8859080372511"><ele>2597.408203125</ele><time>2025-08-21T15:51:38Z</time></trkpt><trkpt lat="23.481928472625274" lon="120.88586552378992"><ele>2597.865234375</ele><time>2025-08-21T15:51:43Z</time></trkpt><trkpt lat="23.481853356501745" lon="120.88587238409528"><ele>2598.1162109375</ele><time>2025-08-21T15:51:48Z</time></trkpt><trkpt lat="23.48179223471881" lon="120.88588942890816"><ele>2598.72119140625</ele><time>2025-08-21T15:51:53Z</time></trkpt><trkpt lat="23.481739620075423" lon="120.88591367244513"><ele>2599.416259765625</ele><time>2025-08-21T15:51:58Z</time></trkpt><trkpt lat="23.48168736666196" lon="120.88593433952722"><ele>2600.1533203125</ele><time>2025-08-21T15:52:05Z</time></trkpt><trkpt lat="23.481624781016496" lon="120.88594884346521"><ele>2601.131103515625</ele><time>2025-08-21T15:52:13Z</time></trkpt><trkpt lat="23.481567492394692" lon="120.88595286479476"><ele>2601.701904296875</ele><time>2025-08-21T15:52:20Z</time></trkpt><trkpt lat="23.481516016874167" lon="120.8859605869023"><ele>2602.05322265625</ele><time>2025-08-21T15:52:25Z</time></trkpt><trkpt lat="23.48146518257038" lon="120.88598042135594"><ele>2602.790283203125</ele><time>2025-08-21T15:52:31Z</time></trkpt><trkpt lat="23.481420798049527" lon="120.88605389518476"><ele>2604.24365234375</ele><time>2025-08-21T15:53:00Z</time></trkpt><trkpt lat="23.48138956088055" lon="120.8860830459869"><ele>2604.44189453125</ele><time>2025-08-21T15:53:03Z</time></trkpt><trkpt lat="23.481350068935324" lon="120.88612831808376"><ele>2605.010009765625</ele><time>2025-08-21T15:53:08Z</time></trkpt><trkpt lat="23.48131231468063" lon="120.88616818869762"><ele>2606.0986328125</ele><time>2025-08-21T15:53:13Z</time></trkpt><trkpt lat="23.48126854036638" lon="120.88621487847458"><ele>2606.077392578125</ele><time>2025-08-21T15:53:21Z</time></trkpt><trkpt lat="23.48121080086327" lon="120.88628959924314"><ele>2607.40380859375</ele><time>2025-08-21T15:53:29Z</time></trkpt><trkpt lat="23.481143145747744" lon="120.88635553542062"><ele>2608.97607421875</ele><time>2025-08-21T15:53:41Z</time></trkpt><trkpt lat="23.481132605628456" lon="120.88637185809542"><ele>2609.929931640625</ele><time>2025-08-21T15:53:49Z</time></trkpt><trkpt lat="23.481113602578816" lon="120.88642581938433"><ele>2611.002685546875</ele><time>2025-08-21T15:53:54Z</time></trkpt><trkpt lat="23.481116996301527" lon="120.88650768826268"><ele>2611.583984375</ele><time>2025-08-21T15:53:59Z</time></trkpt><trkpt lat="23.481163012883915" lon="120.8865306662468"><ele>2612.9208984375</ele><time>2025-08-21T15:54:09Z</time></trkpt><trkpt lat="23.481207930261142" lon="120.88651550794053"><ele>2613.739990234375</ele><time>2025-08-21T15:54:17Z</time></trkpt><trkpt lat="23.481249812641042" lon="120.88648488429168"><ele>2614.64892578125</ele><time>2025-08-21T15:54:23Z</time></trkpt><trkpt lat="23.48129802468421" lon="120.88644552246676"><ele>2615.436279296875</ele><time>2025-08-21T15:54:32Z</time></trkpt><trkpt lat="23.481329104814176" lon="120.88640974566174"><ele>2616.287109375</ele><time>2025-08-21T15:54:41Z</time></trkpt><trkpt lat="23.481355440763092" lon="120.88639568726897"><ele>2616.374267578125</ele><time>2025-08-21T15:54:45Z</time></trkpt><trkpt lat="23.481421006267063" lon="120.88638588106072"><ele>2616.8896484375</ele><time>2025-08-21T15:54:52Z</time></trkpt><trkpt lat="23.481498892954107" lon="120.88640993569173"><ele>2617.671630859375</ele><time>2025-08-21T15:55:02Z</time></trkpt><trkpt lat="23.481538382422364" lon="120.88643822185284"><ele>2617.830322265625</ele><time>2025-08-21T15:55:07Z</time></trkpt><trkpt lat="23.481573498213006" lon="120.88647034700162"><ele>2618.506591796875</ele><time>2025-08-21T15:55:12Z</time></trkpt><trkpt lat="23.481603268834714" lon="120.88650836326657"><ele>2618.992919921875</ele><time>2025-08-21T15:55:18Z</time></trkpt><trkpt lat="23.48163258256893" lon="120.88654884562311"><ele>2619.109130859375</ele><time>2025-08-21T15:55:23Z</time></trkpt><trkpt lat="23.481663890636323" lon="120.88658514397561"><ele>2619.994140625</ele><time>2025-08-21T15:55:28Z</time></trkpt><trkpt lat="23.481702286752174" lon="120.88660035371475"><ele>2620.266357421875</ele><time>2025-08-21T15:55:34Z</time></trkpt><trkpt lat="23.48172780701953" lon="120.88658677512873"><ele>2620.2373046875</ele><time>2025-08-21T15:56:17Z</time></trkpt><trkpt lat="23.48170127232229" lon="120.88664379239393"><ele>2620.290283203125</ele><time>2025-08-21T15:56:53Z</time></trkpt><trkpt lat="23.481701043809657" lon="120.88665037539671"><ele>2620.786865234375</ele><time>2025-08-21T15:56:59Z</time></trkpt><trkpt lat="23.48172140385413" lon="120.88667270036264"><ele>2620.5517578125</ele><time>2025-08-21T15:57:11Z</time></trkpt><trkpt lat="23.481828507961033" lon="120.88675817918815"><ele>2620.4990234375</ele><time>2025-08-21T15:57:17Z</time></trkpt><trkpt lat="23.481831130066315" lon="120.88676008027467"><ele>2619.777587890625</ele><time>2025-08-21T15:57:37Z</time></trkpt><trkpt lat="23.481827870940457" lon="120.88675941576932"><ele>2619.94921875</ele><time>2025-08-21T15:57:56Z</time></trkpt><trkpt lat="23.48179457928388" lon="120.88678446602108"><ele>2620.17919921875</ele><time>2025-08-21T15:58:08Z</time></trkpt><trkpt lat="23.481770860302937" lon="120.88677106946234"><ele>2619.880615234375</ele><time>2025-08-21T15:58:24Z</time></trkpt><trkpt lat="23.481722486340157" lon="120.88687704953729"><ele>2621.159423828125</ele><time>2025-08-21T15:58:42Z</time></trkpt><trkpt lat="23.481695413634768" lon="120.88691022051863"><ele>2623.407958984375</ele><time>2025-08-21T15:59:25Z</time></trkpt><trkpt lat="23.481704829637273" lon="120.88690708608624"><ele>2623.278564453125</ele><time>2025-08-21T15:59:50Z</time></trkpt><trkpt lat="23.481691366414914" lon="120.88692792454431"><ele>2623.18603515625</ele><time>2025-08-21T15:59:57Z</time></trkpt><trkpt lat="23.481707750255516" lon="120.88692895105574"><ele>2623.13330078125</ele><time>2025-08-21T16:00:19Z</time></trkpt><trkpt lat="23.481681234401165" lon="120.8869431918829"><ele>2623.368408203125</ele><time>2025-08-21T16:00:30Z</time></trkpt><trkpt lat="23.481575029500434" lon="120.88697487659313"><ele>2623.252197265625</ele><time>2025-08-21T16:00:36Z</time></trkpt><trkpt lat="23.481533025042157" lon="120.88702374756092"><ele>2623.47412109375</ele><time>2025-08-21T16:00:48Z</time></trkpt><trkpt lat="23.481518203652485" lon="120.88696407704087"><ele>2614.062255859375</ele><time>2025-08-21T16:01:06Z</time></trkpt><trkpt lat="23.481526726078926" lon="120.88696309638868"><ele>2614.572265625</ele><time>2025-08-21T16:01:23Z</time></trkpt><trkpt lat="23.481576871015243" lon="120.88695354596706"><ele>2612.19677734375</ele><time>2025-08-21T16:01:28Z</time></trkpt><trkpt lat="23.481629526904793" lon="120.88693552243826"><ele>2614.4111328125</ele><time>2025-08-21T16:01:58Z</time></trkpt><trkpt lat="23.48160898927503" lon="120.88694288890208"><ele>2614.5908203125</ele><time>2025-08-21T16:02:01Z</time></trkpt><trkpt lat="23.48159133089385" lon="120.88698401835265"><ele>2614.662109375</ele><time>2025-08-21T16:02:06Z</time></trkpt><trkpt lat="23.481577557554463" lon="120.8870456580027"><ele>2615.378173828125</ele><time>2025-08-21T16:02:10Z</time></trkpt><trkpt lat="23.481573099102512" lon="120.8871002234376"><ele>2615.370361328125</ele><time>2025-08-21T16:02:15Z</time></trkpt><trkpt lat="23.48156468781622" lon="120.88715411840217"><ele>2616.42724609375</ele><time>2025-08-21T16:02:20Z</time></trkpt><trkpt lat="23.48153760974016" lon="120.88721348924153"><ele>2617.2041015625</ele><time>2025-08-21T16:02:26Z</time></trkpt><trkpt lat="23.481497555927593" lon="120.88724418763222"><ele>2617.201416015625</ele><time>2025-08-21T16:02:30Z</time></trkpt><trkpt lat="23.481441739431947" lon="120.88726397473059"><ele>2618.057373046875</ele><time>2025-08-21T16:02:35Z</time></trkpt><trkpt lat="23.48138853983277" lon="120.8872671380795"><ele>2618.755126953125</ele><time>2025-08-21T16:02:40Z</time></trkpt><trkpt lat="23.481330052349513" lon="120.88725477113645"><ele>2618.80517578125</ele><time>2025-08-21T16:02:45Z</time></trkpt><trkpt lat="23.481270743316" lon="120.88724073858741"><ele>2619.75634765625</ele><time>2025-08-21T16:02:51Z</time></trkpt><trkpt lat="23.48120970704505" lon="120.88722806470142"><ele>2620.69970703125</ele><time>2025-08-21T16:02:58Z</time></trkpt><trkpt lat="23.481162569362226" lon="120.88719554585893"><ele>2621.521484375</ele><time>2025-08-21T16:03:04Z</time></trkpt><trkpt lat="23.481106593156518" lon="120.88716229952412"><ele>2622.4091796875</ele><time>2025-08-21T16:03:13Z</time></trkpt><trkpt lat="23.48105297886547" lon="120.88714095149844"><ele>2623.207275390625</ele><time>2025-08-21T16:03:20Z</time></trkpt><trkpt lat="23.481005103974525" lon="120.88711757606825"><ele>2623.783203125</ele><time>2025-08-21T16:03:27Z</time></trkpt><trkpt lat="23.48095335422768" lon="120.88710069788081"><ele>2624.7978515625</ele><time>2025-08-21T16:03:34Z</time></trkpt><trkpt lat="23.480894134623806" lon="120.8870625486215"><ele>2625.392333984375</ele><time>2025-08-21T16:03:45Z</time></trkpt><trkpt lat="23.480847425720768" lon="120.88703441069259"><ele>2626.182373046875</ele><time>2025-08-21T16:03:52Z</time></trkpt><trkpt lat="23.48087077860317" lon="120.88702745573852"><ele>2627.52734375</ele><time>2025-08-21T16:04:00Z</time></trkpt><trkpt lat="23.48084472763934" lon="120.8870208095232"><ele>2627.9951171875</ele><time>2025-08-21T16:04:10Z</time></trkpt><trkpt lat="23.48076481303323" lon="120.88701499740648"><ele>2628.77978515625</ele><time>2025-08-21T16:04:16Z</time></trkpt><trkpt lat="23.480690347393814" lon="120.88700772644164"><ele>2628.77978515625</ele><time>2025-08-21T16:04:22Z</time></trkpt><trkpt lat="23.4806789232748" lon="120.88700571607895"><ele>2630.460205078125</ele><time>2025-08-21T16:04:34Z</time></trkpt><trkpt lat="23.48045490080449" lon="120.88695684251162"><ele>2631.8896484375</ele><time>2025-08-21T16:04:46Z</time></trkpt><trkpt lat="23.480338044802377" lon="120.88697270689637"><ele>2633.1396484375</ele><time>2025-08-21T16:04:58Z</time></trkpt><trkpt lat="23.480265131695024" lon="120.88698144283889"><ele>2633.432861328125</ele><time>2025-08-21T16:05:04Z</time></trkpt><trkpt lat="23.48020414521075" lon="120.88698454685145"><ele>2633.8291015625</ele><time>2025-08-21T16:05:10Z</time></trkpt><trkpt lat="23.4801581656339" lon="120.88700166404509"><ele>2634.814697265625</ele><time>2025-08-21T16:05:22Z</time></trkpt><trkpt lat="23.480069147169864" lon="120.88705613388609"><ele>2636.0380859375</ele><time>2025-08-21T16:05:34Z</time></trkpt><trkpt lat="23.48002770904448" lon="120.88710063736605"><ele>2636.822998046875</ele><time>2025-08-21T16:05:40Z</time></trkpt><trkpt lat="23.479988612360362" lon="120.88713349433394"><ele>2637.607666015625</ele><time>2025-08-21T16:05:52Z</time></trkpt><trkpt lat="23.47986951241169" lon="120.88724287218888"><ele>2639.045166015625</ele><time>2025-08-21T16:06:04Z</time></trkpt><trkpt lat="23.4798593885359" lon="120.88725459000926"><ele>2640.524658203125</ele><time>2025-08-21T16:06:13Z</time></trkpt><trkpt lat="23.479751406239593" lon="120.88730552999414"><ele>2641.48388671875</ele><time>2025-08-21T16:06:28Z</time></trkpt><trkpt lat="23.479677077134696" lon="120.8873138915662"><ele>2642.746826171875</ele><time>2025-08-21T16:06:40Z</time></trkpt><trkpt lat="23.479660285003582" lon="120.8873194023784"><ele>2643.381103515625</ele><time>2025-08-21T16:06:48Z</time></trkpt><trkpt lat="23.479590350943358" lon="120.88735345033467"><ele>2643.6240234375</ele><time>2025-08-21T16:06:52Z</time></trkpt><trkpt lat="23.479507404496008" lon="120.88740869676096"><ele>2644.13671875</ele><time>2025-08-21T16:06:58Z</time></trkpt><trkpt lat="23.479420649397632" lon="120.88746563696118"><ele>2644.7470703125</ele><time>2025-08-21T16:07:04Z</time></trkpt><trkpt lat="23.479337043733967" lon="120.88751360659083"><ele>2645.526611328125</ele><time>2025-08-21T16:07:10Z</time></trkpt><trkpt lat="23.479313751398504" lon="120.88751627349423"><ele>2646.533203125</ele><time>2025-08-21T16:07:22Z</time></trkpt><trkpt lat="23.47917687849289" lon="120.88749791953998"><ele>2647.748779296875</ele><time>2025-08-21T16:07:34Z</time></trkpt><trkpt lat="23.479080648856314" lon="120.88744266444752"><ele>2649.35791015625</ele><time>2025-08-21T16:07:46Z</time></trkpt><trkpt lat="23.479043249264787" lon="120.88739226519584"><ele>2649.91259765625</ele><time>2025-08-21T16:07:53Z</time></trkpt><trkpt lat="23.478976765974082" lon="120.88730380534462"><ele>2650.7451171875</ele><time>2025-08-21T16:08:04Z</time></trkpt><trkpt lat="23.478963658974543" lon="120.88728278147084"><ele>2652.341064453125</ele><time>2025-08-21T16:08:10Z</time></trkpt><trkpt lat="23.47890288908412" lon="120.88722377085844"><ele>2652.96728515625</ele><time>2025-08-21T16:08:22Z</time></trkpt><trkpt lat="23.47883425456308" lon="120.88713896916389"><ele>2655.05712890625</ele><time>2025-08-21T16:08:34Z</time></trkpt><trkpt lat="23.478816894558378" lon="120.88712517417723"><ele>2655.16015625</ele><time>2025-08-21T16:08:40Z</time></trkpt><trkpt lat="23.47873881257022" lon="120.88707349672555"><ele>2655.78125</ele><time>2025-08-21T16:08:46Z</time></trkpt><trkpt lat="23.478672658094414" lon="120.88704712739248"><ele>2656.3916015625</ele><time>2025-08-21T16:08:52Z</time></trkpt><trkpt lat="23.478603325068136" lon="120.88703444643275"><ele>2657.646728515625</ele><time>2025-08-21T16:09:04Z</time></trkpt><trkpt lat="23.478591491662655" lon="120.88704663362455"><ele>2659.55712890625</ele><time>2025-08-21T16:09:28Z</time></trkpt><trkpt lat="23.478609898484972" lon="120.8871595404855"><ele>2659.71826171875</ele><time>2025-08-21T16:09:34Z</time></trkpt><trkpt lat="23.478684404962664" lon="120.88724117476701"><ele>2661.115966796875</ele><time>2025-08-21T16:09:46Z</time></trkpt><trkpt lat="23.478718980689973" lon="120.88726157700647"><ele>2661.552001953125</ele><time>2025-08-21T16:09:52Z</time></trkpt><trkpt lat="23.47877274377717" lon="120.88735130086354"><ele>2662.510986328125</ele><time>2025-08-21T16:10:04Z</time></trkpt><trkpt lat="23.478790296897394" lon="120.8873897547206"><ele>2662.78857421875</ele><time>2025-08-21T16:10:10Z</time></trkpt><trkpt lat="23.47881676767665" lon="120.88749358048562"><ele>2663.235107421875</ele><time>2025-08-21T16:10:16Z</time></trkpt><trkpt lat="23.478829516267357" lon="120.88756441824408"><ele>2663.536376953125</ele><time>2025-08-21T16:10:22Z</time></trkpt><trkpt lat="23.478839339438828" lon="120.88766567505482"><ele>2663.922119140625</ele><time>2025-08-21T16:10:34Z</time></trkpt><trkpt lat="23.478859524142862" lon="120.88775293512226"><ele>2664.759765625</ele><time>2025-08-21T16:10:46Z</time></trkpt><trkpt lat="23.478859950867054" lon="120.88775754399936"><ele>2665.998779296875</ele><time>2025-08-21T16:10:57Z</time></trkpt><trkpt lat="23.478864196067573" lon="120.88778478518849"><ele>2672.14208984375</ele><time>2025-08-21T16:11:04Z</time></trkpt><trkpt lat="23.478876856683918" lon="120.88788733763263"><ele>2673.177978515625</ele><time>2025-08-21T16:11:11Z</time></trkpt><trkpt lat="23.478901467506862" lon="120.88806351123412"><ele>2673.455322265625</ele><time>2025-08-21T16:11:16Z</time></trkpt><trkpt lat="23.478921019281678" lon="120.88818313761328"><ele>2675.489990234375</ele><time>2025-08-21T16:11:28Z</time></trkpt><trkpt lat="23.478931384026563" lon="120.8882318112653"><ele>2678.354248046875</ele><time>2025-08-21T16:11:46Z</time></trkpt><trkpt lat="23.47895502506758" lon="120.88832209165344"><ele>2679.482421875</ele><time>2025-08-21T16:11:53Z</time></trkpt><trkpt lat="23.478960418598575" lon="120.88833832811257"><ele>2680.282958984375</ele><time>2025-08-21T16:11:59Z</time></trkpt><trkpt lat="23.478991531163086" lon="120.88840373500545"><ele>2681.128662109375</ele><time>2025-08-21T16:12:04Z</time></trkpt><trkpt lat="23.479027712339956" lon="120.88851965052899"><ele>2681.609375</ele><time>2025-08-21T16:12:40Z</time></trkpt><trkpt lat="23.47899828299509" lon="120.88859016155423"><ele>2682.4443359375</ele><time>2025-08-21T16:20:04Z</time></trkpt><trkpt lat="23.47898490416919" lon="120.88861629344453"><ele>2682.77734375</ele><time>2025-08-21T16:20:10Z</time></trkpt><trkpt lat="23.478948573385757" lon="120.8886915238054"><ele>2683.046875</ele><time>2025-08-21T16:20:16Z</time></trkpt><trkpt lat="23.478903633174006" lon="120.88876218278615"><ele>2683.76806640625</ele><time>2025-08-21T16:20:28Z</time></trkpt><trkpt lat="23.478866760836354" lon="120.88878719802105"><ele>2685.036376953125</ele><time>2025-08-21T16:20:43Z</time></trkpt><trkpt lat="23.478839843258324" lon="120.88880197829033"><ele>2685.98779296875</ele><time>2025-08-21T16:20:51Z</time></trkpt><trkpt lat="23.478807523476704" lon="120.88881441691116"><ele>2685.99560546875</ele><time>2025-08-21T16:20:54Z</time></trkpt><trkpt lat="23.47873950510137" lon="120.88885475627887"><ele>2686.66943359375</ele><time>2025-08-21T16:21:00Z</time></trkpt><trkpt lat="23.47866770463706" lon="120.88887904135377"><ele>2693.0107421875</ele><time>2025-08-21T16:21:10Z</time></trkpt><trkpt lat="23.478595175107454" lon="120.88898418713333"><ele>2694.334716796875</ele><time>2025-08-21T16:21:23Z</time></trkpt><trkpt lat="23.47859514395877" lon="120.88899123824392"><ele>2695.0322265625</ele><time>2025-08-21T16:21:28Z</time></trkpt><trkpt lat="23.47858018274247" lon="120.88906078220278"><ele>2695.293701171875</ele><time>2025-08-21T16:21:35Z</time></trkpt><trkpt lat="23.47857821015253" lon="120.88909165776651"><ele>2696.244873046875</ele><time>2025-08-21T16:21:40Z</time></trkpt><trkpt lat="23.478536639505805" lon="120.88918500360525"><ele>2697.65869140625</ele><time>2025-08-21T16:21:58Z</time></trkpt><trkpt lat="23.478488167692266" lon="120.88923076043541"><ele>2697.65869140625</ele><time>2025-08-21T16:22:04Z</time></trkpt><trkpt lat="23.478463838263032" lon="120.88925884761315"><ele>2698.57275390625</ele><time>2025-08-21T16:22:10Z</time></trkpt><trkpt lat="23.478442284525425" lon="120.88928859689692"><ele>2699.2255859375</ele><time>2025-08-21T16:22:18Z</time></trkpt><trkpt lat="23.47841278952602" lon="120.88934809183586"><ele>2700.12109375</ele><time>2025-08-21T16:22:23Z</time></trkpt><trkpt lat="23.478392963747176" lon="120.88941688941735"><ele>2700.847900390625</ele><time>2025-08-21T16:22:27Z</time></trkpt><trkpt lat="23.4783700538622" lon="120.88948000282211"><ele>2701.26806640625</ele><time>2025-08-21T16:22:31Z</time></trkpt><trkpt lat="23.47834958580463" lon="120.88954191343655"><ele>2701.28369140625</ele><time>2025-08-21T16:22:36Z</time></trkpt><trkpt lat="23.47834932031895" lon="120.88962578785028"><ele>2702.03955078125</ele><time>2025-08-21T16:22:42Z</time></trkpt><trkpt lat="23.478372288668673" lon="120.88968545543959"><ele>2702.8427734375</ele><time>2025-08-21T16:22:48Z</time></trkpt><trkpt lat="23.47839764139864" lon="120.88973718538779"><ele>2703.55078125</ele><time>2025-08-21T16:22:53Z</time></trkpt><trkpt lat="23.478426650246426" lon="120.88978664211707"><ele>2703.35009765625</ele><time>2025-08-21T16:22:58Z</time></trkpt><trkpt lat="23.47846167936477" lon="120.88983588737844"><ele>2704.317138671875</ele><time>2025-08-21T16:23:02Z</time></trkpt><trkpt lat="23.478500318633746" lon="120.88988728932725"><ele>2704.887939453125</ele><time>2025-08-21T16:23:08Z</time></trkpt><trkpt lat="23.478525938078914" lon="120.88993892743173"><ele>2705.17578125</ele><time>2025-08-21T16:23:14Z</time></trkpt><trkpt lat="23.478563421326115" lon="120.88998491579211"><ele>2705.736083984375</ele><time>2025-08-21T16:23:21Z</time></trkpt><trkpt lat="23.478604941829797" lon="120.89002271561883"><ele>2706.2724609375</ele><time>2025-08-21T16:23:27Z</time></trkpt><trkpt lat="23.47865350914471" lon="120.8900491048968"><ele>2706.898681640625</ele><time>2025-08-21T16:23:33Z</time></trkpt><trkpt lat="23.478708177834655" lon="120.89008539553286"><ele>2707.675537109375</ele><time>2025-08-21T16:23:40Z</time></trkpt><trkpt lat="23.47873333926833" lon="120.89012940787477"><ele>2707.7255859375</ele><time>2025-08-21T16:23:46Z</time></trkpt><trkpt lat="23.478742812588845" lon="120.89019468962292"><ele>2709.102294921875</ele><time>2025-08-21T16:23:55Z</time></trkpt><trkpt lat="23.478716119717326" lon="120.89018281485248"><ele>2709.07861328125</ele><time>2025-08-21T16:24:01Z</time></trkpt><trkpt lat="23.478722649327974" lon="120.89021714991654"><ele>2710.19091796875</ele><time>2025-08-21T16:24:10Z</time></trkpt><trkpt lat="23.4787389042927" lon="120.89026570371745"><ele>2710.785400390625</ele><time>2025-08-21T16:24:19Z</time></trkpt><trkpt lat="23.47876019012695" lon="120.89032709614453"><ele>2711.71826171875</ele><time>2025-08-21T16:24:24Z</time></trkpt><trkpt lat="23.47874503362977" lon="120.89042652318012"><ele>2712.679931640625</ele><time>2025-08-21T16:24:34Z</time></trkpt><trkpt lat="23.47874222045361" lon="120.89044751295147"><ele>2713.456787109375</ele><time>2025-08-21T16:24:41Z</time></trkpt><trkpt lat="23.478731914764506" lon="120.89049759271109"><ele>2714.03271484375</ele><time>2025-08-21T16:24:45Z</time></trkpt><trkpt lat="23.478694501448416" lon="120.89058236198164"><ele>2714.851806640625</ele><time>2025-08-21T16:24:52Z</time></trkpt><trkpt lat="23.47864854117694" lon="120.89067607502118"><ele>2715.145263671875</ele><time>2025-08-21T16:24:58Z</time></trkpt><trkpt lat="23.47859904627457" lon="120.89071711829388"><ele>2716.656494140625</ele><time>2025-08-21T16:25:10Z</time></trkpt><trkpt lat="23.478542666541117" lon="120.89072511776338"><ele>2717.50732421875</ele><time>2025-08-21T16:25:16Z</time></trkpt><trkpt lat="23.478481983351674" lon="120.8907375668243"><ele>2717.50732421875</ele><time>2025-08-21T16:25:22Z</time></trkpt><trkpt lat="23.4784206125825" lon="120.89075985660084"><ele>2718.281494140625</ele><time>2025-08-21T16:25:28Z</time></trkpt><trkpt lat="23.478356039231453" lon="120.89078900576472"><ele>2718.662109375</ele><time>2025-08-21T16:25:34Z</time></trkpt><trkpt lat="23.478303896638852" lon="120.89082404347415"><ele>2719.327880859375</ele><time>2025-08-21T16:25:40Z</time></trkpt><trkpt lat="23.478276732431077" lon="120.89083313632509"><ele>2720.3134765625</ele><time>2025-08-21T16:25:52Z</time></trkpt><trkpt lat="23.47819011805135" lon="120.89089549318116"><ele>2721.5712890625</ele><time>2025-08-21T16:26:04Z</time></trkpt><trkpt lat="23.478176358783347" lon="120.89093553151115"><ele>2721.531494140625</ele><time>2025-08-21T16:26:10Z</time></trkpt><trkpt lat="23.478163893584696" lon="120.89102127546025"><ele>2721.737548828125</ele><time>2025-08-21T16:26:16Z</time></trkpt><trkpt lat="23.47818962686793" lon="120.89110943989456"><ele>2721.402099609375</ele><time>2025-08-21T16:26:28Z</time></trkpt><trkpt lat="23.47820005781875" lon="120.8911595653305"><ele>2721.409912109375</ele><time>2025-08-21T16:26:34Z</time></trkpt><trkpt lat="23.478216659211242" lon="120.89120058088223"><ele>2721.3095703125</ele><time>2025-08-21T16:26:43Z</time></trkpt><trkpt lat="23.478272509902805" lon="120.89131413958152"><ele>2721.66357421875</ele><time>2025-08-21T16:26:52Z</time></trkpt><trkpt lat="23.478351712038105" lon="120.89146515306119"><ele>2721.35986328125</ele><time>2025-08-21T16:26:58Z</time></trkpt><trkpt lat="23.47841046413012" lon="120.89154851784271"><ele>2721.35986328125</ele><time>2025-08-21T16:27:04Z</time></trkpt><trkpt lat="23.47844208186058" lon="120.89159174001416"><ele>2721.14306640625</ele><time>2025-08-21T16:27:13Z</time></trkpt><trkpt lat="23.478487130265872" lon="120.89164400597147"><ele>2720.98193359375</ele><time>2025-08-21T16:27:16Z</time></trkpt><trkpt lat="23.47859465648847" lon="120.8917237152548"><ele>2720.797119140625</ele><time>2025-08-21T16:27:28Z</time></trkpt><trkpt lat="23.478747674092446" lon="120.89175085482402"><ele>2720.33984375</ele><time>2025-08-21T16:27:40Z</time></trkpt><trkpt lat="23.478815150022694" lon="120.8917639897239"><ele>2719.21435546875</ele><time>2025-08-21T16:27:51Z</time></trkpt><trkpt lat="23.4789013194133" lon="120.89181183785374"><ele>2719.269775390625</ele><time>2025-08-21T16:27:58Z</time></trkpt><trkpt lat="23.478926787824925" lon="120.89182205194446"><ele>2718.59326171875</ele><time>2025-08-21T16:28:17Z</time></trkpt><trkpt lat="23.47902434174873" lon="120.89190599215078"><ele>2718.37939453125</ele><time>2025-08-21T16:28:22Z</time></trkpt><trkpt lat="23.47906565141784" lon="120.89194387277368"><ele>2716.9736328125</ele><time>2025-08-21T16:28:28Z</time></trkpt><trkpt lat="23.479176476150432" lon="120.89204320455607"><ele>2716.49267578125</ele><time>2025-08-21T16:28:34Z</time></trkpt><trkpt lat="23.4792548412282" lon="120.8921021247438"><ele>2715.737060546875</ele><time>2025-08-21T16:28:40Z</time></trkpt><trkpt lat="23.47926683895184" lon="120.89211213120018"><ele>2715.45703125</ele><time>2025-08-21T16:28:46Z</time></trkpt><trkpt lat="23.47933213849037" lon="120.89215755370383"><ele>2714.286376953125</ele><time>2025-08-21T16:28:53Z</time></trkpt><trkpt lat="23.479408180211717" lon="120.8922032021133"><ele>2714.236328125</ele><time>2025-08-21T16:28:56Z</time></trkpt><trkpt lat="23.479496107423635" lon="120.89224493901747"><ele>2713.22412109375</ele><time>2025-08-21T16:29:00Z</time></trkpt><trkpt lat="23.479608288258103" lon="120.89229989591446"><ele>2712.859619140625</ele><time>2025-08-21T16:29:04Z</time></trkpt><trkpt lat="23.479686327532825" lon="120.89234203278808"><ele>2712.41845703125</ele><time>2025-08-21T16:29:10Z</time></trkpt><trkpt lat="23.479699832787556" lon="120.89235066404888"><ele>2711.578125</ele><time>2025-08-21T16:29:16Z</time></trkpt><trkpt lat="23.479781464880023" lon="120.89240854194277"><ele>2710.777587890625</ele><time>2025-08-21T16:29:23Z</time></trkpt><trkpt lat="23.47983405677699" lon="120.89244946737378"><ele>2710.605712890625</ele><time>2025-08-21T16:29:26Z</time></trkpt><trkpt lat="23.47987405406344" lon="120.89248351364051"><ele>2709.852783203125</ele><time>2025-08-21T16:29:29Z</time></trkpt><trkpt lat="23.47993347319046" lon="120.89253884403679"><ele>2709.725830078125</ele><time>2025-08-21T16:29:33Z</time></trkpt><trkpt lat="23.48000746571917" lon="120.89263159709365"><ele>2709.152587890625</ele><time>2025-08-21T16:29:40Z</time></trkpt><trkpt lat="23.480023600521008" lon="120.89264825971027"><ele>2708.169677734375</ele><time>2025-08-21T16:29:46Z</time></trkpt><trkpt lat="23.48005885548133" lon="120.89268229552903"><ele>2708.1748046875</ele><time>2025-08-21T16:29:50Z</time></trkpt><trkpt lat="23.480109534100343" lon="120.8927398845642"><ele>2707.136474609375</ele><time>2025-08-21T16:29:55Z</time></trkpt><trkpt lat="23.480163002210592" lon="120.89279193397083"><ele>2706.296142578125</ele><time>2025-08-21T16:30:02Z</time></trkpt><trkpt lat="23.480203446815082" lon="120.89287621332134"><ele>2706.13232421875</ele><time>2025-08-21T16:30:07Z</time></trkpt><trkpt lat="23.480222878613382" lon="120.89295459485452"><ele>2705.183837890625</ele><time>2025-08-21T16:30:14Z</time></trkpt><trkpt lat="23.480193513768867" lon="120.8929929451249"><ele>2704.16650390625</ele><time>2025-08-21T16:30:22Z</time></trkpt><trkpt lat="23.48015783278974" lon="120.89305101111941"><ele>2703.2099609375</ele><time>2025-08-21T16:30:28Z</time></trkpt><trkpt lat="23.480134259219238" lon="120.89309586157736"><ele>2701.56396484375</ele><time>2025-08-21T16:30:34Z</time></trkpt><trkpt lat="23.48009751870549" lon="120.89317292603022"><ele>2701.344482421875</ele><time>2025-08-21T16:30:41Z</time></trkpt><trkpt lat="23.480036531039175" lon="120.89330966642054"><ele>2700.303466796875</ele><time>2025-08-21T16:30:46Z</time></trkpt><trkpt lat="23.480026955818357" lon="120.89334334328787"><ele>2699.6455078125</ele><time>2025-08-21T16:30:53Z</time></trkpt><trkpt lat="23.479994659350343" lon="120.89341681429191"><ele>2699.62451171875</ele><time>2025-08-21T16:30:58Z</time></trkpt><trkpt lat="23.479958097774947" lon="120.89352105001996"><ele>2685.073486328125</ele><time>2025-08-21T16:31:06Z</time></trkpt><trkpt lat="23.4799058352548" lon="120.89358050132213"><ele>2684.399658203125</ele><time>2025-08-21T16:31:12Z</time></trkpt><trkpt lat="23.479847810488746" lon="120.89365294794463"><ele>2683.749755859375</ele><time>2025-08-21T16:31:15Z</time></trkpt><trkpt lat="23.479737030046277" lon="120.8938191072251"><ele>2682.43115234375</ele><time>2025-08-21T16:31:20Z</time></trkpt><trkpt lat="23.479673390932405" lon="120.8938777712322"><ele>2676.87451171875</ele><time>2025-08-21T16:31:26Z</time></trkpt><trkpt lat="23.47961948046427" lon="120.89391578893193"><ele>2681.05712890625</ele><time>2025-08-21T16:31:32Z</time></trkpt><trkpt lat="23.47956521731442" lon="120.89393754582598"><ele>2682.042724609375</ele><time>2025-08-21T16:31:37Z</time></trkpt><trkpt lat="23.479511807213726" lon="120.89395032154975"><ele>2680.60546875</ele><time>2025-08-21T16:31:41Z</time></trkpt><trkpt lat="23.479466961972804" lon="120.89393561955517"><ele>2681.63330078125</ele><time>2025-08-21T16:31:50Z</time></trkpt><trkpt lat="23.479415108128258" lon="120.89395300153397"><ele>2674.842529296875</ele><time>2025-08-21T16:31:56Z</time></trkpt><trkpt lat="23.479375759102243" lon="120.89397026936773"><ele>2678.1904296875</ele><time>2025-08-21T16:32:08Z</time></trkpt><trkpt lat="23.479316625456903" lon="120.89400108405955"><ele>2678.111083984375</ele><time>2025-08-21T16:32:11Z</time></trkpt><trkpt lat="23.479240494004" lon="120.89404225658735"><ele>2677.8203125</ele><time>2025-08-21T16:32:15Z</time></trkpt><trkpt lat="23.47917644303209" lon="120.89408410883723"><ele>2677.783447265625</ele><time>2025-08-21T16:32:18Z</time></trkpt><trkpt lat="23.47911678327306" lon="120.89414409792634"><ele>2677.72802734375</ele><time>2025-08-21T16:32:23Z</time></trkpt><trkpt lat="23.479061023850623" lon="120.89423818770733"><ele>2677.379150390625</ele><time>2025-08-21T16:32:29Z</time></trkpt><trkpt lat="23.479037965159396" lon="120.89432145413886"><ele>2676.81103515625</ele><time>2025-08-21T16:32:36Z</time></trkpt><trkpt lat="23.47900796007788" lon="120.89439158529396"><ele>2676.158447265625</ele><time>2025-08-21T16:32:43Z</time></trkpt><trkpt lat="23.479001312718605" lon="120.8944507335847"><ele>2676.208740234375</ele><time>2025-08-21T16:32:49Z</time></trkpt><trkpt lat="23.479011698866394" lon="120.89450364362786"><ele>2675.875732421875</ele><time>2025-08-21T16:32:55Z</time></trkpt><trkpt lat="23.479039680838696" lon="120.89454715817432"><ele>2674.887451171875</ele><time>2025-08-21T16:32:59Z</time></trkpt><trkpt lat="23.479070908842502" lon="120.89460003514989"><ele>2674.655029296875</ele><time>2025-08-21T16:33:05Z</time></trkpt><trkpt lat="23.479107600093762" lon="120.8946455849567"><ele>2674.187255859375</ele><time>2025-08-21T16:33:09Z</time></trkpt><trkpt lat="23.479150751665006" lon="120.89469029143142"><ele>2673.243896484375</ele><time>2025-08-21T16:33:13Z</time></trkpt><trkpt lat="23.479193818499667" lon="120.89473167249685"><ele>2673.39990234375</ele><time>2025-08-21T16:33:19Z</time></trkpt><trkpt lat="23.479241668545885" lon="120.89476635847797"><ele>2672.2822265625</ele><time>2025-08-21T16:33:24Z</time></trkpt><trkpt lat="23.479285876766436" lon="120.8948105726384"><ele>2671.2041015625</ele><time>2025-08-21T16:33:29Z</time></trkpt><trkpt lat="23.47932998017856" lon="120.89488594173018"><ele>2670.26611328125</ele><time>2025-08-21T16:33:47Z</time></trkpt><trkpt lat="23.47937501362726" lon="120.89490793032975"><ele>2669.54736328125</ele><time>2025-08-21T16:33:51Z</time></trkpt><trkpt lat="23.479422972232967" lon="120.89493425003047"><ele>2669.373046875</ele><time>2025-08-21T16:33:54Z</time></trkpt><trkpt lat="23.47946073655197" lon="120.89498100930338"><ele>2668.989990234375</ele><time>2025-08-21T16:33:59Z</time></trkpt><trkpt lat="23.479497695068595" lon="120.89502767554205"><ele>2668.361083984375</ele><time>2025-08-21T16:34:05Z</time></trkpt><trkpt lat="23.47953445414648" lon="120.89507877404773"><ele>2667.769287109375</ele><time>2025-08-21T16:34:10Z</time></trkpt><trkpt lat="23.479568250198373" lon="120.89512698156261"><ele>2667.584228515625</ele><time>2025-08-21T16:34:14Z</time></trkpt><trkpt lat="23.479582356044183" lon="120.89518668301197"><ele>2667.5234375</ele><time>2025-08-21T16:34:18Z</time></trkpt><trkpt lat="23.479598607889557" lon="120.89524357200652"><ele>2667.010986328125</ele><time>2025-08-21T16:34:22Z</time></trkpt><trkpt lat="23.479627510744546" lon="120.89531123328112"><ele>2666.234130859375</ele><time>2025-08-21T16:34:27Z</time></trkpt><trkpt lat="23.4796416653005" lon="120.89537067694336"><ele>2666.099365234375</ele><time>2025-08-21T16:34:31Z</time></trkpt><trkpt lat="23.479646468611676" lon="120.89543164073517"><ele>2664.899658203125</ele><time>2025-08-21T16:34:36Z</time></trkpt><trkpt lat="23.479638059162365" lon="120.89548990965025"><ele>2664.833740234375</ele><time>2025-08-21T16:34:41Z</time></trkpt><trkpt lat="23.47961824207839" lon="120.89554166253981"><ele>2663.57861328125</ele><time>2025-08-21T16:34:45Z</time></trkpt><trkpt lat="23.479579207187644" lon="120.89559540709584"><ele>2663.84814453125</ele><time>2025-08-21T16:34:49Z</time></trkpt><trkpt lat="23.479539676622604" lon="120.89561675083401"><ele>2662.843994140625</ele><time>2025-08-21T16:34:53Z</time></trkpt><trkpt lat="23.47949457093066" lon="120.8956284642279"><ele>2662.7646484375</ele><time>2025-08-21T16:34:57Z</time></trkpt><trkpt lat="23.47944191783868" lon="120.89563129213985"><ele>2662.349853515625</ele><time>2025-08-21T16:35:00Z</time></trkpt><trkpt lat="23.47938875885737" lon="120.89561420115206"><ele>2662.6484375</ele><time>2025-08-21T16:35:04Z</time></trkpt><trkpt lat="23.479327926157016" lon="120.89560175510917"><ele>2662.4052734375</ele><time>2025-08-21T16:35:08Z</time></trkpt><trkpt lat="23.479279454215227" lon="120.89557372911297"><ele>2662.135986328125</ele><time>2025-08-21T16:35:12Z</time></trkpt><trkpt lat="23.479225509257834" lon="120.89555193309342"><ele>2661.26123046875</ele><time>2025-08-21T16:35:16Z</time></trkpt><trkpt lat="23.47916657816678" lon="120.89555483953151"><ele>2661.301025390625</ele><time>2025-08-21T16:35:20Z</time></trkpt><trkpt lat="23.479104981025255" lon="120.89557742222067"><ele>2660.80419921875</ele><time>2025-08-21T16:35:24Z</time></trkpt><trkpt lat="23.479043976456445" lon="120.89561024872219"><ele>2660.81201171875</ele><time>2025-08-21T16:35:29Z</time></trkpt><trkpt lat="23.478985001834317" lon="120.89563432107721"><ele>2660.21240234375</ele><time>2025-08-21T16:35:34Z</time></trkpt><trkpt lat="23.47892814091158" lon="120.8956524732345"><ele>2659.78955078125</ele><time>2025-08-21T16:35:39Z</time></trkpt><trkpt lat="23.47887663614672" lon="120.89566805939548"><ele>2659.927001953125</ele><time>2025-08-21T16:35:44Z</time></trkpt><trkpt lat="23.478819362937234" lon="120.89567876197184"><ele>2659.41162109375</ele><time>2025-08-21T16:35:49Z</time></trkpt><trkpt lat="23.478766730420215" lon="120.8956922346984"><ele>2658.534423828125</ele><time>2025-08-21T16:35:54Z</time></trkpt><trkpt lat="23.478712600764855" lon="120.89570610006932"><ele>2658.618896484375</ele><time>2025-08-21T16:35:58Z</time></trkpt><trkpt lat="23.478666430510746" lon="120.89572305421544"><ele>2657.950439453125</ele><time>2025-08-21T16:36:02Z</time></trkpt><trkpt lat="23.478607975644373" lon="120.89574304044359"><ele>2657.776123046875</ele><time>2025-08-21T16:36:08Z</time></trkpt><trkpt lat="23.478551935757302" lon="120.89576307743344"><ele>2656.61083984375</ele><time>2025-08-21T16:36:13Z</time></trkpt><trkpt lat="23.47850202564606" lon="120.8957971722865"><ele>2655.287109375</ele><time>2025-08-21T16:36:18Z</time></trkpt><trkpt lat="23.478467355187455" lon="120.8958435045207"><ele>2655.13916015625</ele><time>2025-08-21T16:36:23Z</time></trkpt><trkpt lat="23.478429825607748" lon="120.89589097108828"><ele>2654.61328125</ele><time>2025-08-21T16:36:29Z</time></trkpt><trkpt lat="23.47839551138118" lon="120.89594376491678"><ele>2654.1826171875</ele><time>2025-08-21T16:36:34Z</time></trkpt><trkpt lat="23.478370414157705" lon="120.89599798698247"><ele>2653.78369140625</ele><time>2025-08-21T16:36:39Z</time></trkpt><trkpt lat="23.47834478388359" lon="120.89605733595587"><ele>2653.662109375</ele><time>2025-08-21T16:36:44Z</time></trkpt><trkpt lat="23.478307500432162" lon="120.8961136160933"><ele>2653.14697265625</ele><time>2025-08-21T16:36:49Z</time></trkpt><trkpt lat="23.47828392120272" lon="120.89616568896271"><ele>2652.90380859375</ele><time>2025-08-21T16:36:52Z</time></trkpt><trkpt lat="23.478253551003995" lon="120.89621297722094"><ele>2652.1982421875</ele><time>2025-08-21T16:36:56Z</time></trkpt><trkpt lat="23.478225767791045" lon="120.89626679329605"><ele>2652.30126953125</ele><time>2025-08-21T16:37:00Z</time></trkpt><trkpt lat="23.478190485835817" lon="120.89632339265084"><ele>2651.326416015625</ele><time>2025-08-21T16:37:04Z</time></trkpt><trkpt lat="23.478146449093618" lon="120.89637345436226"><ele>2651.25244140625</ele><time>2025-08-21T16:37:08Z</time></trkpt><trkpt lat="23.47807814673588" lon="120.89637394909032"><ele>2650.094970703125</ele><time>2025-08-21T16:37:14Z</time></trkpt><trkpt lat="23.478059490786713" lon="120.89637665502497"><ele>2649.503173828125</ele><time>2025-08-21T16:37:19Z</time></trkpt><trkpt lat="23.47802742812717" lon="120.89637251893915"><ele>2649.54541015625</ele><time>2025-08-21T16:37:22Z</time></trkpt><trkpt lat="23.477926848935876" lon="120.89637361658446"><ele>2649.421142578125</ele><time>2025-08-21T16:37:26Z</time></trkpt><trkpt lat="23.47785697952274" lon="120.89640218094544"><ele>2648.91650390625</ele><time>2025-08-21T16:37:31Z</time></trkpt><trkpt lat="23.47782034908417" lon="120.89645095042648"><ele>2647.365478515625</ele><time>2025-08-21T16:37:35Z</time></trkpt><trkpt lat="23.477798749263357" lon="120.89650754710495"><ele>2647.29150390625</ele><time>2025-08-21T16:37:39Z</time></trkpt><trkpt lat="23.477778930932214" lon="120.89656626781515"><ele>2645.88330078125</ele><time>2025-08-21T16:37:43Z</time></trkpt><trkpt lat="23.47776079441796" lon="120.89661651517085"><ele>2645.904296875</ele><time>2025-08-21T16:37:46Z</time></trkpt><trkpt lat="23.477735066868433" lon="120.89667705275151"><ele>2644.38232421875</ele><time>2025-08-21T16:37:50Z</time></trkpt><trkpt lat="23.477657928528583" lon="120.8967337935843"><ele>2644.14208984375</ele><time>2025-08-21T16:37:56Z</time></trkpt><trkpt lat="23.47761662550849" lon="120.89677168397766"><ele>2642.355712890625</ele><time>2025-08-21T16:38:08Z</time></trkpt><trkpt lat="23.47756825378901" lon="120.89682792175678"><ele>2641.568359375</ele><time>2025-08-21T16:38:15Z</time></trkpt><trkpt lat="23.477524223927805" lon="120.89690288517266"><ele>2641.2197265625</ele><time>2025-08-21T16:38:20Z</time></trkpt><trkpt lat="23.4774745206152" lon="120.89696549582989"><ele>2640.474609375</ele><time>2025-08-21T16:38:24Z</time></trkpt><trkpt lat="23.477455931185418" lon="120.89701827158386"><ele>2640.384765625</ele><time>2025-08-21T16:38:27Z</time></trkpt><trkpt lat="23.477441892820448" lon="120.89711402205579"><ele>2639.592041015625</ele><time>2025-08-21T16:38:32Z</time></trkpt><trkpt lat="23.477438795213327" lon="120.8971556072425"><ele>2638.730712890625</ele><time>2025-08-21T16:38:38Z</time></trkpt><trkpt lat="23.477434966539207" lon="120.89722892199494"><ele>2638.2841796875</ele><time>2025-08-21T16:38:41Z</time></trkpt><trkpt lat="23.477443472339473" lon="120.89730517361413"><ele>2637.985595703125</ele><time>2025-08-21T16:38:45Z</time></trkpt><trkpt lat="23.477457922003687" lon="120.89737617847118"><ele>2637.3408203125</ele><time>2025-08-21T16:38:48Z</time></trkpt><trkpt lat="23.477484281246706" lon="120.8974455029355"><ele>2636.125244140625</ele><time>2025-08-21T16:38:53Z</time></trkpt><trkpt lat="23.47751254900942" lon="120.89750240247264"><ele>2635.18212890625</ele><time>2025-08-21T16:38:57Z</time></trkpt><trkpt lat="23.47753063672867" lon="120.8975642454414"><ele>2634.7197265625</ele><time>2025-08-21T16:39:01Z</time></trkpt><trkpt lat="23.477541755175363" lon="120.89762460082721"><ele>2633.387939453125</ele><time>2025-08-21T16:39:05Z</time></trkpt><trkpt lat="23.47752804786044" lon="120.89768098331241"><ele>2633.361572265625</ele><time>2025-08-21T16:39:10Z</time></trkpt><trkpt lat="23.477419032093714" lon="120.89774603392517"><ele>2632.188232421875</ele><time>2025-08-21T16:39:20Z</time></trkpt><trkpt lat="23.477342422785227" lon="120.89777755683335"><ele>2631.659912109375</ele><time>2025-08-21T16:39:26Z</time></trkpt><trkpt lat="23.47727154415189" lon="120.89780624625858"><ele>2631.665283203125</ele><time>2025-08-21T16:39:32Z</time></trkpt><trkpt lat="23.477270132230135" lon="120.89780858958142"><ele>2630.381103515625</ele><time>2025-08-21T16:39:38Z</time></trkpt><trkpt lat="23.477268324290684" lon="120.89781322608285"><ele>2629.95556640625</ele><time>2025-08-21T16:39:43Z</time></trkpt><trkpt lat="23.477078761178884" lon="120.89790412210861"><ele>2628.539306640625</ele><time>2025-08-21T16:39:50Z</time></trkpt><trkpt lat="23.477025093369605" lon="120.89792656310553"><ele>2626.8984375</ele><time>2025-08-21T16:39:59Z</time></trkpt><trkpt lat="23.476993621350715" lon="120.89794961332419"><ele>2626.734619140625</ele><time>2025-08-21T16:40:02Z</time></trkpt><trkpt lat="23.4769529166518" lon="120.89798803522145"><ele>2625.5615234375</ele><time>2025-08-21T16:40:10Z</time></trkpt><trkpt lat="23.47686458262774" lon="120.89809082121792"><ele>2624.602294921875</ele><time>2025-08-21T16:40:20Z</time></trkpt><trkpt lat="23.476850731245282" lon="120.89819016560612"><ele>2623.452880859375</ele><time>2025-08-21T16:40:26Z</time></trkpt><trkpt lat="23.476862738138827" lon="120.89835437968276"><ele>2623.450439453125</ele><time>2025-08-21T16:40:32Z</time></trkpt><trkpt lat="23.476862865791308" lon="120.89835892012164"><ele>2622.32470703125</ele><time>2025-08-21T16:40:37Z</time></trkpt><trkpt lat="23.47686334259038" lon="120.89836642646344"><ele>2622.166259765625</ele><time>2025-08-21T16:40:40Z</time></trkpt><trkpt lat="23.476865289466254" lon="120.89838646975322"><ele>2622.2666015625</ele><time>2025-08-21T16:40:43Z</time></trkpt><trkpt lat="23.4768867301785" lon="120.89849509632714"><ele>2621.59814453125</ele><time>2025-08-21T16:40:47Z</time></trkpt><trkpt lat="23.476937243210894" lon="120.89868313027463"><ele>2619.6455078125</ele><time>2025-08-21T16:40:56Z</time></trkpt><trkpt lat="23.476956500195122" lon="120.89872062334646"><ele>2620.002197265625</ele><time>2025-08-21T16:41:02Z</time></trkpt><trkpt lat="23.47698785043427" lon="120.89879264190202"><ele>2609.82421875</ele><time>2025-08-21T16:41:08Z</time></trkpt><trkpt lat="23.476980147559267" lon="120.89887229007742"><ele>2608.769775390625</ele><time>2025-08-21T16:41:14Z</time></trkpt><trkpt lat="23.47693569820916" lon="120.8989059374205"><ele>2608.215087890625</ele><time>2025-08-21T16:41:20Z</time></trkpt><trkpt lat="23.47693054916232" lon="120.89890755449666"><ele>2607.842529296875</ele><time>2025-08-21T16:41:26Z</time></trkpt><trkpt lat="23.476914512318142" lon="120.89890818800569"><ele>2607.0048828125</ele><time>2025-08-21T16:41:30Z</time></trkpt><trkpt lat="23.47687733513542" lon="120.89891227171012"><ele>2607.033935546875</ele><time>2025-08-21T16:41:33Z</time></trkpt><trkpt lat="23.47681139175726" lon="120.89897481267293"><ele>2606.74853515625</ele><time>2025-08-21T16:41:38Z</time></trkpt><trkpt lat="23.4767283694239" lon="120.89906312641028"><ele>2606.0087890625</ele><time>2025-08-21T16:41:44Z</time></trkpt><trkpt lat="23.476679184631045" lon="120.89910131743812"><ele>2606.082763671875</ele><time>2025-08-21T16:41:50Z</time></trkpt><trkpt lat="23.476625641561945" lon="120.89911934899013"><ele>2605.197509765625</ele><time>2025-08-21T16:41:58Z</time></trkpt><trkpt lat="23.476590619531386" lon="120.89912778367423"><ele>2605.371826171875</ele><time>2025-08-21T16:42:03Z</time></trkpt><trkpt lat="23.47652871073977" lon="120.8991377912931"><ele>2604.94384765625</ele><time>2025-08-21T16:42:08Z</time></trkpt><trkpt lat="23.476475742008954" lon="120.89916094740998"><ele>2604.41796875</ele><time>2025-08-21T16:42:12Z</time></trkpt><trkpt lat="23.476427051612553" lon="120.89920019746582"><ele>2604.31494140625</ele><time>2025-08-21T16:42:17Z</time></trkpt><trkpt lat="23.476376840464216" lon="120.89923723218956"><ele>2603.707275390625</ele><time>2025-08-21T16:42:23Z</time></trkpt><trkpt lat="23.47632578192742" lon="120.89927135215461"><ele>2603.244873046875</ele><time>2025-08-21T16:42:28Z</time></trkpt><trkpt lat="23.476270041974566" lon="120.89930786131248"><ele>2603.110107421875</ele><time>2025-08-21T16:42:34Z</time></trkpt><trkpt lat="23.47623084922311" lon="120.89934617818575"><ele>2602.172119140625</ele><time>2025-08-21T16:42:39Z</time></trkpt><trkpt lat="23.476189298663293" lon="120.89939692500111"><ele>2601.55908203125</ele><time>2025-08-21T16:42:44Z</time></trkpt><trkpt lat="23.47614367928448" lon="120.89943499706317"><ele>2601.524658203125</ele><time>2025-08-21T16:42:49Z</time></trkpt><trkpt lat="23.47610507500767" lon="120.89948100503575"><ele>2601.067626953125</ele><time>2025-08-21T16:42:55Z</time></trkpt><trkpt lat="23.476067390406516" lon="120.89954273773216"><ele>2600.734619140625</ele><time>2025-08-21T16:43:02Z</time></trkpt><trkpt lat="23.47603432462469" lon="120.8995971024196"><ele>2600.406982421875</ele><time>2025-08-21T16:43:11Z</time></trkpt><trkpt lat="23.476015491979872" lon="120.89964606361033"><ele>2599.730712890625</ele><time>2025-08-21T16:43:17Z</time></trkpt><trkpt lat="23.475981964559235" lon="120.89969375833415"><ele>2599.918212890625</ele><time>2025-08-21T16:43:22Z</time></trkpt><trkpt lat="23.475997280628338" lon="120.89968328268351"><ele>2600.135009765625</ele><time>2025-08-21T16:43:27Z</time></trkpt><trkpt lat="23.475999258025556" lon="120.89969024692849"><ele>2599.410888671875</ele><time>2025-08-21T16:43:34Z</time></trkpt><trkpt lat="23.4759524442178" lon="120.8997702965604"><ele>2598.67626953125</ele><time>2025-08-21T16:43:37Z</time></trkpt><trkpt lat="23.475888088323938" lon="120.89987574957402"><ele>2595.748779296875</ele><time>2025-08-21T16:43:40Z</time></trkpt><trkpt lat="23.475815800370224" lon="120.90006830161663"><ele>2598.819091796875</ele><time>2025-08-21T16:44:05Z</time></trkpt><trkpt lat="23.475807351195073" lon="120.90014434120648"><ele>2598.66064453125</ele><time>2025-08-21T16:44:10Z</time></trkpt><trkpt lat="23.47580784620874" lon="120.90020285706572"><ele>2598.692138671875</ele><time>2025-08-21T16:44:18Z</time></trkpt><trkpt lat="23.47581281121764" lon="120.90025954657997"><ele>2599.244384765625</ele><time>2025-08-21T16:44:24Z</time></trkpt><trkpt lat="23.475827081102754" lon="120.90032882988514"><ele>2599.939453125</ele><time>2025-08-21T16:44:31Z</time></trkpt><trkpt lat="23.47586073701293" lon="120.90039990297528"><ele>2600.31982421875</ele><time>2025-08-21T16:44:43Z</time></trkpt><trkpt lat="23.475900626775335" lon="120.9004346215986"><ele>2600.502197265625</ele><time>2025-08-21T16:44:52Z</time></trkpt><trkpt lat="23.475936609579726" lon="120.90050382524124"><ele>2600.7744140625</ele><time>2025-08-21T16:45:21Z</time></trkpt><trkpt lat="23.475952265150635" lon="120.9005481730163"><ele>2601.170654296875</ele><time>2025-08-21T16:45:27Z</time></trkpt><trkpt lat="23.475988758402472" lon="120.90059066905988"><ele>2602.177490234375</ele><time>2025-08-21T16:45:35Z</time></trkpt><trkpt lat="23.47602614195607" lon="120.9006393239753"><ele>2604.05615234375</ele><time>2025-08-21T16:45:45Z</time></trkpt><trkpt lat="23.476055528925595" lon="120.9006900223247"><ele>2605.10498046875</ele><time>2025-08-21T16:45:54Z</time></trkpt><trkpt lat="23.4760432259299" lon="120.9007468726145"><ele>2605.84228515625</ele><time>2025-08-21T16:46:07Z</time></trkpt><trkpt lat="23.476010786054246" lon="120.90080475958015"><ele>2606.642822265625</ele><time>2025-08-21T16:46:24Z</time></trkpt><trkpt lat="23.47599928866446" lon="120.90084684849059"><ele>2606.669189453125</ele><time>2025-08-21T16:46:27Z</time></trkpt><trkpt lat="23.47599935753168" lon="120.90089908644512"><ele>2607.60986328125</ele><time>2025-08-21T16:46:32Z</time></trkpt><trkpt lat="23.475997953833456" lon="120.90095605033429"><ele>2608.31005859375</ele><time>2025-08-21T16:46:38Z</time></trkpt><trkpt lat="23.47599201045024" lon="120.90101172316858"><ele>2608.690673828125</ele><time>2025-08-21T16:46:44Z</time></trkpt><trkpt lat="23.47597907277655" lon="120.90107060679622"><ele>2609.58642578125</ele><time>2025-08-21T16:46:51Z</time></trkpt><trkpt lat="23.475988556292467" lon="120.90113566001654"><ele>2610.104248046875</ele><time>2025-08-21T16:47:00Z</time></trkpt><trkpt lat="23.475978917074944" lon="120.9011929977967"><ele>2610.962890625</ele><time>2025-08-21T16:47:07Z</time></trkpt><trkpt lat="23.47596921429278" lon="120.9012527877171"><ele>2611.774169921875</ele><time>2025-08-21T16:47:11Z</time></trkpt><trkpt lat="23.475974193056565" lon="120.90131792035666"><ele>2612.4267578125</ele><time>2025-08-21T16:47:18Z</time></trkpt><trkpt lat="23.475998121703036" lon="120.90138003295297"><ele>2613.240478515625</ele><time>2025-08-21T16:47:29Z</time></trkpt><trkpt lat="23.47601847923494" lon="120.9014375636145"><ele>2615.05859375</ele><time>2025-08-21T16:47:39Z</time></trkpt><trkpt lat="23.476020902808788" lon="120.90149451656207"><ele>2615.42041015625</ele><time>2025-08-21T16:47:46Z</time></trkpt><trkpt lat="23.476021888274502" lon="120.90155040647161"><ele>2616.06787109375</ele><time>2025-08-21T16:47:53Z</time></trkpt><trkpt lat="23.476021159197835" lon="120.90161200383723"><ele>2617.016357421875</ele><time>2025-08-21T16:48:00Z</time></trkpt><trkpt lat="23.476003711429442" lon="120.90167748420218"><ele>2617.7060546875</ele><time>2025-08-21T16:48:09Z</time></trkpt><trkpt lat="23.475990038700605" lon="120.90174184151951"><ele>2618.377197265625</ele><time>2025-08-21T16:48:17Z</time></trkpt><trkpt lat="23.475961661292008" lon="120.9017925129749"><ele>2618.0654296875</ele><time>2025-08-21T16:48:28Z</time></trkpt><trkpt lat="23.4759242840781" lon="120.90181814770455"><ele>2617.19873046875</ele><time>2025-08-21T16:48:33Z</time></trkpt><trkpt lat="23.475878525763594" lon="120.90184028623086"><ele>2616.894775390625</ele><time>2025-08-21T16:48:40Z</time></trkpt><trkpt lat="23.47583840306221" lon="120.90188979011748"><ele>2616.1708984375</ele><time>2025-08-21T16:48:48Z</time></trkpt><trkpt lat="23.475820696676642" lon="120.90194803647545"><ele>2616.0888671875</ele><time>2025-08-21T16:48:54Z</time></trkpt><trkpt lat="23.475813366708643" lon="120.90200943627242"><ele>2616.3505859375</ele><time>2025-08-21T16:49:03Z</time></trkpt><trkpt lat="23.47581351559204" lon="120.90206614790499"><ele>2615.8642578125</ele><time>2025-08-21T16:49:11Z</time></trkpt><trkpt lat="23.475818157736587" lon="120.90212607300342"><ele>2616.24755859375</ele><time>2025-08-21T16:49:18Z</time></trkpt><trkpt lat="23.475819461273876" lon="120.90218225268795"><ele>2616.1337890625</ele><time>2025-08-21T16:49:25Z</time></trkpt><trkpt lat="23.475840232275313" lon="120.90223868395397"><ele>2616.892333984375</ele><time>2025-08-21T16:49:35Z</time></trkpt><trkpt lat="23.47586420879016" lon="120.90228836870791"><ele>2617.33349609375</ele><time>2025-08-21T16:49:42Z</time></trkpt><trkpt lat="23.475885776545212" lon="120.90234612468197"><ele>2617.8935546875</ele><time>2025-08-21T16:49:49Z</time></trkpt><trkpt lat="23.475889896434953" lon="120.90240425413506"><ele>2618.9267578125</ele><time>2025-08-21T16:49:58Z</time></trkpt><trkpt lat="23.47587658744788" lon="120.90245833880878"><ele>2619.397216796875</ele><time>2025-08-21T16:50:04Z</time></trkpt><trkpt lat="23.47583911618579" lon="120.90250167304208"><ele>2619.90185546875</ele><time>2025-08-21T16:50:10Z</time></trkpt><trkpt lat="23.47579860658427" lon="120.90254665357426"><ele>2620.406494140625</ele><time>2025-08-21T16:50:17Z</time></trkpt><trkpt lat="23.475783074366568" lon="120.90260520716627"><ele>2620.903076171875</ele><time>2025-08-21T16:50:23Z</time></trkpt><trkpt lat="23.475762893392748" lon="120.90265963939929"><ele>2621.38671875</ele><time>2025-08-21T16:50:30Z</time></trkpt><trkpt lat="23.475731286082773" lon="120.90271058419032"><ele>2622.6259765625</ele><time>2025-08-21T16:50:40Z</time></trkpt><trkpt lat="23.47570767602186" lon="120.90276601986675"><ele>2623.278564453125</ele><time>2025-08-21T16:50:48Z</time></trkpt><trkpt lat="23.475684045486158" lon="120.90281665849547"><ele>2623.91015625</ele><time>2025-08-21T16:50:53Z</time></trkpt><trkpt lat="23.475674564743144" lon="120.90287956657124"><ele>2624.66845703125</ele><time>2025-08-21T16:51:00Z</time></trkpt><trkpt lat="23.475660350950086" lon="120.9029476760858"><ele>2623.225830078125</ele><time>2025-08-21T16:51:12Z</time></trkpt><trkpt lat="23.475644947395473" lon="120.90299858803822"><ele>2623.70654296875</ele><time>2025-08-21T16:51:21Z</time></trkpt><trkpt lat="23.47564727240468" lon="120.90305170239758"><ele>2625.71484375</ele><time>2025-08-21T16:51:31Z</time></trkpt><trkpt lat="23.47561117370895" lon="120.9031008987038"><ele>2627.210205078125</ele><time>2025-08-21T16:51:47Z</time></trkpt><trkpt lat="23.475574734364816" lon="120.90314933233687"><ele>2627.8232421875</ele><time>2025-08-21T16:51:58Z</time></trkpt><trkpt lat="23.47553378893224" lon="120.90318200789771"><ele>2628.5869140625</ele><time>2025-08-21T16:52:06Z</time></trkpt><trkpt lat="23.47548679570705" lon="120.90321785659104"><ele>2628.859130859375</ele><time>2025-08-21T16:52:16Z</time></trkpt><trkpt lat="23.475477643538657" lon="120.90326882475276"><ele>2629.720458984375</ele><time>2025-08-21T16:52:24Z</time></trkpt><trkpt lat="23.47546259509076" lon="120.90332235159717"><ele>2630.328125</ele><time>2025-08-21T16:52:36Z</time></trkpt><trkpt lat="23.475434507032823" lon="120.90337297483097"><ele>2630.227783203125</ele><time>2025-08-21T16:52:44Z</time></trkpt><trkpt lat="23.475400977300605" lon="120.90342650830554"><ele>2630.330810546875</ele><time>2025-08-21T16:52:51Z</time></trkpt><trkpt lat="23.47537243028505" lon="120.90347826780906"><ele>2630.330810546875</ele><time>2025-08-21T16:52:59Z</time></trkpt><trkpt lat="23.47532779153315" lon="120.90351881265073"><ele>2629.92919921875</ele><time>2025-08-21T16:53:09Z</time></trkpt><trkpt lat="23.475286001419423" lon="120.90354597169853"><ele>2630.17236328125</ele><time>2025-08-21T16:53:16Z</time></trkpt><trkpt lat="23.475241978131855" lon="120.90357575639864"><ele>2630.2041015625</ele><time>2025-08-21T16:53:22Z</time></trkpt><trkpt lat="23.475195161294334" lon="120.90360753675438"><ele>2631.173828125</ele><time>2025-08-21T16:53:29Z</time></trkpt><trkpt lat="23.47514717276917" lon="120.90363254669653"><ele>2631.815673828125</ele><time>2025-08-21T16:53:35Z</time></trkpt><trkpt lat="23.475097038149702" lon="120.90365124326568"><ele>2632.14599609375</ele><time>2025-08-21T16:53:41Z</time></trkpt><trkpt lat="23.47503327900021" lon="120.90365569800169"><ele>2632.55029296875</ele><time>2025-08-21T16:53:51Z</time></trkpt><trkpt lat="23.474979820109915" lon="120.9036771905481"><ele>2632.418212890625</ele><time>2025-08-21T16:53:58Z</time></trkpt><trkpt lat="23.47493459413043" lon="120.90371828711508"><ele>2632.605712890625</ele><time>2025-08-21T16:54:05Z</time></trkpt><trkpt lat="23.474899907487405" lon="120.90376164239966"><ele>2632.817138671875</ele><time>2025-08-21T16:54:11Z</time></trkpt><trkpt lat="23.47486446230555" lon="120.90380726154882"><ele>2632.94140625</ele><time>2025-08-21T16:54:18Z</time></trkpt><trkpt lat="23.474844525254174" lon="120.90387040090735"><ele>2633.644287109375</ele><time>2025-08-21T16:54:27Z</time></trkpt><trkpt lat="23.47483119784522" lon="120.90392931034096"><ele>2634.2333984375</ele><time>2025-08-21T16:54:34Z</time></trkpt><trkpt lat="23.474813510311378" lon="120.9039887356968"><ele>2634.4130859375</ele><time>2025-08-21T16:54:40Z</time></trkpt><trkpt lat="23.474783149237904" lon="120.90404155455587"><ele>2634.960205078125</ele><time>2025-08-21T16:54:48Z</time></trkpt><trkpt lat="23.47475274846012" lon="120.9040891724106"><ele>2635.63916015625</ele><time>2025-08-21T16:54:54Z</time></trkpt><trkpt lat="23.474714927706945" lon="120.90413823144037"><ele>2636.37890625</ele><time>2025-08-21T16:55:01Z</time></trkpt><trkpt lat="23.47466108714925" lon="120.90417186336543"><ele>2637.885009765625</ele><time>2025-08-21T16:55:12Z</time></trkpt><trkpt lat="23.474609818807167" lon="120.9041982519399"><ele>2638.397705078125</ele><time>2025-08-21T16:55:22Z</time></trkpt><trkpt lat="23.474553697118218" lon="120.90420186397662"><ele>2637.737060546875</ele><time>2025-08-21T16:55:33Z</time></trkpt><trkpt lat="23.47449965945783" lon="120.9042133177742"><ele>2638.2734375</ele><time>2025-08-21T16:55:42Z</time></trkpt><trkpt lat="23.4744588306733" lon="120.90425006993732"><ele>2638.590576171875</ele><time>2025-08-21T16:55:53Z</time></trkpt><trkpt lat="23.47443356868864" lon="120.90429664782714"><ele>2638.8759765625</ele><time>2025-08-21T16:56:02Z</time></trkpt><trkpt lat="23.474398028130043" lon="120.90435212281194"><ele>2639.330322265625</ele><time>2025-08-21T16:56:12Z</time></trkpt><trkpt lat="23.474374667455926" lon="120.90439913060635"><ele>2639.66064453125</ele><time>2025-08-21T16:56:20Z</time></trkpt><trkpt lat="23.474341458742703" lon="120.90444522603971"><ele>2640.247314453125</ele><time>2025-08-21T16:56:28Z</time></trkpt><trkpt lat="23.474304801700512" lon="120.90449136451844"><ele>2640.44287109375</ele><time>2025-08-21T16:56:35Z</time></trkpt><trkpt lat="23.474278253435763" lon="120.90454536778857"><ele>2640.794189453125</ele><time>2025-08-21T16:56:43Z</time></trkpt><trkpt lat="23.474246859771373" lon="120.90459419110522"><ele>2640.75732421875</ele><time>2025-08-21T16:56:50Z</time></trkpt><trkpt lat="23.47421796245607" lon="120.90465650005328"><ele>2641.082275390625</ele><time>2025-08-21T16:56:58Z</time></trkpt><trkpt lat="23.474203159530287" lon="120.90471655053291"><ele>2641.296142578125</ele><time>2025-08-21T16:57:05Z</time></trkpt><trkpt lat="23.474177557842264" lon="120.90477566795236"><ele>2641.60009765625</ele><time>2025-08-21T16:57:17Z</time></trkpt><trkpt lat="23.474152532049395" lon="120.904830895543"><ele>2642.1259765625</ele><time>2025-08-21T16:57:29Z</time></trkpt><trkpt lat="23.474120572850826" lon="120.9048877733429"><ele>2643.013671875</ele><time>2025-08-21T16:57:40Z</time></trkpt><trkpt lat="23.474083819071396" lon="120.90492524076392"><ele>2643.3544921875</ele><time>2025-08-21T16:57:48Z</time></trkpt><trkpt lat="23.47404484014623" lon="120.90497577538629"><ele>2644.38232421875</ele><time>2025-08-21T16:57:59Z</time></trkpt><trkpt lat="23.47399644379977" lon="120.90502458715436"><ele>2646.419677734375</ele><time>2025-08-21T16:58:14Z</time></trkpt><trkpt lat="23.473935252354035" lon="120.90504106272728"><ele>2647.8623046875</ele><time>2025-08-21T16:58:37Z</time></trkpt><trkpt lat="23.473881188826628" lon="120.90503422189201"><ele>2647.909912109375</ele><time>2025-08-21T16:58:44Z</time></trkpt><trkpt lat="23.47383890740855" lon="120.90502845582282"><ele>2648.174072265625</ele><time>2025-08-21T16:58:49Z</time></trkpt><trkpt lat="23.473784030395027" lon="120.90504451254326"><ele>2648.224365234375</ele><time>2025-08-21T16:58:56Z</time></trkpt><trkpt lat="23.473742102411787" lon="120.90507160831213"><ele>2648.068359375</ele><time>2025-08-21T16:59:01Z</time></trkpt><trkpt lat="23.473700822321174" lon="120.90512080307042"><ele>2648.303466796875</ele><time>2025-08-21T16:59:09Z</time></trkpt><trkpt lat="23.473674842301595" lon="120.90516854273051"><ele>2648.5361328125</ele><time>2025-08-21T16:59:15Z</time></trkpt><trkpt lat="23.473649803956643" lon="120.9052245845963"><ele>2648.69189453125</ele><time>2025-08-21T16:59:22Z</time></trkpt><trkpt lat="23.473619442007696" lon="120.90528207962309"><ele>2649.08837890625</ele><time>2025-08-21T16:59:32Z</time></trkpt><trkpt lat="23.473595284003327" lon="120.90533583978626"><ele>2651.096435546875</ele><time>2025-08-21T16:59:42Z</time></trkpt><trkpt lat="23.47355657518567" lon="120.90537642364252"><ele>2651.8837890625</ele><time>2025-08-21T16:59:52Z</time></trkpt><trkpt lat="23.47352066593811" lon="120.90542504744651"><ele>2652.739990234375</ele><time>2025-08-21T17:00:01Z</time></trkpt><trkpt lat="23.473483000893903" lon="120.90547519297972"><ele>2653.89453125</ele><time>2025-08-21T17:00:12Z</time></trkpt><trkpt lat="23.47347844647902" lon="120.90553454867285"><ele>2654.8115234375</ele><time>2025-08-21T17:00:25Z</time></trkpt><trkpt lat="23.4734469759248" lon="120.90557183937496"><ele>2655.263427734375</ele><time>2025-08-21T17:00:33Z</time></trkpt><trkpt lat="23.47348383423199" lon="120.90557792987914"><ele>2659.105224609375</ele><time>2025-08-21T17:00:59Z</time></trkpt><trkpt lat="23.47347841094901" lon="120.90563916027004"><ele>2692.981689453125</ele><time>2025-08-21T17:01:45Z</time></trkpt><trkpt lat="23.473513101617986" lon="120.90567439499794"><ele>2695.0322265625</ele><time>2025-08-21T17:02:04Z</time></trkpt><trkpt lat="23.473564274188995" lon="120.90569636842743"><ele>2697.914794921875</ele><time>2025-08-21T17:02:25Z</time></trkpt><trkpt lat="23.47360095327257" lon="120.90567273936875"><ele>2698.69970703125</ele><time>2025-08-21T17:02:33Z</time></trkpt><trkpt lat="23.47363629304523" lon="120.90562087761352"><ele>2700.8955078125</ele><time>2025-08-21T17:02:51Z</time></trkpt><trkpt lat="23.47366616999491" lon="120.90557681468258"><ele>2702.09765625</ele><time>2025-08-21T17:03:00Z</time></trkpt><trkpt lat="23.473703869561493" lon="120.90553714289875"><ele>2703.01708984375</ele><time>2025-08-21T17:03:08Z</time></trkpt><trkpt lat="23.473747448564435" lon="120.90550411027745"><ele>2703.997314453125</ele><time>2025-08-21T17:03:16Z</time></trkpt><trkpt lat="23.473789029936295" lon="120.90546602601388"><ele>2704.845703125</ele><time>2025-08-21T17:03:25Z</time></trkpt><trkpt lat="23.47384206976086" lon="120.90547995727172"><ele>2706.62109375</ele><time>2025-08-21T17:03:40Z</time></trkpt><trkpt lat="23.47388725058204" lon="120.90548266088604"><ele>2707.220947265625</ele><time>2025-08-21T17:03:45Z</time></trkpt><trkpt lat="23.473939319529233" lon="120.90546259979115"><ele>2707.947509765625</ele><time>2025-08-21T17:03:54Z</time></trkpt><trkpt lat="23.473996160881804" lon="120.90544732319871"><ele>2708.8564453125</ele><time>2025-08-21T17:04:04Z</time></trkpt><trkpt lat="23.474051600409346" lon="120.90544074079853"><ele>2709.5673828125</ele><time>2025-08-21T17:04:13Z</time></trkpt><trkpt lat="23.474110214287986" lon="120.90543404141415"><ele>2711.274169921875</ele><time>2025-08-21T17:04:23Z</time></trkpt><trkpt lat="23.474090717274045" lon="120.9054659446824"><ele>2712.346923828125</ele><time>2025-08-21T17:04:36Z</time></trkpt><trkpt lat="23.474051740505317" lon="120.9054960736992"><ele>2713.27978515625</ele><time>2025-08-21T17:04:44Z</time></trkpt><trkpt lat="23.47400472304179" lon="120.90552807686828"><ele>2714.933837890625</ele><time>2025-08-21T17:04:55Z</time></trkpt><trkpt lat="23.473951068641806" lon="120.90554554525217"><ele>2715.916748046875</ele><time>2025-08-21T17:05:05Z</time></trkpt><trkpt lat="23.47390786761805" lon="120.90558483421766"><ele>2717.774169921875</ele><time>2025-08-21T17:05:18Z</time></trkpt><trkpt lat="23.473883977952486" lon="120.90564480394922"><ele>2719.861572265625</ele><time>2025-08-21T17:05:37Z</time></trkpt><trkpt lat="23.473848078296935" lon="120.90567896835714"><ele>2720.51953125</ele><time>2025-08-21T17:05:47Z</time></trkpt><trkpt lat="23.47380837735121" lon="120.90572604586214"><ele>2722.73388671875</ele><time>2025-08-21T17:06:03Z</time></trkpt><trkpt lat="23.473795712084964" lon="120.90577127404055"><ele>2722.88427734375</ele><time>2025-08-21T17:06:10Z</time></trkpt><trkpt lat="23.47378848411697" lon="120.90584162254059"><ele>2725.080078125</ele><time>2025-08-21T17:06:21Z</time></trkpt><trkpt lat="23.473772353920616" lon="120.9059006241755"><ele>2725.8623046875</ele><time>2025-08-21T17:06:29Z</time></trkpt><trkpt lat="23.47374374111892" lon="120.90595246922943"><ele>2726.765869140625</ele><time>2025-08-21T17:06:37Z</time></trkpt><trkpt lat="23.473717294552095" lon="120.90599843574593"><ele>2727.7119140625</ele><time>2025-08-21T17:06:43Z</time></trkpt><trkpt lat="23.473675817545747" lon="120.90605938057638"><ele>2729.328857421875</ele><time>2025-08-21T17:07:01Z</time></trkpt><trkpt lat="23.473701273919307" lon="120.90603703421354"><ele>2730.73193359375</ele><time>2025-08-21T17:07:19Z</time></trkpt><trkpt lat="23.473750488552145" lon="120.90603262888355"><ele>2732.552490234375</ele><time>2025-08-21T17:07:30Z</time></trkpt><trkpt lat="23.473803922117728" lon="120.90603745691473"><ele>2733.42431640625</ele><time>2025-08-21T17:07:42Z</time></trkpt><trkpt lat="23.473816873694947" lon="120.90599198660416"><ele>2734.550048828125</ele><time>2025-08-21T17:07:52Z</time></trkpt><trkpt lat="23.473842837091045" lon="120.90594055349167"><ele>2736.201416015625</ele><time>2025-08-21T17:08:06Z</time></trkpt><trkpt lat="23.47388551766151" lon="120.90593016625749"><ele>2736.89111328125</ele><time>2025-08-21T17:08:14Z</time></trkpt><trkpt lat="23.473940513002308" lon="120.9058983709023"><ele>2738.378662109375</ele><time>2025-08-21T17:08:25Z</time></trkpt><trkpt lat="23.473988890133644" lon="120.90587064687779"><ele>2739.4013671875</ele><time>2025-08-21T17:08:33Z</time></trkpt><trkpt lat="23.474040373322087" lon="120.90585326055786"><ele>2740.439697265625</ele><time>2025-08-21T17:08:43Z</time></trkpt><trkpt lat="23.474097336174385" lon="120.90583276708345"><ele>2741.197998046875</ele><time>2025-08-21T17:08:53Z</time></trkpt><trkpt lat="23.47415470230246" lon="120.90581192304084"><ele>2742.822998046875</ele><time>2025-08-21T17:09:07Z</time></trkpt><trkpt lat="23.474204206642202" lon="120.90579555745975"><ele>2743.7373046875</ele><time>2025-08-21T17:09:19Z</time></trkpt><trkpt lat="23.47425359012825" lon="120.9057674841639"><ele>2744.8046875</ele><time>2025-08-21T17:09:32Z</time></trkpt><trkpt lat="23.474302789746567" lon="120.90573432849999"><ele>2746.876220703125</ele><time>2025-08-21T17:09:42Z</time></trkpt><trkpt lat="23.474338801925104" lon="120.90569064184923"><ele>2747.5791015625</ele><time>2025-08-21T17:09:52Z</time></trkpt><trkpt lat="23.4743771936273" lon="120.90564504186774"><ele>2748.429931640625</ele><time>2025-08-21T17:10:04Z</time></trkpt><trkpt lat="23.474369359831908" lon="120.90568538678153"><ele>2752.2294921875</ele><time>2025-08-21T17:10:41Z</time></trkpt><trkpt lat="23.47436043330855" lon="120.9057275494599"><ele>2753.061767578125</ele><time>2025-08-21T17:10:49Z</time></trkpt><trkpt lat="23.474334698350194" lon="120.9057804192625"><ele>2754.1953125</ele><time>2025-08-21T17:10:59Z</time></trkpt><trkpt lat="23.474299715213384" lon="120.9058314487601"><ele>2754.596923828125</ele><time>2025-08-21T17:11:07Z</time></trkpt><trkpt lat="23.474248779810946" lon="120.90587045707258"><ele>2747.742919921875</ele><time>2025-08-21T17:11:25Z</time></trkpt><trkpt lat="23.474204734269193" lon="120.90589057084223"><ele>2748.61474609375</ele><time>2025-08-21T17:11:34Z</time></trkpt><trkpt lat="23.474163828806653" lon="120.90593016090655"><ele>2750.332275390625</ele><time>2025-08-21T17:11:47Z</time></trkpt><trkpt lat="23.47412544874849" lon="120.90597126326261"><ele>2751.526611328125</ele><time>2025-08-21T17:11:55Z</time></trkpt><trkpt lat="23.474090388686935" lon="120.90604512859116"><ele>2756.26416015625</ele><time>2025-08-21T17:12:38Z</time></trkpt><trkpt lat="23.474065422417432" lon="120.90608428200704"><ele>2757.043701171875</ele><time>2025-08-21T17:12:42Z</time></trkpt><trkpt lat="23.474025050689225" lon="120.9061332771855"><ele>2758.22998046875</ele><time>2025-08-21T17:12:52Z</time></trkpt><trkpt lat="23.473995373150597" lon="120.90617805200705"><ele>2759.350341796875</ele><time>2025-08-21T17:13:03Z</time></trkpt><trkpt lat="23.473962651668025" lon="120.90623822746758"><ele>2761.02294921875</ele><time>2025-08-21T17:13:13Z</time></trkpt><trkpt lat="23.47395638232811" lon="120.90629362910519"><ele>2762.005859375</ele><time>2025-08-21T17:13:22Z</time></trkpt><trkpt lat="23.473934645692452" lon="120.90636470196439"><ele>2764.410400390625</ele><time>2025-08-21T17:13:44Z</time></trkpt><trkpt lat="23.473910767927773" lon="120.9064173461753"><ele>2764.938720703125</ele><time>2025-08-21T17:13:53Z</time></trkpt><trkpt lat="23.473863634099953" lon="120.90646760687001"><ele>2768.35791015625</ele><time>2025-08-21T17:14:20Z</time></trkpt><trkpt lat="23.473829093842724" lon="120.906508643465"><ele>2769.81640625</ele><time>2025-08-21T17:14:30Z</time></trkpt><trkpt lat="23.47380329159314" lon="120.90656415745705"><ele>2770.635498046875</ele><time>2025-08-21T17:14:38Z</time></trkpt><trkpt lat="23.473786470443457" lon="120.90662030020023"><ele>2771.22216796875</ele><time>2025-08-21T17:14:47Z</time></trkpt><trkpt lat="23.473760643431497" lon="120.90667608630184"><ele>2772.212890625</ele><time>2025-08-21T17:14:53Z</time></trkpt><trkpt lat="23.473728481059773" lon="120.90673096647554"><ele>2772.78369140625</ele><time>2025-08-21T17:15:01Z</time></trkpt><trkpt lat="23.47371426125661" lon="120.9067923319718"><ele>2773.06640625</ele><time>2025-08-21T17:15:11Z</time></trkpt><trkpt lat="23.473711357528565" lon="120.90685322349862"><ele>2773.018798828125</ele><time>2025-08-21T17:15:22Z</time></trkpt><trkpt lat="23.473681801009832" lon="120.9068908255909"><ele>2773.481201171875</ele><time>2025-08-21T17:15:30Z</time></trkpt><trkpt lat="23.47364340730174" lon="120.90693638235709"><ele>2772.93701171875</ele><time>2025-08-21T17:15:39Z</time></trkpt><trkpt lat="23.473602159202276" lon="120.90697560909614"><ele>2772.8603515625</ele><time>2025-08-21T17:15:47Z</time></trkpt><trkpt lat="23.473569599823417" lon="120.9070192229019"><ele>2773.11669921875</ele><time>2025-08-21T17:15:54Z</time></trkpt><trkpt lat="23.473536491978493" lon="120.90707350964658"><ele>2773.814208984375</ele><time>2025-08-21T17:16:02Z</time></trkpt><trkpt lat="23.473505504652522" lon="120.90712877013114"><ele>2773.6953125</ele><time>2025-08-21T17:16:10Z</time></trkpt><trkpt lat="23.473473043395064" lon="120.90717178209015"><ele>2773.724365234375</ele><time>2025-08-21T17:16:16Z</time></trkpt><trkpt lat="23.473434560981676" lon="120.90720717730179"><ele>2773.436279296875</ele><time>2025-08-21T17:16:21Z</time></trkpt><trkpt lat="23.473392340805916" lon="120.90724760675495"><ele>2773.536865234375</ele><time>2025-08-21T17:16:26Z</time></trkpt><trkpt lat="23.473348631810204" lon="120.90728308751397"><ele>2773.92529296875</ele><time>2025-08-21T17:16:32Z</time></trkpt><trkpt lat="23.473304270788056" lon="120.9073424851066"><ele>2774.281982421875</ele><time>2025-08-21T17:16:49Z</time></trkpt><trkpt lat="23.473275825377147" lon="120.90737974164621"><ele>2774.313720703125</ele><time>2025-08-21T17:16:54Z</time></trkpt><trkpt lat="23.47324104162702" lon="120.90743291508116"><ele>2775.851318359375</ele><time>2025-08-21T17:17:03Z</time></trkpt><trkpt lat="23.473202304571245" lon="120.90749620776741"><ele>2783.582763671875</ele><time>2025-08-21T17:17:58Z</time></trkpt><trkpt lat="23.473243272427965" lon="120.90750031439995"><ele>2785.091552734375</ele><time>2025-08-21T17:18:13Z</time></trkpt><trkpt lat="23.473262088649964" lon="120.90755584907782"><ele>2789.089111328125</ele><time>2025-08-21T17:18:46Z</time></trkpt><trkpt lat="23.473301113067546" lon="120.90758720267291"><ele>2791.11572265625</ele><time>2025-08-21T17:19:03Z</time></trkpt><trkpt lat="23.473348559931146" lon="120.90762040372098"><ele>2793.853271484375</ele><time>2025-08-21T17:19:30Z</time></trkpt><trkpt lat="23.473388535541627" lon="120.90766609688905"><ele>2799.73486328125</ele><time>2025-08-21T17:20:11Z</time></trkpt><trkpt lat="23.47339674019177" lon="120.90770789486088"><ele>2800.522216796875</ele><time>2025-08-21T17:20:19Z</time></trkpt><trkpt lat="23.47340253939407" lon="120.90776743184755"><ele>2801.60302734375</ele><time>2025-08-21T17:20:27Z</time></trkpt><trkpt lat="23.473390436400912" lon="120.90782435167259"><ele>2802.459228515625</ele><time>2025-08-21T17:20:36Z</time></trkpt><trkpt lat="23.473364914340518" lon="120.90788951443386"><ele>2804.4541015625</ele><time>2025-08-21T17:20:53Z</time></trkpt><trkpt lat="23.47333903353754" lon="120.9079324533022"><ele>2805.222900390625</ele><time>2025-08-21T17:20:59Z</time></trkpt><trkpt lat="23.47326643297657" lon="120.90796603422417"><ele>2826.69921875</ele><time>2025-08-21T17:21:20Z</time></trkpt><trkpt lat="23.47324620829773" lon="120.90800579963789"><ele>2826.8974609375</ele><time>2025-08-21T17:21:25Z</time></trkpt><trkpt lat="23.473212478403884" lon="120.90806391209473"><ele>2825.84326171875</ele><time>2025-08-21T17:21:36Z</time></trkpt><trkpt lat="23.473203337560683" lon="120.90813211344044"><ele>2824.072998046875</ele><time>2025-08-21T17:21:49Z</time></trkpt><trkpt lat="23.47322242890415" lon="120.90818980865274"><ele>2822.199462890625</ele><time>2025-08-21T17:22:00Z</time></trkpt><trkpt lat="23.473199128102873" lon="120.90823941737565"><ele>2821.364501953125</ele><time>2025-08-21T17:22:11Z</time></trkpt><trkpt lat="23.473179832489514" lon="120.9082901585798"><ele>2820.117431640625</ele><time>2025-08-21T17:22:17Z</time></trkpt><trkpt lat="23.473175861827414" lon="120.90833869519061"><ele>2818.902099609375</ele><time>2025-08-21T17:22:21Z</time></trkpt><trkpt lat="23.473161167353137" lon="120.90839264106306"><ele>2819.205810546875</ele><time>2025-08-21T17:22:27Z</time></trkpt><trkpt lat="23.47311973210174" lon="120.90845869306442"><ele>2815.525146484375</ele><time>2025-08-21T17:22:52Z</time></trkpt><trkpt lat="23.473095736113308" lon="120.90850482777748"><ele>2814.83544921875</ele><time>2025-08-21T17:23:00Z</time></trkpt><trkpt lat="23.47302652444834" lon="120.90855657172318"><ele>2814.547607421875</ele><time>2025-08-21T17:23:25Z</time></trkpt><trkpt lat="23.47298426660935" lon="120.90858612154844"><ele>2814.84619140625</ele><time>2025-08-21T17:23:43Z</time></trkpt><trkpt lat="23.472988527369647" lon="120.90864267251035"><ele>2813.509033203125</ele><time>2025-08-21T17:24:29Z</time></trkpt><trkpt lat="23.472992784247875" lon="120.90868476208536"><ele>2812.3623046875</ele><time>2025-08-21T17:24:37Z</time></trkpt><trkpt lat="23.472971380799176" lon="120.90873367786016"><ele>2812.364990234375</ele><time>2025-08-21T17:24:40Z</time></trkpt><trkpt lat="23.472951860935357" lon="120.9087998622373"><ele>2811.413818359375</ele><time>2025-08-21T17:24:47Z</time></trkpt><trkpt lat="23.47294351573587" lon="120.90886076657449"><ele>2810.8193359375</ele><time>2025-08-21T17:24:52Z</time></trkpt><trkpt lat="23.472935904177454" lon="120.9089283154551"><ele>2809.603759765625</ele><time>2025-08-21T17:24:59Z</time></trkpt><trkpt lat="23.472912199628638" lon="120.90897465857384"><ele>2809.8388671875</ele><time>2025-08-21T17:25:03Z</time></trkpt><trkpt lat="23.472868335298678" lon="120.90901968334083"><ele>2808.86669921875</ele><time>2025-08-21T17:25:08Z</time></trkpt><trkpt lat="23.47282407492561" lon="120.9090606418619"><ele>2808.266845703125</ele><time>2025-08-21T17:25:14Z</time></trkpt><trkpt lat="23.4727859594767" lon="120.90910982718488"><ele>2808.364501953125</ele><time>2025-08-21T17:25:19Z</time></trkpt><trkpt lat="23.472734633015065" lon="120.90918308383883"><ele>2807.379150390625</ele><time>2025-08-21T17:25:31Z</time></trkpt><trkpt lat="23.47271280886505" lon="120.90921468463898"><ele>2806.737060546875</ele><time>2025-08-21T17:25:52Z</time></trkpt><trkpt lat="23.472681587897757" lon="120.90925891574449"><ele>2807.23095703125</ele><time>2025-08-21T17:25:58Z</time></trkpt><trkpt lat="23.47268612610822" lon="120.90925593015561"><ele>2807.199462890625</ele><time>2025-08-21T17:26:09Z</time></trkpt><trkpt lat="23.472661856979425" lon="120.90942187604949"><ele>2807.76220703125</ele><time>2025-08-21T17:26:19Z</time></trkpt><trkpt lat="23.47265413153659" lon="120.90947529002906"><ele>2807.212646484375</ele><time>2025-08-21T17:26:27Z</time></trkpt><trkpt lat="23.472625016260494" lon="120.90955344410928"><ele>2806.871826171875</ele><time>2025-08-21T17:26:31Z</time></trkpt><trkpt lat="23.472584993716914" lon="120.90963032832137"><ele>2806.56787109375</ele><time>2025-08-21T17:26:37Z</time></trkpt><trkpt lat="23.472574875833015" lon="120.90965204531834"><ele>2806.0869140625</ele><time>2025-08-21T17:26:44Z</time></trkpt><trkpt lat="23.47254773302358" lon="120.90971043208899"><ele>2806.237548828125</ele><time>2025-08-21T17:26:51Z</time></trkpt><trkpt lat="23.472491194995364" lon="120.90983108029425"><ele>2806.242919921875</ele><time>2025-08-21T17:27:01Z</time></trkpt><trkpt lat="23.472481536451024" lon="120.90986354047573"><ele>2806.602294921875</ele><time>2025-08-21T17:27:10Z</time></trkpt><trkpt lat="23.4724484788938" lon="120.91000217440389"><ele>2807.12548828125</ele><time>2025-08-21T17:27:19Z</time></trkpt><trkpt lat="23.47244166024578" lon="120.91002335896255"><ele>2807.56396484375</ele><time>2025-08-21T17:27:28Z</time></trkpt><trkpt lat="23.47239902004426" lon="120.9101708592366"><ele>2807.74365234375</ele><time>2025-08-21T17:27:49Z</time></trkpt><trkpt lat="23.472376711992577" lon="120.91027663084792"><ele>2807.785888671875</ele><time>2025-08-21T17:28:07Z</time></trkpt><trkpt lat="23.472336623807106" lon="120.91036007620002"><ele>2808.68701171875</ele><time>2025-08-21T17:28:19Z</time></trkpt><trkpt lat="23.472266575403527" lon="120.91044623913798"><ele>2810.30126953125</ele><time>2025-08-21T17:28:31Z</time></trkpt><trkpt lat="23.472192162168277" lon="120.91049571144792"><ele>2809.03564453125</ele><time>2025-08-21T17:28:55Z</time></trkpt><trkpt lat="23.472142040830278" lon="120.91049619777961"><ele>2809.17578125</ele><time>2025-08-21T17:29:29Z</time></trkpt><trkpt lat="23.472181765489196" lon="120.91050849615833"><ele>2810.22216796875</ele><time>2025-08-21T17:29:53Z</time></trkpt><trkpt lat="23.47222140794221" lon="120.91042754335811"><ele>2808.5654296875</ele><time>2025-08-21T17:30:18Z</time></trkpt><trkpt lat="23.47223029573662" lon="120.91041409607058"><ele>2809.231201171875</ele><time>2025-08-21T17:30:24Z</time></trkpt><trkpt lat="23.47223289877905" lon="120.9104078373772"><ele>2809.236572265625</ele><time>2025-08-21T17:30:29Z</time></trkpt><trkpt lat="23.472213975853126" lon="120.91044586431283"><ele>2809.23388671875</ele><time>2025-08-21T17:30:40Z</time></trkpt><trkpt lat="23.472158454358706" lon="120.9104483728407"><ele>2809.043701171875</ele><time>2025-08-21T17:31:05Z</time></trkpt><trkpt lat="23.472125220538167" lon="120.91049471228278"><ele>2799.230224609375</ele><time>2025-08-21T17:31:35Z</time></trkpt><trkpt lat="23.47217261475729" lon="120.91048430893537"><ele>2799.674072265625</ele><time>2025-08-21T17:32:23Z</time></trkpt><trkpt lat="23.47212539407995" lon="120.91052732784698"><ele>2800.083740234375</ele><time>2025-08-21T17:33:35Z</time></trkpt><trkpt lat="23.472068945413437" lon="120.91048945606876"><ele>2801.399658203125</ele><time>2025-08-21T17:33:53Z</time></trkpt><trkpt lat="23.472020083504425" lon="120.91051293519426"><ele>2803.772216796875</ele><time>2025-08-21T17:34:10Z</time></trkpt><trkpt lat="23.471965447993902" lon="120.91051889487657"><ele>2804.80810546875</ele><time>2025-08-21T17:34:25Z</time></trkpt><trkpt lat="23.471917420340457" lon="120.91053536368173"><ele>2806.0234375</ele><time>2025-08-21T17:34:38Z</time></trkpt><trkpt lat="23.471855587712835" lon="120.91053859440483"><ele>2807.19140625</ele><time>2025-08-21T17:34:47Z</time></trkpt><trkpt lat="23.471785228033458" lon="120.9105599130514"><ele>2808.126708984375</ele><time>2025-08-21T17:35:08Z</time></trkpt><trkpt lat="23.47174615705972" lon="120.91057819974999"><ele>2808.422607421875</ele><time>2025-08-21T17:35:14Z</time></trkpt><trkpt lat="23.47171024161973" lon="120.91061344879698"><ele>2807.619384765625</ele><time>2025-08-21T17:35:21Z</time></trkpt><trkpt lat="23.4716782449241" lon="120.91066163537204"><ele>2807.056640625</ele><time>2025-08-21T17:35:28Z</time></trkpt><trkpt lat="23.471644119635968" lon="120.9107051243445"><ele>2807.26806640625</ele><time>2025-08-21T17:35:35Z</time></trkpt><trkpt lat="23.471606253513162" lon="120.9107446823791"><ele>2807.373779296875</ele><time>2025-08-21T17:35:41Z</time></trkpt><trkpt lat="23.471564358008013" lon="120.91078673471452"><ele>2807.54541015625</ele><time>2025-08-21T17:35:45Z</time></trkpt><trkpt lat="23.471517671053967" lon="120.91083113204486"><ele>2807.962890625</ele><time>2025-08-21T17:35:51Z</time></trkpt><trkpt lat="23.471475658112507" lon="120.91087433142592"><ele>2808.0185546875</ele><time>2025-08-21T17:35:56Z</time></trkpt><trkpt lat="23.471452405340628" lon="120.91093600279233"><ele>2808.544189453125</ele><time>2025-08-21T17:36:04Z</time></trkpt><trkpt lat="23.471421023124165" lon="120.91098442133725"><ele>2808.858642578125</ele><time>2025-08-21T17:36:10Z</time></trkpt><trkpt lat="23.471376163459684" lon="120.91102571971383"><ele>2810.33837890625</ele><time>2025-08-21T17:36:22Z</time></trkpt><trkpt lat="23.471341737620953" lon="120.91108499877141"><ele>2810.803466796875</ele><time>2025-08-21T17:36:34Z</time></trkpt><trkpt lat="23.471337922920007" lon="120.91114202767314"><ele>2812.172119140625</ele><time>2025-08-21T17:36:46Z</time></trkpt><trkpt lat="23.471320777642532" lon="120.9112180606286"><ele>2812.925048828125</ele><time>2025-08-21T17:37:05Z</time></trkpt><trkpt lat="23.47132161340078" lon="120.9112901806436"><ele>2813.688720703125</ele><time>2025-08-21T17:37:17Z</time></trkpt><trkpt lat="23.47131187211677" lon="120.9113475493744"><ele>2814.523681640625</ele><time>2025-08-21T17:37:25Z</time></trkpt><trkpt lat="23.471290887987603" lon="120.91142531820425"><ele>2814.4814453125</ele><time>2025-08-21T17:37:30Z</time></trkpt><trkpt lat="23.471260730079543" lon="120.9115262396582"><ele>2815.02587890625</ele><time>2025-08-21T17:37:42Z</time></trkpt><trkpt lat="23.471221104120524" lon="120.91157146488517"><ele>2815.13671875</ele><time>2025-08-21T17:37:48Z</time></trkpt><trkpt lat="23.471195636305687" lon="120.91161071869074"><ele>2815.361328125</ele><time>2025-08-21T17:37:56Z</time></trkpt><trkpt lat="23.471140744924156" lon="120.91170980538611"><ele>2816.468505859375</ele><time>2025-08-21T17:38:12Z</time></trkpt><trkpt lat="23.47110694818458" lon="120.91175901317999"><ele>2817.163330078125</ele><time>2025-08-21T17:38:17Z</time></trkpt><trkpt lat="23.4710477838478" lon="120.91182120640157"><ele>2817.586181640625</ele><time>2025-08-21T17:38:30Z</time></trkpt><trkpt lat="23.471015376754778" lon="120.91188460763729"><ele>2818.349853515625</ele><time>2025-08-21T17:38:41Z</time></trkpt><trkpt lat="23.471033094901497" lon="120.91196717263125"><ele>2819.493896484375</ele><time>2025-08-21T17:38:53Z</time></trkpt><trkpt lat="23.471035249310628" lon="120.9120001720781"><ele>2819.95361328125</ele><time>2025-08-21T17:38:59Z</time></trkpt><trkpt lat="23.47110205991767" lon="120.91205609287657"><ele>2821.01318359375</ele><time>2025-08-21T17:39:18Z</time></trkpt><trkpt lat="23.47116389339181" lon="120.91210936154742"><ele>2821.768798828125</ele><time>2025-08-21T17:39:29Z</time></trkpt><trkpt lat="23.471179403899427" lon="120.91219667530412"><ele>2823.1904296875</ele><time>2025-08-21T17:39:47Z</time></trkpt><trkpt lat="23.471174364394706" lon="120.91226964750967"><ele>2824.767822265625</ele><time>2025-08-21T17:39:59Z</time></trkpt><trkpt lat="23.47114713081304" lon="120.91233717635002"><ele>2825.41259765625</ele><time>2025-08-21T17:40:12Z</time></trkpt><trkpt lat="23.47109972486984" lon="120.91240360987948"><ele>2826.564697265625</ele><time>2025-08-21T17:40:24Z</time></trkpt><trkpt lat="23.47107253406619" lon="120.91247169352359"><ele>2825.6767578125</ele><time>2025-08-21T17:40:48Z</time></trkpt><trkpt lat="23.47107111837197" lon="120.91247897864461"><ele>2826.881591796875</ele><time>2025-08-21T17:41:10Z</time></trkpt><trkpt lat="23.47105084757621" lon="120.91258393944243"><ele>2823.99365234375</ele><time>2025-08-21T17:41:17Z</time></trkpt><trkpt lat="23.47101960081509" lon="120.91266240430183"><ele>2824.144287109375</ele><time>2025-08-21T17:41:24Z</time></trkpt><trkpt lat="23.471010856263312" lon="120.91269787818374"><ele>2824.68603515625</ele><time>2025-08-21T17:41:35Z</time></trkpt><trkpt lat="23.470973319702118" lon="120.91281405400844"><ele>2824.3662109375</ele><time>2025-08-21T17:41:48Z</time></trkpt><trkpt lat="23.470914628267202" lon="120.91291736601126"><ele>2826.329345703125</ele><time>2025-08-21T17:44:42Z</time></trkpt><trkpt lat="23.470883938406274" lon="120.91293750803504"><ele>2827.19091796875</ele><time>2025-08-21T17:44:55Z</time></trkpt><trkpt lat="23.470785938953746" lon="120.91296875796856"><ele>2827.402099609375</ele><time>2025-08-21T17:45:05Z</time></trkpt><trkpt lat="23.470768491189876" lon="120.9129913917416"><ele>2827.920166015625</ele><time>2025-08-21T17:45:24Z</time></trkpt><trkpt lat="23.470775041171304" lon="120.91307877428851"><ele>2828.371826171875</ele><time>2025-08-21T17:45:36Z</time></trkpt><trkpt lat="23.4707834337998" lon="120.91319113219721"><ele>2828.839599609375</ele><time>2025-08-21T17:45:54Z</time></trkpt><trkpt lat="23.47078555013996" lon="120.91325136009651"><ele>2829.1513671875</ele><time>2025-08-21T17:46:06Z</time></trkpt><trkpt lat="23.47076933791815" lon="120.9133445059993"><ele>2829.296630859375</ele><time>2025-08-21T17:46:23Z</time></trkpt><trkpt lat="23.47076884227165" lon="120.91337752593238"><ele>2830.298095703125</ele><time>2025-08-21T17:46:30Z</time></trkpt><trkpt lat="23.470773054304942" lon="120.91343505287755"><ele>2831.325927734375</ele><time>2025-08-21T17:46:37Z</time></trkpt><trkpt lat="23.470773721712888" lon="120.91355558330277"><ele>2831.42626953125</ele><time>2025-08-21T17:46:41Z</time></trkpt><trkpt lat="23.470748184715916" lon="120.91368410251388"><ele>2832.70263671875</ele><time>2025-08-21T17:46:54Z</time></trkpt><trkpt lat="23.4706746127691" lon="120.91375736373007"><ele>2833.9736328125</ele><time>2025-08-21T17:47:12Z</time></trkpt><trkpt lat="23.470589690627985" lon="120.91377391014124"><ele>2835.0859375</ele><time>2025-08-21T17:47:23Z</time></trkpt><trkpt lat="23.47050033337578" lon="120.91378720951008"><ele>2836.502197265625</ele><time>2025-08-21T17:47:42Z</time></trkpt><trkpt lat="23.470450729772832" lon="120.91383186104339"><ele>2839.52490234375</ele><time>2025-08-21T17:48:18Z</time></trkpt><trkpt lat="23.470410851611184" lon="120.91390073854548"><ele>2839.7998046875</ele><time>2025-08-21T17:48:29Z</time></trkpt><trkpt lat="23.470396822624473" lon="120.91396284660473"><ele>2841.435302734375</ele><time>2025-08-21T17:48:48Z</time></trkpt><trkpt lat="23.470422950814864" lon="120.91419046011293"><ele>2846.33935546875</ele><time>2025-08-21T17:49:53Z</time></trkpt><trkpt lat="23.470424275245744" lon="120.91425606665264"><ele>2847.2138671875</ele><time>2025-08-21T17:50:28Z</time></trkpt><trkpt lat="23.470450599014857" lon="120.91435298715719"><ele>2849.359375</ele><time>2025-08-21T17:50:47Z</time></trkpt><trkpt lat="23.47048500853308" lon="120.91439739304734"><ele>2850.170654296875</ele><time>2025-08-21T17:50:59Z</time></trkpt><trkpt lat="23.4705157836911" lon="120.91445515556387"><ele>2850.392578125</ele><time>2025-08-21T17:51:12Z</time></trkpt><trkpt lat="23.470547708161913" lon="120.9144976410947"><ele>2847.05810546875</ele><time>2025-08-21T17:51:19Z</time></trkpt><trkpt lat="23.470585970589283" lon="120.9145522517082"><ele>2846.593017578125</ele><time>2025-08-21T17:51:35Z</time></trkpt><trkpt lat="23.470623762749696" lon="120.91458552249765"><ele>2845.869140625</ele><time>2025-08-21T17:51:44Z</time></trkpt><trkpt lat="23.470676962952474" lon="120.9146102796407"><ele>2844.915283203125</ele><time>2025-08-21T17:51:59Z</time></trkpt><trkpt lat="23.470718465880314" lon="120.91463613092041"><ele>2844.72216796875</ele><time>2025-08-21T17:52:07Z</time></trkpt><trkpt lat="23.470738478559067" lon="120.91468587962362"><ele>2844.31005859375</ele><time>2025-08-21T17:52:17Z</time></trkpt><trkpt lat="23.470776519289107" lon="120.91471014158566"><ele>2844.23876953125</ele><time>2025-08-21T17:52:24Z</time></trkpt><trkpt lat="23.47082817299257" lon="120.91476346230156"><ele>2844.76708984375</ele><time>2025-08-21T17:52:42Z</time></trkpt><trkpt lat="23.470844540565935" lon="120.9148298777222"><ele>2844.035400390625</ele><time>2025-08-21T17:52:57Z</time></trkpt><trkpt lat="23.47085605376671" lon="120.91485679951792"><ele>2844.66943359375</ele><time>2025-08-21T17:53:05Z</time></trkpt><trkpt lat="23.470911719703622" lon="120.91493590208808"><ele>2845.21630859375</ele><time>2025-08-21T17:53:15Z</time></trkpt><trkpt lat="23.470965301213766" lon="120.9149534285042"><ele>2845.48583984375</ele><time>2025-08-21T17:53:27Z</time></trkpt><trkpt lat="23.470989553353558" lon="120.91496868753639"><ele>2844.693115234375</ele><time>2025-08-21T17:53:59Z</time></trkpt><trkpt lat="23.47102442348523" lon="120.91504296627531"><ele>2844.80419921875</ele><time>2025-08-21T17:54:05Z</time></trkpt><trkpt lat="23.471038985157882" lon="120.9150134966264"><ele>2844.870361328125</ele><time>2025-08-21T17:54:35Z</time></trkpt><trkpt lat="23.471026195533142" lon="120.91500184950671"><ele>2845.04736328125</ele><time>2025-08-21T17:54:53Z</time></trkpt><trkpt lat="23.47102055340654" lon="120.91492465722581"><ele>2844.960205078125</ele><time>2025-08-21T17:55:42Z</time></trkpt><trkpt lat="23.471043160085735" lon="120.91495813157981"><ele>2844.761962890625</ele><time>2025-08-21T17:55:59Z</time></trkpt><trkpt lat="23.471071531685336" lon="120.91503057518261"><ele>2845.869140625</ele><time>2025-08-21T17:56:11Z</time></trkpt><trkpt lat="23.47109422891836" lon="120.91511428535316"><ele>2848.1572265625</ele><time>2025-08-21T17:56:29Z</time></trkpt><trkpt lat="23.47115671705781" lon="120.91518034863927"><ele>2847.832275390625</ele><time>2025-08-21T17:56:47Z</time></trkpt><trkpt lat="23.471220712154118" lon="120.91524718445659"><ele>2848.06201171875</ele><time>2025-08-21T17:57:06Z</time></trkpt><trkpt lat="23.47127729208999" lon="120.91529860572827"><ele>2849.206298828125</ele><time>2025-08-21T17:57:24Z</time></trkpt><trkpt lat="23.47129523815604" lon="120.91533297073852"><ele>2849.578857421875</ele><time>2025-08-21T17:57:31Z</time></trkpt><trkpt lat="23.47131693502208" lon="120.91539043846007"><ele>2849.95654296875</ele><time>2025-08-21T17:57:41Z</time></trkpt><trkpt lat="23.471334383750648" lon="120.91546835026004"><ele>2850.588134765625</ele><time>2025-08-21T17:57:54Z</time></trkpt><trkpt lat="23.471337884055337" lon="120.91552522129132"><ele>2851.385986328125</ele><time>2025-08-21T17:58:00Z</time></trkpt><trkpt lat="23.471327971524627" lon="120.91558848155941"><ele>2851.872314453125</ele><time>2025-08-21T17:58:07Z</time></trkpt><trkpt lat="23.471319339087927" lon="120.9156192896396"><ele>2852.707275390625</ele><time>2025-08-21T17:58:22Z</time></trkpt><trkpt lat="23.471312950959717" lon="120.9156657174502"><ele>2852.707275390625</ele><time>2025-08-21T17:58:26Z</time></trkpt><trkpt lat="23.4712968890835" lon="120.91575492746115"><ele>2853.96484375</ele><time>2025-08-21T17:58:34Z</time></trkpt><trkpt lat="23.47127791447747" lon="120.91582926159361"><ele>2854.622802734375</ele><time>2025-08-21T17:58:48Z</time></trkpt><trkpt lat="23.47125782436658" lon="120.91588505908811"><ele>2854.98486328125</ele><time>2025-08-21T17:58:55Z</time></trkpt><trkpt lat="23.471232480544728" lon="120.91594239577255"><ele>2855.225341796875</ele><time>2025-08-21T17:59:03Z</time></trkpt><trkpt lat="23.471195802472813" lon="120.915991208974"><ele>2855.426025390625</ele><time>2025-08-21T17:59:09Z</time></trkpt><trkpt lat="23.471144637059442" lon="120.91603419153323"><ele>2856.374755859375</ele><time>2025-08-21T17:59:20Z</time></trkpt><trkpt lat="23.471107273684904" lon="120.91607215744475"><ele>2857.3046875</ele><time>2025-08-21T17:59:37Z</time></trkpt><trkpt lat="23.471000159175613" lon="120.91612141617225"><ele>2858.726318359375</ele><time>2025-08-21T17:59:48Z</time></trkpt><trkpt lat="23.470964594263084" lon="120.91615190900187"><ele>2859.445068359375</ele><time>2025-08-21T18:00:00Z</time></trkpt><trkpt lat="23.470926501898003" lon="120.91620513495202"><ele>2860.018310546875</ele><time>2025-08-21T18:00:07Z</time></trkpt><trkpt lat="23.470854954310084" lon="120.91628235663806"><ele>2860.351318359375</ele><time>2025-08-21T18:00:17Z</time></trkpt><trkpt lat="23.470830254363783" lon="120.91634134648704"><ele>2860.40673828125</ele><time>2025-08-21T18:00:29Z</time></trkpt><trkpt lat="23.47079997883689" lon="120.9164496797318"><ele>2860.253662109375</ele><time>2025-08-21T18:00:48Z</time></trkpt><trkpt lat="23.470786400872054" lon="120.91648412403136"><ele>2860.0712890625</ele><time>2025-08-21T18:00:55Z</time></trkpt><trkpt lat="23.47076512809556" lon="120.91659578156822"><ele>2860.094970703125</ele><time>2025-08-21T18:01:05Z</time></trkpt><trkpt lat="23.47071105548041" lon="120.91668325148048"><ele>2869.715576171875</ele><time>2025-08-21T18:01:30Z</time></trkpt><trkpt lat="23.470681630468274" lon="120.91673289980606"><ele>2869.89794921875</ele><time>2025-08-21T18:01:42Z</time></trkpt><trkpt lat="23.470688794408023" lon="120.91679342477333"><ele>2870.944091796875</ele><time>2025-08-21T18:01:53Z</time></trkpt><trkpt lat="23.47070206137384" lon="120.91682207925979"><ele>2871.282470703125</ele><time>2025-08-21T18:02:00Z</time></trkpt><trkpt lat="23.47073502579792" lon="120.91691788939211"><ele>2870.6748046875</ele><time>2025-08-21T18:02:12Z</time></trkpt><trkpt lat="23.470766999227163" lon="120.91697303418604"><ele>2868.1328125</ele><time>2025-08-21T18:02:42Z</time></trkpt><trkpt lat="23.47077172779085" lon="120.91702035068107"><ele>2867.963623046875</ele><time>2025-08-21T18:02:54Z</time></trkpt><trkpt lat="23.47076358556606" lon="120.91705387121404"><ele>2867.98486328125</ele><time>2025-08-21T18:03:06Z</time></trkpt><trkpt lat="23.470718588793687" lon="120.91713652114066"><ele>2868.045654296875</ele><time>2025-08-21T18:03:12Z</time></trkpt><trkpt lat="23.47066273487071" lon="120.91720374319867"><ele>2867.982177734375</ele><time>2025-08-21T18:03:23Z</time></trkpt><trkpt lat="23.47061050693808" lon="120.91727738498366"><ele>2868.2939453125</ele><time>2025-08-21T18:03:35Z</time></trkpt><trkpt lat="23.4705817639056" lon="120.91730460601276"><ele>2868.341552734375</ele><time>2025-08-21T18:03:42Z</time></trkpt><trkpt lat="23.470518518827625" lon="120.91735617351564"><ele>2868.21728515625</ele><time>2025-08-21T18:03:47Z</time></trkpt><trkpt lat="23.47045877026" lon="120.91743973410819"><ele>2868.84619140625</ele><time>2025-08-21T18:04:00Z</time></trkpt><trkpt lat="23.470441475224643" lon="120.9174909118086"><ele>2869.25048828125</ele><time>2025-08-21T18:04:06Z</time></trkpt><trkpt lat="23.470441545995484" lon="120.91752056638578"><ele>2869.446044921875</ele><time>2025-08-21T18:04:11Z</time></trkpt><trkpt lat="23.47044560679881" lon="120.917591364264"><ele>2869.66259765625</ele><time>2025-08-21T18:04:18Z</time></trkpt><trkpt lat="23.47045463420681" lon="120.9176895768293"><ele>2870.198974609375</ele><time>2025-08-21T18:04:22Z</time></trkpt><trkpt lat="23.470468824719287" lon="120.91778626260184"><ele>2870.7802734375</ele><time>2025-08-21T18:04:28Z</time></trkpt><trkpt lat="23.47047077299535" lon="120.91785892613511"><ele>2871.417236328125</ele><time>2025-08-21T18:04:35Z</time></trkpt><trkpt lat="23.470459512831695" lon="120.91793495681152"><ele>2872.323486328125</ele><time>2025-08-21T18:04:51Z</time></trkpt><trkpt lat="23.470475684753556" lon="120.91799829824332"><ele>2873.581298828125</ele><time>2025-08-21T18:05:06Z</time></trkpt><trkpt lat="23.470495398094283" lon="120.9180641118907"><ele>2873.737060546875</ele><time>2025-08-21T18:05:19Z</time></trkpt><trkpt lat="23.470502415171406" lon="120.91800879894241"><ele>2874.03564453125</ele><time>2025-08-21T18:05:50Z</time></trkpt><trkpt lat="23.470510185674506" lon="120.91798003733135"><ele>2873.916748046875</ele><time>2025-08-21T18:05:55Z</time></trkpt><trkpt lat="23.470523199901354" lon="120.91793537516719"><ele>2873.5283203125</ele><time>2025-08-21T18:05:58Z</time></trkpt><trkpt lat="23.470537887928597" lon="120.91788729294142"><ele>2873.538818359375</ele><time>2025-08-21T18:06:01Z</time></trkpt><trkpt lat="23.47056187211352" lon="120.91780619580204"><ele>2873.404052734375</ele><time>2025-08-21T18:06:04Z</time></trkpt><trkpt lat="23.470582473244193" lon="120.91776179221088"><ele>2872.413330078125</ele><time>2025-08-21T18:06:08Z</time></trkpt><trkpt lat="23.47057900603295" lon="120.91783503649845"><ele>2872.278564453125</ele><time>2025-08-21T18:06:11Z</time></trkpt><trkpt lat="23.47056148214695" lon="120.91794264158789"><ele>2872.286376953125</ele><time>2025-08-21T18:06:14Z</time></trkpt><trkpt lat="23.470541164585352" lon="120.91810563325039"><ele>2871.879638671875</ele><time>2025-08-21T18:06:22Z</time></trkpt><trkpt lat="23.470567391985096" lon="120.91822653966109"><ele>2871.649658203125</ele><time>2025-08-21T18:06:33Z</time></trkpt><trkpt lat="23.47060969889184" lon="120.91826741484283"><ele>2872.1015625</ele><time>2025-08-21T18:06:43Z</time></trkpt><trkpt lat="23.470648314213577" lon="120.91830972656233"><ele>2872.149169921875</ele><time>2025-08-21T18:06:51Z</time></trkpt><trkpt lat="23.470696657056603" lon="120.91833475410164"><ele>2872.381591796875</ele><time>2025-08-21T18:06:59Z</time></trkpt><trkpt lat="23.470733567036582" lon="120.91837034194293"><ele>2872.44775390625</ele><time>2025-08-21T18:07:05Z</time></trkpt><trkpt lat="23.47078254373322" lon="120.91841190427114"><ele>2872.643310546875</ele><time>2025-08-21T18:07:12Z</time></trkpt><trkpt lat="23.47082986213308" lon="120.9184381908691"><ele>2872.579833984375</ele><time>2025-08-21T18:07:20Z</time></trkpt><trkpt lat="23.47088418543987" lon="120.91847076107508"><ele>2872.4794921875</ele><time>2025-08-21T18:07:28Z</time></trkpt><trkpt lat="23.47093334204231" lon="120.91849907962047"><ele>2872.2998046875</ele><time>2025-08-21T18:07:34Z</time></trkpt><trkpt lat="23.470993871792754" lon="120.91851070165818"><ele>2872.561279296875</ele><time>2025-08-21T18:07:42Z</time></trkpt><trkpt lat="23.471053227729545" lon="120.91850839831831"><ele>2873.9697265625</ele><time>2025-08-21T18:07:59Z</time></trkpt><trkpt lat="23.471094311858952" lon="120.9185010735715"><ele>2873.557373046875</ele><time>2025-08-21T18:08:06Z</time></trkpt><trkpt lat="23.471141101168183" lon="120.91848243512352"><ele>2873.134765625</ele><time>2025-08-21T18:08:15Z</time></trkpt><trkpt lat="23.47119976177763" lon="120.91846398938678"><ele>2872.785888671875</ele><time>2025-08-21T18:08:30Z</time></trkpt><trkpt lat="23.47125651870238" lon="120.9184349811543"><ele>2872.62744140625</ele><time>2025-08-21T18:08:42Z</time></trkpt><trkpt lat="23.471307244153458" lon="120.91845074355908"><ele>2872.445068359375</ele><time>2025-08-21T18:08:52Z</time></trkpt><trkpt lat="23.47135135301933" lon="120.91849214369704"><ele>2871.5810546875</ele><time>2025-08-21T18:09:09Z</time></trkpt><trkpt lat="23.47139365302385" lon="120.91852794263461"><ele>2871.713134765625</ele><time>2025-08-21T18:09:22Z</time></trkpt><trkpt lat="23.47143149132324" lon="120.91857762417251"><ele>2872.965576171875</ele><time>2025-08-21T18:09:32Z</time></trkpt><trkpt lat="23.471461519538607" lon="120.918637652269"><ele>2873.1611328125</ele><time>2025-08-21T18:09:38Z</time></trkpt><trkpt lat="23.471493167344814" lon="120.91869761311986"><ele>2873.961669921875</ele><time>2025-08-21T18:09:43Z</time></trkpt><trkpt lat="23.471513057677683" lon="120.91874635748864"><ele>2873.689453125</ele><time>2025-08-21T18:09:48Z</time></trkpt><trkpt lat="23.471537507540823" lon="120.91879193314625"><ele>2873.33544921875</ele><time>2025-08-21T18:09:52Z</time></trkpt><trkpt lat="23.47157482648308" lon="120.9188538007296"><ele>2872.965576171875</ele><time>2025-08-21T18:10:02Z</time></trkpt><trkpt lat="23.471583505855378" lon="120.91893265139332"><ele>2872.569091796875</ele><time>2025-08-21T18:10:27Z</time></trkpt><trkpt lat="23.47158112227595" lon="120.91897576526955"><ele>2872.130615234375</ele><time>2025-08-21T18:10:33Z</time></trkpt><trkpt lat="23.471579646091858" lon="120.91902914258536"><ele>2872.236328125</ele><time>2025-08-21T18:10:37Z</time></trkpt><trkpt lat="23.471585243477374" lon="120.91908361653933"><ele>2872.01708984375</ele><time>2025-08-21T18:10:41Z</time></trkpt><trkpt lat="23.4716009199326" lon="120.91914665137878"><ele>2872.01708984375</ele><time>2025-08-21T18:10:47Z</time></trkpt><trkpt lat="23.47160319159301" lon="120.91921305407546"><ele>2871.78173828125</ele><time>2025-08-21T18:10:55Z</time></trkpt><trkpt lat="23.471619094236484" lon="120.91926971716296"><ele>2871.84521484375</ele><time>2025-08-21T18:11:03Z</time></trkpt><trkpt lat="23.471630787195075" lon="120.91932859078297"><ele>2871.752685546875</ele><time>2025-08-21T18:11:09Z</time></trkpt><trkpt lat="23.47162320596171" lon="120.91939620655529"><ele>2871.314208984375</ele><time>2025-08-21T18:11:17Z</time></trkpt><trkpt lat="23.47160744696673" lon="120.91945200490969"><ele>2876.52197265625</ele><time>2025-08-21T18:11:24Z</time></trkpt><trkpt lat="23.471580908869516" lon="120.91949428871764"><ele>2875.583984375</ele><time>2025-08-21T18:11:29Z</time></trkpt><trkpt lat="23.47156456423138" lon="120.91955258031442"><ele>2875.28271484375</ele><time>2025-08-21T18:11:35Z</time></trkpt><trkpt lat="23.471563774679325" lon="120.91963226964958"><ele>2874.011962890625</ele><time>2025-08-21T18:11:51Z</time></trkpt><trkpt lat="23.47154604549323" lon="120.91968345121106"><ele>2873.108154296875</ele><time>2025-08-21T18:12:00Z</time></trkpt><trkpt lat="23.471510525876" lon="120.91971417988883"><ele>2872.14111328125</ele><time>2025-08-21T18:12:06Z</time></trkpt><trkpt lat="23.47147108677504" lon="120.91973981160038"><ele>2871.263916015625</ele><time>2025-08-21T18:12:12Z</time></trkpt><trkpt lat="23.471443682562676" lon="120.91980026649138"><ele>2870.698486328125</ele><time>2025-08-21T18:12:25Z</time></trkpt><trkpt lat="23.471464232739244" lon="120.919847414517"><ele>2870.58740234375</ele><time>2025-08-21T18:12:32Z</time></trkpt><trkpt lat="23.471473273012066" lon="120.91989363725449"><ele>2870.061767578125</ele><time>2025-08-21T18:12:37Z</time></trkpt><trkpt lat="23.471483888478772" lon="120.91995182130097"><ele>2870.043212890625</ele><time>2025-08-21T18:12:43Z</time></trkpt><trkpt lat="23.471491516224404" lon="120.92001141745872"><ele>2870.1806640625</ele><time>2025-08-21T18:12:49Z</time></trkpt><trkpt lat="23.471429330314812" lon="120.92009181185577"><ele>2870.41845703125</ele><time>2025-08-21T18:13:01Z</time></trkpt><trkpt lat="23.471412851694136" lon="120.92012701262858"><ele>2870.989013671875</ele><time>2025-08-21T18:13:09Z</time></trkpt><trkpt lat="23.471355932051363" lon="120.92018885152554"><ele>2870.6640625</ele><time>2025-08-21T18:13:20Z</time></trkpt><trkpt lat="23.471376327633845" lon="120.92023838184619"><ele>2871.28759765625</ele><time>2025-08-21T18:13:33Z</time></trkpt><trkpt lat="23.471413662924956" lon="120.92026707065516"><ele>2872.0751953125</ele><time>2025-08-21T18:13:42Z</time></trkpt><trkpt lat="23.47146660623135" lon="120.92028232784521"><ele>2872.99462890625</ele><time>2025-08-21T18:13:52Z</time></trkpt><trkpt lat="23.471523504160036" lon="120.92030158371423"><ele>2873.504638671875</ele><time>2025-08-21T18:14:00Z</time></trkpt><trkpt lat="23.4715426167352" lon="120.92027144780148"><ele>2875.94873046875</ele><time>2025-08-21T18:14:17Z</time></trkpt><trkpt lat="23.471575769411444" lon="120.9202383143728"><ele>2877.127197265625</ele><time>2025-08-21T18:14:30Z</time></trkpt><trkpt lat="23.471622810438095" lon="120.92028116182884"><ele>2879.1484375</ele><time>2025-08-21T18:14:44Z</time></trkpt><trkpt lat="23.47165941989103" lon="120.92034080340439"><ele>2880.385009765625</ele><time>2025-08-21T18:14:50Z</time></trkpt><trkpt lat="23.471671378127194" lon="120.92040389898757"><ele>2880.834228515625</ele><time>2025-08-21T18:14:57Z</time></trkpt><trkpt lat="23.47166267129022" lon="120.92047249199085"><ele>2881.560791015625</ele><time>2025-08-21T18:15:06Z</time></trkpt><trkpt lat="23.471671684150913" lon="120.9205283924861"><ele>2881.3310546875</ele><time>2025-08-21T18:15:11Z</time></trkpt><trkpt lat="23.47164752650165" lon="120.92057397401254"><ele>2880.3876953125</ele><time>2025-08-21T18:15:19Z</time></trkpt><trkpt lat="23.471619921488585" lon="120.9206266200394"><ele>2879.830078125</ele><time>2025-08-21T18:15:27Z</time></trkpt><trkpt lat="23.47158972555411" lon="120.92067664085555"><ele>2879.452392578125</ele><time>2025-08-21T18:15:34Z</time></trkpt><trkpt lat="23.471557800935496" lon="120.92072454128167"><ele>2878.456298828125</ele><time>2025-08-21T18:15:40Z</time></trkpt><trkpt lat="23.471555629633205" lon="120.92079015238413"><ele>2878.48779296875</ele><time>2025-08-21T18:15:48Z</time></trkpt><trkpt lat="23.471597027672026" lon="120.92078106684104"><ele>2879.227783203125</ele><time>2025-08-21T18:16:19Z</time></trkpt><trkpt lat="23.471635785927532" lon="120.92075549161505"><ele>2880.546142578125</ele><time>2025-08-21T18:16:31Z</time></trkpt><trkpt lat="23.47167903359101" lon="120.92075667633857"><ele>2880.8447265625</ele><time>2025-08-21T18:16:43Z</time></trkpt><trkpt lat="23.47170303185514" lon="120.92079104705856"><ele>2881.021728515625</ele><time>2025-08-21T18:16:45Z</time></trkpt><trkpt lat="23.47175395468538" lon="120.92082758725773"><ele>2881.09326171875</ele><time>2025-08-21T18:16:53Z</time></trkpt><trkpt lat="23.47180581048724" lon="120.92086045326884"><ele>2881.391845703125</ele><time>2025-08-21T18:17:01Z</time></trkpt><trkpt lat="23.471841997378995" lon="120.92089762377681"><ele>2881.6904296875</ele><time>2025-08-21T18:17:07Z</time></trkpt><trkpt lat="23.471880684588644" lon="120.92093885603464"><ele>2882.023193359375</ele><time>2025-08-21T18:17:16Z</time></trkpt><trkpt lat="23.471943885917668" lon="120.92095340550796"><ele>2883.2705078125</ele><time>2025-08-21T18:17:32Z</time></trkpt><trkpt lat="23.47198625062582" lon="120.92097604462624"><ele>2883.95751953125</ele><time>2025-08-21T18:17:40Z</time></trkpt><trkpt lat="23.472031210283436" lon="120.92099822830976"><ele>2884.4462890625</ele><time>2025-08-21T18:17:47Z</time></trkpt><trkpt lat="23.472101721383073" lon="120.92104339961756"><ele>2885.104248046875</ele><time>2025-08-21T18:18:14Z</time></trkpt><trkpt lat="23.47214563805528" lon="120.92106915057245"><ele>2887.519287109375</ele><time>2025-08-21T18:18:26Z</time></trkpt><trkpt lat="23.47219173179297" lon="120.92109505828282"><ele>2888.663330078125</ele><time>2025-08-21T18:18:38Z</time></trkpt><trkpt lat="23.4722099913404" lon="120.92116020618755"><ele>2890.27783203125</ele><time>2025-08-21T18:19:14Z</time></trkpt><trkpt lat="23.472192122891695" lon="120.92120037427348"><ele>2890.61328125</ele><time>2025-08-21T18:19:21Z</time></trkpt><trkpt lat="23.47215008526238" lon="120.921256616154"><ele>2889.870849609375</ele><time>2025-08-21T18:19:32Z</time></trkpt><trkpt lat="23.472115404939494" lon="120.92128560721225"><ele>2889.95263671875</ele><time>2025-08-21T18:19:37Z</time></trkpt><trkpt lat="23.472088452732134" lon="120.92133603970362"><ele>2889.931640625</ele><time>2025-08-21T18:19:43Z</time></trkpt><trkpt lat="23.47210878833062" lon="120.92138151265183"><ele>2889.897216796875</ele><time>2025-08-21T18:19:54Z</time></trkpt><trkpt lat="23.472145616771634" lon="120.92141071459277"><ele>2890.058349609375</ele><time>2025-08-21T18:20:01Z</time></trkpt><trkpt lat="23.472192820691305" lon="120.92142720735293"><ele>2891.477294921875</ele><time>2025-08-21T18:20:12Z</time></trkpt><trkpt lat="23.47225088590187" lon="120.92145385137026"><ele>2892.576416015625</ele><time>2025-08-21T18:20:25Z</time></trkpt><trkpt lat="23.472295505297105" lon="120.92141937696852"><ele>2895.68115234375</ele><time>2025-08-21T18:20:58Z</time></trkpt><trkpt lat="23.472343833459618" lon="120.9214024346794"><ele>2897.01025390625</ele><time>2025-08-21T18:21:11Z</time></trkpt><trkpt lat="23.47238397455962" lon="120.92140498722037"><ele>2897.179443359375</ele><time>2025-08-21T18:21:17Z</time></trkpt><trkpt lat="23.472423084621507" lon="120.92142980941695"><ele>2902.249755859375</ele><time>2025-08-21T18:21:23Z</time></trkpt><trkpt lat="23.472459002167934" lon="120.92146757300526"><ele>2902.889404296875</ele><time>2025-08-21T18:21:27Z</time></trkpt><trkpt lat="23.4725242871228" lon="120.92152080255431"><ele>2904.065185546875</ele><time>2025-08-21T18:21:50Z</time></trkpt><trkpt lat="23.472564500580376" lon="120.92154861185053"><ele>2904.28173828125</ele><time>2025-08-21T18:21:54Z</time></trkpt><trkpt lat="23.472609010534338" lon="120.9215716471285"><ele>2905.05078125</ele><time>2025-08-21T18:22:00Z</time></trkpt><trkpt lat="23.472657667679" lon="120.92161998332442"><ele>2905.80908203125</ele><time>2025-08-21T18:22:13Z</time></trkpt><trkpt lat="23.472663562669588" lon="120.92166985705934"><ele>2905.613525390625</ele><time>2025-08-21T18:22:21Z</time></trkpt><trkpt lat="23.472661061124025" lon="120.92172011657716"><ele>2905.46826171875</ele><time>2025-08-21T18:22:28Z</time></trkpt><trkpt lat="23.472657839976787" lon="120.92178962642349"><ele>2905.550048828125</ele><time>2025-08-21T18:22:36Z</time></trkpt><trkpt lat="23.472641826909133" lon="120.92184765134667"><ele>2905.349365234375</ele><time>2025-08-21T18:22:44Z</time></trkpt><trkpt lat="23.472622424082473" lon="120.92190030988624"><ele>2904.406005859375</ele><time>2025-08-21T18:22:51Z</time></trkpt><trkpt lat="23.472576730026958" lon="120.9219462021681"><ele>2904.413818359375</ele><time>2025-08-21T18:23:00Z</time></trkpt><trkpt lat="23.47254100315113" lon="120.9219791536996"><ele>2904.643798828125</ele><time>2025-08-21T18:23:04Z</time></trkpt><trkpt lat="23.47250567441622" lon="120.92202534533466"><ele>2905.23046875</ele><time>2025-08-21T18:23:11Z</time></trkpt><trkpt lat="23.472500574476477" lon="120.92208153170456"><ele>2905.42578125</ele><time>2025-08-21T18:23:18Z</time></trkpt><trkpt lat="23.472473354610337" lon="120.92214162368778"><ele>2906.873779296875</ele><time>2025-08-21T18:23:30Z</time></trkpt><trkpt lat="23.47242615363556" lon="120.92218160980437"><ele>2907.418212890625</ele><time>2025-08-21T18:23:41Z</time></trkpt><trkpt lat="23.472401523000784" lon="120.92222597852641"><ele>2907.669189453125</ele><time>2025-08-21T18:23:47Z</time></trkpt><trkpt lat="23.47239192884397" lon="120.92228656405808"><ele>2908.216064453125</ele><time>2025-08-21T18:23:55Z</time></trkpt><trkpt lat="23.472369800240397" lon="120.92233991002877"><ele>2908.556884765625</ele><time>2025-08-21T18:24:07Z</time></trkpt><trkpt lat="23.472329481793498" lon="120.9223521538173"><ele>2909.064208984375</ele><time>2025-08-21T18:24:10Z</time></trkpt><trkpt lat="23.47227841933896" lon="120.92233845786524"><ele>2909.619140625</ele><time>2025-08-21T18:24:19Z</time></trkpt><trkpt lat="23.472259900751705" lon="120.92231422727095"><ele>2909.584716796875</ele><time>2025-08-21T18:24:22Z</time></trkpt><trkpt lat="23.47221532293003" lon="120.92230019210994"><ele>2910.068359375</ele><time>2025-08-21T18:24:31Z</time></trkpt><trkpt lat="23.47218827469413" lon="120.92232235998966"><ele>2910.425048828125</ele><time>2025-08-21T18:24:35Z</time></trkpt><trkpt lat="23.47217406194663" lon="120.9223685894893"><ele>2910.425048828125</ele><time>2025-08-21T18:24:40Z</time></trkpt><trkpt lat="23.472167774476326" lon="120.92243265271549"><ele>2910.9111328125</ele><time>2025-08-21T18:24:45Z</time></trkpt><trkpt lat="23.472155415261717" lon="120.92249640652749"><ele>2910.6259765625</ele><time>2025-08-21T18:24:51Z</time></trkpt><trkpt lat="23.472126890507408" lon="120.92254743763506"><ele>2910.87158203125</ele><time>2025-08-21T18:24:56Z</time></trkpt><trkpt lat="23.472083738243033" lon="120.92259455672725"><ele>2911.098876953125</ele><time>2025-08-21T18:25:03Z</time></trkpt><trkpt lat="23.472040534426032" lon="120.92263672239554"><ele>2911.209716796875</ele><time>2025-08-21T18:25:08Z</time></trkpt><trkpt lat="23.471989328123904" lon="120.92265577859278"><ele>2911.59033203125</ele><time>2025-08-21T18:25:12Z</time></trkpt><trkpt lat="23.471935232548425" lon="120.92265072969224"><ele>2911.73291015625</ele><time>2025-08-21T18:25:18Z</time></trkpt><trkpt lat="23.47188128575499" lon="120.92266597988142"><ele>2912.060546875</ele><time>2025-08-21T18:25:25Z</time></trkpt><trkpt lat="23.47183092836336" lon="120.92269192349312"><ele>2913.40283203125</ele><time>2025-08-21T18:25:36Z</time></trkpt><trkpt lat="23.471779591105832" lon="120.922719745671"><ele>2914.1083984375</ele><time>2025-08-21T18:25:46Z</time></trkpt><trkpt lat="23.47172781090296" lon="120.92274261113322"><ele>2914.594482421875</ele><time>2025-08-21T18:25:55Z</time></trkpt><trkpt lat="23.471638782151786" lon="120.92280513208195"><ele>2915.479736328125</ele><time>2025-08-21T18:26:08Z</time></trkpt><trkpt lat="23.471608864026496" lon="120.92282188174678"><ele>2917.131103515625</ele><time>2025-08-21T18:26:20Z</time></trkpt><trkpt lat="23.471566172995104" lon="120.92288294425988"><ele>2917.931884765625</ele><time>2025-08-21T18:26:34Z</time></trkpt><trkpt lat="23.471581866933427" lon="120.9229242724939"><ele>2918.904052734375</ele><time>2025-08-21T18:26:42Z</time></trkpt><trkpt lat="23.47161762201649" lon="120.92296548487703"><ele>2919.744384765625</ele><time>2025-08-21T18:26:51Z</time></trkpt><trkpt lat="23.471626976120376" lon="120.92299640285503"><ele>2921.831787109375</ele><time>2025-08-21T18:27:10Z</time></trkpt><trkpt lat="23.471682039507247" lon="120.9231136433797"><ele>2922.539794921875</ele><time>2025-08-21T18:27:20Z</time></trkpt><trkpt lat="23.471674200739827" lon="120.92317808567887"><ele>2923.9111328125</ele><time>2025-08-21T18:27:38Z</time></trkpt><trkpt lat="23.471711449086932" lon="120.92323683824485"><ele>2926.30517578125</ele><time>2025-08-21T18:27:56Z</time></trkpt><trkpt lat="23.471746415180974" lon="120.92329578996375"><ele>2926.397705078125</ele><time>2025-08-21T18:28:20Z</time></trkpt><trkpt lat="23.47176454901265" lon="120.92334134225582"><ele>2926.347412109375</ele><time>2025-08-21T18:28:31Z</time></trkpt><trkpt lat="23.471830370588446" lon="120.92343797927354"><ele>2926.43994140625</ele><time>2025-08-21T18:29:56Z</time></trkpt><trkpt lat="23.471786595039564" lon="120.92348720702158"><ele>2930.728271484375</ele><time>2025-08-21T18:31:19Z</time></trkpt><trkpt lat="23.471765509015786" lon="120.92345207407425"><ele>2930.926513671875</ele><time>2025-08-21T18:31:37Z</time></trkpt><trkpt lat="23.471719866950174" lon="120.92335635158726"><ele>2932.26611328125</ele><time>2025-08-21T18:34:01Z</time></trkpt><trkpt lat="23.471761500574235" lon="120.92332786325038"><ele>2934.570068359375</ele><time>2025-08-21T18:34:31Z</time></trkpt><trkpt lat="23.471825531918793" lon="120.92333896877327"><ele>2935.307373046875</ele><time>2025-08-21T18:34:41Z</time></trkpt><trkpt lat="23.471857308802218" lon="120.92335447451973"><ele>2935.508056640625</ele><time>2025-08-21T18:34:54Z</time></trkpt><trkpt lat="23.471881155632985" lon="120.92341481792252"><ele>2935.410400390625</ele><time>2025-08-21T18:35:20Z</time></trkpt><trkpt lat="23.47186358738519" lon="120.92346323102952"><ele>2936.08935546875</ele><time>2025-08-21T18:35:28Z</time></trkpt><trkpt lat="23.471845566803122" lon="120.92351227259647"><ele>2936.752685546875</ele><time>2025-08-21T18:35:35Z</time></trkpt><trkpt lat="23.47181422559988" lon="120.92358631053516"><ele>2938.192626953125</ele><time>2025-08-21T18:36:03Z</time></trkpt><trkpt lat="23.471804154891817" lon="120.92363701690809"><ele>2937.85986328125</ele><time>2025-08-21T18:36:09Z</time></trkpt><trkpt lat="23.471814136560198" lon="120.92370372641327"><ele>2939.400146484375</ele><time>2025-08-21T18:36:20Z</time></trkpt><trkpt lat="23.47181129519129" lon="120.92376585344826"><ele>2940.1611328125</ele><time>2025-08-21T18:36:32Z</time></trkpt><trkpt lat="23.471814780923484" lon="120.9238221405834"><ele>2941.331787109375</ele><time>2025-08-21T18:36:41Z</time></trkpt><trkpt lat="23.4718199705225" lon="120.923875296742"><ele>2941.3291015625</ele><time>2025-08-21T18:36:46Z</time></trkpt><trkpt lat="23.47182629881765" lon="120.92393684687362"><ele>2942.30419921875</ele><time>2025-08-21T18:36:54Z</time></trkpt><trkpt lat="23.471806679250374" lon="120.92400982630319"><ele>2942.629150390625</ele><time>2025-08-21T18:37:16Z</time></trkpt><trkpt lat="23.471804151042708" lon="120.92405810204463"><ele>2943.395263671875</ele><time>2025-08-21T18:37:23Z</time></trkpt><trkpt lat="23.471767648898556" lon="120.92409521332165"><ele>2944.190673828125</ele><time>2025-08-21T18:37:36Z</time></trkpt><trkpt lat="23.471712304771835" lon="120.92409273023934"><ele>2945.17626953125</ele><time>2025-08-21T18:37:47Z</time></trkpt><trkpt lat="23.47166210234956" lon="120.92409317321027"><ele>2945.538330078125</ele><time>2025-08-21T18:37:58Z</time></trkpt><trkpt lat="23.471608105103737" lon="120.9240854773556"><ele>2946.103759765625</ele><time>2025-08-21T18:38:06Z</time></trkpt><trkpt lat="23.471483708480243" lon="120.92409750706746"><ele>2948.51611328125</ele><time>2025-08-21T18:38:26Z</time></trkpt><trkpt lat="23.47145780107841" lon="120.92410773287044"><ele>2949.623291015625</ele><time>2025-08-21T18:38:38Z</time></trkpt><trkpt lat="23.471383762514883" lon="120.9241542450483"><ele>2950.772705078125</ele><time>2025-08-21T18:38:50Z</time></trkpt><trkpt lat="23.47134654787377" lon="120.92416645214969"><ele>2951.641845703125</ele><time>2025-08-21T18:38:59Z</time></trkpt><trkpt lat="23.471258488020105" lon="120.92423759567295"><ele>2950.040771484375</ele><time>2025-08-21T18:39:20Z</time></trkpt><trkpt lat="23.4712444419907" lon="120.92427940737362"><ele>2949.6865234375</ele><time>2025-08-21T18:39:37Z</time></trkpt><trkpt lat="23.47122273403076" lon="120.92432743951349"><ele>2949.758056640625</ele><time>2025-08-21T18:39:41Z</time></trkpt><trkpt lat="23.471186608114127" lon="120.92438448139893"><ele>2949.76318359375</ele><time>2025-08-21T18:39:46Z</time></trkpt><trkpt lat="23.47114471507619" lon="120.92443992116647"><ele>2950.3154296875</ele><time>2025-08-21T18:39:56Z</time></trkpt><trkpt lat="23.471120659463537" lon="120.9244821950666"><ele>2951.655029296875</ele><time>2025-08-21T18:40:08Z</time></trkpt><trkpt lat="23.471079663292574" lon="120.92454166339392"><ele>2951.73974609375</ele><time>2025-08-21T18:40:13Z</time></trkpt><trkpt lat="23.47103024455316" lon="120.92459381481079"><ele>2952.05419921875</ele><time>2025-08-21T18:40:20Z</time></trkpt><trkpt lat="23.470970179811236" lon="120.9246381064363"><ele>2953.124267578125</ele><time>2025-08-21T18:40:32Z</time></trkpt><trkpt lat="23.470953091635018" lon="120.92464752840533"><ele>2953.613037109375</ele><time>2025-08-21T18:40:40Z</time></trkpt><trkpt lat="23.470922981180802" lon="120.92464690064112"><ele>2954.255126953125</ele><time>2025-08-21T18:40:47Z</time></trkpt><trkpt lat="23.470822069171994" lon="120.92466390472062"><ele>2955.385986328125</ele><time>2025-08-21T18:41:02Z</time></trkpt><trkpt lat="23.470772261868536" lon="120.92468044563971"><ele>2956.287109375</ele><time>2025-08-21T18:41:08Z</time></trkpt><trkpt lat="23.47071906880217" lon="120.9246843633273"><ele>2956.27392578125</ele><time>2025-08-21T18:41:16Z</time></trkpt><trkpt lat="23.470672376670546" lon="120.92470587954706"><ele>2931.563232421875</ele><time>2025-08-21T18:41:28Z</time></trkpt><trkpt lat="23.470617220522016" lon="120.92471691398232"><ele>2932.744384765625</ele><time>2025-08-21T18:41:44Z</time></trkpt><trkpt lat="23.470556078994885" lon="120.92473563087238"><ele>2935.505615234375</ele><time>2025-08-21T18:42:02Z</time></trkpt><trkpt lat="23.470509400859402" lon="120.92477148492448"><ele>2935.693115234375</ele><time>2025-08-21T18:42:15Z</time></trkpt><trkpt lat="23.470435217117874" lon="120.92482930437674"><ele>2936.06298828125</ele><time>2025-08-21T18:42:26Z</time></trkpt><trkpt lat="23.47035657823217" lon="120.92485150843741"><ele>2933.605712890625</ele><time>2025-08-21T18:42:38Z</time></trkpt><trkpt lat="23.470291224426994" lon="120.92487989223295"><ele>2934.781494140625</ele><time>2025-08-21T18:43:02Z</time></trkpt><trkpt lat="23.470231446713374" lon="120.9249307166247"><ele>2935.135498046875</ele><time>2025-08-21T18:43:14Z</time></trkpt><trkpt lat="23.470212012791354" lon="120.9249522571708"><ele>2935.769775390625</ele><time>2025-08-21T18:43:21Z</time></trkpt><trkpt lat="23.470136524574578" lon="120.92501002907721"><ele>2937.286376953125</ele><time>2025-08-21T18:43:35Z</time></trkpt><trkpt lat="23.4700816344716" lon="120.92501515799931"><ele>2938.036865234375</ele><time>2025-08-21T18:43:44Z</time></trkpt><trkpt lat="23.470027045795703" lon="120.92502333742873"><ele>2938.85595703125</ele><time>2025-08-21T18:43:54Z</time></trkpt><trkpt lat="23.46998275266971" lon="120.92505689515242"><ele>2938.95361328125</ele><time>2025-08-21T18:44:06Z</time></trkpt><trkpt lat="23.469930699372107" lon="120.925019920211"><ele>2939.88916015625</ele><time>2025-08-21T18:45:44Z</time></trkpt><trkpt lat="23.469843724625495" lon="120.92501078448646"><ele>2940.943359375</ele><time>2025-08-21T18:46:14Z</time></trkpt><trkpt lat="23.46976192156426" lon="120.92508526115535"><ele>2941.125732421875</ele><time>2025-08-21T18:46:26Z</time></trkpt><trkpt lat="23.469718382978744" lon="120.92513932706872"><ele>2941.32373046875</ele><time>2025-08-21T18:46:31Z</time></trkpt><trkpt lat="23.469710153757852" lon="120.92520184063503"><ele>2943.12841796875</ele><time>2025-08-21T18:46:42Z</time></trkpt><trkpt lat="23.469669440892" lon="120.92523439353944"><ele>2943.617431640625</ele><time>2025-08-21T18:46:52Z</time></trkpt><trkpt lat="23.4696128303566" lon="120.92522975865043"><ele>2943.4560546875</ele><time>2025-08-21T18:47:07Z</time></trkpt><trkpt lat="23.469567029347154" lon="120.92523411138704"><ele>2943.14697265625</ele><time>2025-08-21T18:47:14Z</time></trkpt><trkpt lat="23.469517674842447" lon="120.9252271693448"><ele>2943.720458984375</ele><time>2025-08-21T18:47:19Z</time></trkpt><trkpt lat="23.469451710468284" lon="120.92520932040134"><ele>2945.35595703125</ele><time>2025-08-21T18:47:30Z</time></trkpt><trkpt lat="23.469342795850725" lon="120.92521121720901"><ele>2947.73388671875</ele><time>2025-08-21T18:47:56Z</time></trkpt><trkpt lat="23.469325414147704" lon="120.92522083956767"><ele>2947.8740234375</ele><time>2025-08-21T18:48:02Z</time></trkpt><trkpt lat="23.46925594444814" lon="120.92527046689271"><ele>2948.03515625</ele><time>2025-08-21T18:48:14Z</time></trkpt><trkpt lat="23.469210202389753" lon="120.92530457857445"><ele>2948.99951171875</ele><time>2025-08-21T18:48:26Z</time></trkpt><trkpt lat="23.469124245948308" lon="120.9253566922038"><ele>2949.385498046875</ele><time>2025-08-21T18:48:38Z</time></trkpt><trkpt lat="23.469082095997607" lon="120.92537562466505"><ele>2950.8544921875</ele><time>2025-08-21T18:48:50Z</time></trkpt><trkpt lat="23.469028726649853" lon="120.92541006393716"><ele>2951.628662109375</ele><time>2025-08-21T18:49:02Z</time></trkpt><trkpt lat="23.468942213684414" lon="120.92548237985284"><ele>2952.791259765625</ele><time>2025-08-21T18:49:14Z</time></trkpt><trkpt lat="23.468872006699183" lon="120.92551641834432"><ele>2953.03173828125</ele><time>2025-08-21T18:49:20Z</time></trkpt><trkpt lat="23.468797912062566" lon="120.92555628602854"><ele>2953.943359375</ele><time>2025-08-21T18:49:32Z</time></trkpt><trkpt lat="23.468772493275843" lon="120.92556340605037"><ele>2953.967041015625</ele><time>2025-08-21T18:49:46Z</time></trkpt><trkpt lat="23.468677433402494" lon="120.92559567400913"><ele>2955.72412109375</ele><time>2025-08-21T18:50:02Z</time></trkpt><trkpt lat="23.468562032611775" lon="120.9256193935649"><ele>2957.3623046875</ele><time>2025-08-21T18:50:20Z</time></trkpt><trkpt lat="23.468509867138525" lon="120.92560891360995"><ele>2957.531494140625</ele><time>2025-08-21T18:50:25Z</time></trkpt><trkpt lat="23.468465511322865" lon="120.92564491254642"><ele>2957.325439453125</ele><time>2025-08-21T18:50:50Z</time></trkpt><trkpt lat="23.46845264310455" lon="120.92569742514634"><ele>2958.72314453125</ele><time>2025-08-21T18:51:04Z</time></trkpt><trkpt lat="23.468421433817063" lon="120.92574736465212"><ele>2958.963623046875</ele><time>2025-08-21T18:51:14Z</time></trkpt><trkpt lat="23.46836974179173" lon="120.92580512611404"><ele>2957.90673828125</ele><time>2025-08-21T18:51:26Z</time></trkpt><trkpt lat="23.468351373936642" lon="120.92583188121816"><ele>2958.51708984375</ele><time>2025-08-21T18:51:34Z</time></trkpt><trkpt lat="23.46830468772002" lon="120.92590857787305"><ele>2958.7021484375</ele><time>2025-08-21T18:51:44Z</time></trkpt><trkpt lat="23.468268275400206" lon="120.92595030666998"><ele>2958.638671875</ele><time>2025-08-21T18:51:50Z</time></trkpt><trkpt lat="23.468226068570477" lon="120.92597491236046"><ele>2959.066650390625</ele><time>2025-08-21T18:52:00Z</time></trkpt><trkpt lat="23.46817980990771" lon="120.92600106428091"><ele>2960.50927734375</ele><time>2025-08-21T18:52:16Z</time></trkpt><trkpt lat="23.46814126668226" lon="120.92600976530818"><ele>2960.578125</ele><time>2025-08-21T18:52:21Z</time></trkpt><trkpt lat="23.46806692387669" lon="120.92606715051153"><ele>2960.614990234375</ele><time>2025-08-21T18:52:32Z</time></trkpt><trkpt lat="23.46801143774943" lon="120.92614610144277"><ele>2962.7685546875</ele><time>2025-08-21T18:52:49Z</time></trkpt><trkpt lat="23.4679818296374" lon="120.92623306491028"><ele>2963.51904296875</ele><time>2025-08-21T18:53:02Z</time></trkpt><trkpt lat="23.46793793134599" lon="120.92629777099509"><ele>2962.4619140625</ele><time>2025-08-21T18:53:14Z</time></trkpt><trkpt lat="23.467904963210245" lon="120.92644106269177"><ele>2964.755615234375</ele><time>2025-08-21T18:53:38Z</time></trkpt><trkpt lat="23.46789846955258" lon="120.92644892311408"><ele>2965.640625</ele><time>2025-08-21T18:53:48Z</time></trkpt><trkpt lat="23.46789186591783" lon="120.92645286834119"><ele>2965.566650390625</ele><time>2025-08-21T18:53:52Z</time></trkpt><trkpt lat="23.46788009157469" lon="120.92645653271707"><ele>2965.505859375</ele><time>2025-08-21T18:53:55Z</time></trkpt><trkpt lat="23.46785069176482" lon="120.92647494736468"><ele>2965.682861328125</ele><time>2025-08-21T18:53:59Z</time></trkpt><trkpt lat="23.467768069305507" lon="120.92653572714133"><ele>2965.965576171875</ele><time>2025-08-21T18:54:06Z</time></trkpt><trkpt lat="23.46768955949655" lon="120.92651884030664"><ele>2966.216796875</ele><time>2025-08-21T18:54:14Z</time></trkpt><trkpt lat="23.467642796331628" lon="120.9265172104007"><ele>2966.27734375</ele><time>2025-08-21T18:54:26Z</time></trkpt><trkpt lat="23.46755794416421" lon="120.92649957495321"><ele>2966.438720703125</ele><time>2025-08-21T18:54:31Z</time></trkpt><trkpt lat="23.467507355294977" lon="120.92646838511698"><ele>2967.72021484375</ele><time>2025-08-21T18:54:44Z</time></trkpt><trkpt lat="23.467472727543246" lon="120.9264417701559"><ele>2969.630615234375</ele><time>2025-08-21T18:54:52Z</time></trkpt><trkpt lat="23.467377100393712" lon="120.92637837572813"><ele>2970.830078125</ele><time>2025-08-21T18:55:20Z</time></trkpt><trkpt lat="23.467310279219753" lon="120.92634272609148"><ele>2970.4443359375</ele><time>2025-08-21T18:55:38Z</time></trkpt><trkpt lat="23.467299517632334" lon="120.92634589180781"><ele>2971.102294921875</ele><time>2025-08-21T18:55:49Z</time></trkpt><trkpt lat="23.467195127065757" lon="120.92637758867299"><ele>2971.18408203125</ele><time>2025-08-21T18:55:55Z</time></trkpt><trkpt lat="23.467131564829455" lon="120.92641271998728"><ele>2972.534423828125</ele><time>2025-08-21T18:56:14Z</time></trkpt><trkpt lat="23.467115478712216" lon="120.92645976419799"><ele>2973.12890625</ele><time>2025-08-21T18:56:23Z</time></trkpt><trkpt lat="23.467101619775054" lon="120.92647846261082"><ele>2973.401123046875</ele><time>2025-08-21T18:56:27Z</time></trkpt><trkpt lat="23.46706195684026" lon="120.92652214479499"><ele>2973.70751953125</ele><time>2025-08-21T18:56:32Z</time></trkpt><trkpt lat="23.46700890912516" lon="120.92658310521266"><ele>2974.49755859375</ele><time>2025-08-21T18:56:38Z</time></trkpt><trkpt lat="23.46697547606439" lon="120.92663478544766"><ele>2978.28125</ele><time>2025-08-21T18:56:44Z</time></trkpt><trkpt lat="23.46692856010898" lon="120.92663811500931"><ele>2967.326416015625</ele><time>2025-08-21T18:56:53Z</time></trkpt><trkpt lat="23.466852601323545" lon="120.92664662018969"><ele>2978.009033203125</ele><time>2025-08-21T18:57:02Z</time></trkpt><trkpt lat="23.466848860417464" lon="120.9266491838417"><ele>2977.256103515625</ele><time>2025-08-21T18:57:12Z</time></trkpt><trkpt lat="23.46686109188102" lon="120.92667592220278"><ele>2977.197998046875</ele><time>2025-08-21T18:57:20Z</time></trkpt><trkpt lat="23.466891725010317" lon="120.92672756276087"><ele>2977.3486328125</ele><time>2025-08-21T18:57:23Z</time></trkpt><trkpt lat="23.466891423368917" lon="120.92678443316564"><ele>2977.929931640625</ele><time>2025-08-21T18:57:28Z</time></trkpt><trkpt lat="23.466868835634887" lon="120.9268194569373"><ele>2977.699951171875</ele><time>2025-08-21T18:57:33Z</time></trkpt><trkpt lat="23.466844193428184" lon="120.92683446901631"><ele>2978.265380859375</ele><time>2025-08-21T18:57:36Z</time></trkpt><trkpt lat="23.466810819254373" lon="120.9268452327536"><ele>2978.33935546875</ele><time>2025-08-21T18:57:39Z</time></trkpt><trkpt lat="23.466733156341558" lon="120.9268711175272"><ele>2978.55078125</ele><time>2025-08-21T18:57:46Z</time></trkpt><trkpt lat="23.466693026361455" lon="120.92691954878238"><ele>2979.163818359375</ele><time>2025-08-21T18:57:51Z</time></trkpt><trkpt lat="23.466670161998227" lon="120.92698267046119"><ele>2979.09765625</ele><time>2025-08-21T18:57:57Z</time></trkpt><trkpt lat="23.466643430940568" lon="120.92705462832161"><ele>2980.030517578125</ele><time>2025-08-21T18:58:05Z</time></trkpt><trkpt lat="23.466611569617214" lon="120.92711436916338"><ele>2981.5234375</ele><time>2025-08-21T18:58:16Z</time></trkpt><trkpt lat="23.46655996606708" lon="120.92715824193944"><ele>2982.77587890625</ele><time>2025-08-21T18:58:33Z</time></trkpt><trkpt lat="23.466509227780875" lon="120.9271988540036"><ele>2984.376953125</ele><time>2025-08-21T18:58:56Z</time></trkpt><trkpt lat="23.46647833045095" lon="120.92723994480517"><ele>2985.04541015625</ele><time>2025-08-21T18:59:02Z</time></trkpt><trkpt lat="23.46643968094305" lon="120.9272999901906"><ele>2986.181640625</ele><time>2025-08-21T18:59:14Z</time></trkpt><trkpt lat="23.46639601377409" lon="120.92735407626637"><ele>2986.171142578125</ele><time>2025-08-21T18:59:44Z</time></trkpt><trkpt lat="23.466351119366223" lon="120.92738413396438"><ele>2986.68115234375</ele><time>2025-08-21T19:00:02Z</time></trkpt><trkpt lat="23.46630222478433" lon="120.92741961156685"><ele>2987.1171875</ele><time>2025-08-21T19:00:07Z</time></trkpt><trkpt lat="23.466286306840956" lon="120.9274683304326"><ele>2987.500244140625</ele><time>2025-08-21T19:00:15Z</time></trkpt><trkpt lat="23.466265021790523" lon="120.92752675404567"><ele>2987.584716796875</ele><time>2025-08-21T19:00:23Z</time></trkpt><trkpt lat="23.466243418380326" lon="120.92758188300104"><ele>2987.708984375</ele><time>2025-08-21T19:00:30Z</time></trkpt><trkpt lat="23.46622960194484" lon="120.927638826818"><ele>2987.341552734375</ele><time>2025-08-21T19:00:38Z</time></trkpt><trkpt lat="23.466209178718326" lon="120.92768983324122"><ele>2987.39453125</ele><time>2025-08-21T19:00:45Z</time></trkpt><trkpt lat="23.466182339512294" lon="120.92774402909556"><ele>2987.67724609375</ele><time>2025-08-21T19:00:51Z</time></trkpt><trkpt lat="23.466155861768065" lon="120.92782040978186"><ele>2988.38525390625</ele><time>2025-08-21T19:01:02Z</time></trkpt><trkpt lat="23.466126716153934" lon="120.92792368628072"><ele>2989.71435546875</ele><time>2025-08-21T19:01:14Z</time></trkpt><trkpt lat="23.46609875993349" lon="120.92801915773875"><ele>3005.261474609375</ele><time>2025-08-21T19:01:32Z</time></trkpt><trkpt lat="23.466051223169814" lon="120.9280823590883"><ele>3006.0146484375</ele><time>2025-08-21T19:01:44Z</time></trkpt><trkpt lat="23.46604643553323" lon="120.92808820955743"><ele>3008.30810546875</ele><time>2025-08-21T19:01:58Z</time></trkpt><trkpt lat="23.466030578755575" lon="120.92818433557557"><ele>3009.468017578125</ele><time>2025-08-21T19:02:14Z</time></trkpt><trkpt lat="23.465972398834236" lon="120.92825953302706"><ele>3009.56591796875</ele><time>2025-08-21T19:02:32Z</time></trkpt><trkpt lat="23.465908291074236" lon="120.92831483097993"><ele>3010.2158203125</ele><time>2025-08-21T19:02:50Z</time></trkpt><trkpt lat="23.465851772540304" lon="120.92841085569718"><ele>3010.989990234375</ele><time>2025-08-21T19:03:02Z</time></trkpt><trkpt lat="23.46584558856454" lon="120.92846150392437"><ele>3011.581787109375</ele><time>2025-08-21T19:03:09Z</time></trkpt><trkpt lat="23.46581684231296" lon="120.92854455432746"><ele>3012.416748046875</ele><time>2025-08-21T19:03:26Z</time></trkpt><trkpt lat="23.465769468532955" lon="120.92857838264042"><ele>3012.260986328125</ele><time>2025-08-21T19:03:32Z</time></trkpt><trkpt lat="23.46573166322113" lon="120.92862593010037"><ele>3013.508056640625</ele><time>2025-08-21T19:03:50Z</time></trkpt><trkpt lat="23.46569359820437" lon="120.92866659896787"><ele>3014.80029296875</ele><time>2025-08-21T19:03:58Z</time></trkpt><trkpt lat="23.465658413521332" lon="120.92870958946602"><ele>3016.097412109375</ele><time>2025-08-21T19:04:03Z</time></trkpt><trkpt lat="23.46560419227318" lon="120.9287742238318"><ele>3016.869140625</ele><time>2025-08-21T19:04:13Z</time></trkpt><trkpt lat="23.465562590650908" lon="120.92882034733158"><ele>3017.534912109375</ele><time>2025-08-21T19:04:26Z</time></trkpt><trkpt lat="23.465519512238597" lon="120.92885585232098"><ele>3018.613037109375</ele><time>2025-08-21T19:04:35Z</time></trkpt><trkpt lat="23.465468618919356" lon="120.92887393087797"><ele>3019.26025390625</ele><time>2025-08-21T19:04:41Z</time></trkpt><trkpt lat="23.465427767247856" lon="120.92891332421816"><ele>3019.97119140625</ele><time>2025-08-21T19:04:51Z</time></trkpt><trkpt lat="23.465401619468242" lon="120.92896467039216"><ele>3019.717529296875</ele><time>2025-08-21T19:04:59Z</time></trkpt><trkpt lat="23.465384005825328" lon="120.92902468749638"><ele>3019.6328125</ele><time>2025-08-21T19:05:11Z</time></trkpt><trkpt lat="23.465391675694853" lon="120.92907712383489"><ele>3019.89453125</ele><time>2025-08-21T19:05:20Z</time></trkpt><trkpt lat="23.465378107670144" lon="120.9291334396951"><ele>3020.734619140625</ele><time>2025-08-21T19:05:26Z</time></trkpt><trkpt lat="23.465359068321614" lon="120.92919389598539"><ele>3021.294921875</ele><time>2025-08-21T19:05:35Z</time></trkpt><trkpt lat="23.46535565063239" lon="120.92924989349221"><ele>3021.543212890625</ele><time>2025-08-21T19:05:42Z</time></trkpt><trkpt lat="23.46532153735388" lon="120.92929773810624"><ele>3021.664794921875</ele><time>2025-08-21T19:05:53Z</time></trkpt><trkpt lat="23.465288870282112" lon="120.9293552830089"><ele>3024.0322265625</ele><time>2025-08-21T19:06:15Z</time></trkpt><trkpt lat="23.465241955202426" lon="120.92938075954689"><ele>3024.394287109375</ele><time>2025-08-21T19:06:26Z</time></trkpt><trkpt lat="23.46520012862482" lon="120.92940457598195"><ele>3024.6083984375</ele><time>2025-08-21T19:06:33Z</time></trkpt><trkpt lat="23.46515336531819" lon="120.9294346878402"><ele>3025.7392578125</ele><time>2025-08-21T19:06:40Z</time></trkpt><trkpt lat="23.46511035814509" lon="120.92947492899545"><ele>3026.140869140625</ele><time>2025-08-21T19:06:46Z</time></trkpt><trkpt lat="23.465066646677784" lon="120.92952463199471"><ele>3026.9228515625</ele><time>2025-08-21T19:06:53Z</time></trkpt><trkpt lat="23.465025925845985" lon="120.9295685510887"><ele>3027.504150390625</ele><time>2025-08-21T19:07:00Z</time></trkpt><trkpt lat="23.464974532544748" lon="120.9295759899138"><ele>3027.4169921875</ele><time>2025-08-21T19:07:10Z</time></trkpt><trkpt lat="23.464922887793186" lon="120.92956988285913"><ele>3027.245361328125</ele><time>2025-08-21T19:07:16Z</time></trkpt><trkpt lat="23.46486713641647" lon="120.92958401842012"><ele>3027.42236328125</ele><time>2025-08-21T19:07:23Z</time></trkpt><trkpt lat="23.46483436315871" lon="120.92962858413662"><ele>3027.56494140625</ele><time>2025-08-21T19:07:31Z</time></trkpt><trkpt lat="23.464815802624823" lon="120.9296816293931"><ele>3028.33642578125</ele><time>2025-08-21T19:07:40Z</time></trkpt><trkpt lat="23.46481543625727" lon="120.92974174292759"><ele>3028.66162109375</ele><time>2025-08-21T19:07:47Z</time></trkpt><trkpt lat="23.464798740965595" lon="120.92979613743182"><ele>3028.98388671875</ele><time>2025-08-21T19:07:54Z</time></trkpt><trkpt lat="23.464779348262727" lon="120.92985109272753"><ele>3029.6337890625</ele><time>2025-08-21T19:08:01Z</time></trkpt><trkpt lat="23.464752152301738" lon="120.9299058541822"><ele>3031.750244140625</ele><time>2025-08-21T19:08:39Z</time></trkpt><trkpt lat="23.464698385760478" lon="120.92997582114235"><ele>3031.57861328125</ele><time>2025-08-21T19:08:44Z</time></trkpt><trkpt lat="23.46465142027698" lon="120.93001003922933"><ele>3031.951171875</ele><time>2025-08-21T19:08:50Z</time></trkpt><trkpt lat="23.464571581566695" lon="120.93004547034387"><ele>3033.425537109375</ele><time>2025-08-21T19:09:04Z</time></trkpt><trkpt lat="23.4644947825478" lon="120.93005998830246"><ele>3034.482421875</ele><time>2025-08-21T19:09:14Z</time></trkpt><trkpt lat="23.464463740682696" lon="120.93006911563995"><ele>3035.930419921875</ele><time>2025-08-21T19:09:28Z</time></trkpt><trkpt lat="23.4643631291331" lon="120.93010895604665"><ele>3037.455078125</ele><time>2025-08-21T19:09:44Z</time></trkpt><trkpt lat="23.46426857454335" lon="120.93012663579974"><ele>3039.624267578125</ele><time>2025-08-21T19:10:02Z</time></trkpt><trkpt lat="23.464215462643207" lon="120.93012964743244"><ele>3041.84912109375</ele><time>2025-08-21T19:10:22Z</time></trkpt><trkpt lat="23.464112946791627" lon="120.93013228523165"><ele>3042.07373046875</ele><time>2025-08-21T19:10:50Z</time></trkpt><trkpt lat="23.464130626337525" lon="120.93008696732137"><ele>3036.527587890625</ele><time>2025-08-21T19:12:12Z</time></trkpt><trkpt lat="23.464108778937256" lon="120.93010862539484"><ele>3023.7734375</ele><time>2025-08-21T19:12:17Z</time></trkpt><trkpt lat="23.464107396910894" lon="120.9300711751376"><ele>3023.900146484375</ele><time>2025-08-21T19:13:59Z</time></trkpt><trkpt lat="23.464088720097433" lon="120.93010994457312"><ele>3024.3466796875</ele><time>2025-08-21T19:14:13Z</time></trkpt><trkpt lat="23.46407571337552" lon="120.93016848806555"><ele>3024.6875</ele><time>2025-08-21T19:14:35Z</time></trkpt><trkpt lat="23.464051485947838" lon="120.93021489582229"><ele>3024.703369140625</ele><time>2025-08-21T19:14:44Z</time></trkpt><trkpt lat="23.46403185084896" lon="120.93026169237417"><ele>3024.33349609375</ele><time>2025-08-21T19:14:51Z</time></trkpt><trkpt lat="23.464006720246083" lon="120.93031604781588"><ele>3024.58447265625</ele><time>2025-08-21T19:14:58Z</time></trkpt><trkpt lat="23.46399170081346" lon="120.9303725073427"><ele>3025.279541015625</ele><time>2025-08-21T19:15:11Z</time></trkpt><trkpt lat="23.463967494734767" lon="120.9304310230958"><ele>3024.690185546875</ele><time>2025-08-21T19:15:23Z</time></trkpt><trkpt lat="23.463941185484614" lon="120.93047305900612"><ele>3024.69287109375</ele><time>2025-08-21T19:15:28Z</time></trkpt><trkpt lat="23.463934839272156" lon="120.93053083898539"><ele>3024.869873046875</ele><time>2025-08-21T19:15:35Z</time></trkpt><trkpt lat="23.46391441334737" lon="120.9305901813445"><ele>3024.79052734375</ele><time>2025-08-21T19:15:40Z</time></trkpt><trkpt lat="23.46395081766583" lon="120.9306395162791"><ele>3025.09716796875</ele><time>2025-08-21T19:16:14Z</time></trkpt><trkpt lat="23.463939125281442" lon="120.9305942825601"><ele>3026.8251953125</ele><time>2025-08-21T19:16:26Z</time></trkpt><trkpt lat="23.463976891146515" lon="120.93056151022817"><ele>3028.872802734375</ele><time>2025-08-21T19:16:43Z</time></trkpt><trkpt lat="23.463948636965505" lon="120.93060752793974"><ele>3028.170166015625</ele><time>2025-08-21T19:17:58Z</time></trkpt><trkpt lat="23.463904173652175" lon="120.93064278683606"><ele>3028.061767578125</ele><time>2025-08-21T19:19:16Z</time></trkpt><trkpt lat="23.46401181089221" lon="120.93051525469741"><ele>3029.795166015625</ele><time>2025-08-21T19:19:52Z</time></trkpt><trkpt lat="23.46401844934558" lon="120.93055925066183"><ele>3037.98876953125</ele><time>2025-08-21T19:19:57Z</time></trkpt><trkpt lat="23.46402491885838" lon="120.93056213971913"><ele>3025.578125</ele><time>2025-08-21T19:20:07Z</time></trkpt><trkpt lat="23.464035544083924" lon="120.93043354783369"><ele>3028.928466796875</ele><time>2025-08-21T19:20:16Z</time></trkpt><trkpt lat="23.46398303603229" lon="120.93048927940295"><ele>3029.92724609375</ele><time>2025-08-21T19:20:28Z</time></trkpt><trkpt lat="23.463982698545774" lon="120.93055500746327"><ele>3028.986572265625</ele><time>2025-08-21T19:20:40Z</time></trkpt><trkpt lat="23.463929365813843" lon="120.93059657257939"><ele>3028.587646484375</ele><time>2025-08-21T19:21:07Z</time></trkpt><trkpt lat="23.46396889212907" lon="120.9305923643787"><ele>3036.1708984375</ele><time>2025-08-21T19:22:39Z</time></trkpt><trkpt lat="23.46398196371095" lon="120.93062975766821"><ele>3036.279296875</ele><time>2025-08-21T19:23:15Z</time></trkpt><trkpt lat="23.463982901739534" lon="120.93069198151208"><ele>3036.287109375</ele><time>2025-08-21T19:23:28Z</time></trkpt><trkpt lat="23.4640057226953" lon="120.930679616572"><ele>3036.45361328125</ele><time>2025-08-21T19:23:39Z</time></trkpt><trkpt lat="23.464016859308693" lon="120.93065949021711"><ele>3036.47216796875</ele><time>2025-08-21T19:23:46Z</time></trkpt><trkpt lat="23.464031149301462" lon="120.93063848062604"><ele>3036.609619140625</ele><time>2025-08-21T19:24:27Z</time></trkpt><trkpt lat="23.464097709329366" lon="120.93055386257379"><ele>3036.519775390625</ele><time>2025-08-21T19:24:40Z</time></trkpt><trkpt lat="23.464102684118618" lon="120.9305475040514"><ele>3036.783935546875</ele><time>2025-08-21T19:24:54Z</time></trkpt><trkpt lat="23.46413939636483" lon="120.93050902943324"><ele>3036.50390625</ele><time>2025-08-21T19:24:58Z</time></trkpt><trkpt lat="23.46410712782659" lon="120.93054782845851"><ele>3036.68359375</ele><time>2025-08-21T19:25:40Z</time></trkpt><trkpt lat="23.464063808861514" lon="120.93059665503304"><ele>3037.637451171875</ele><time>2025-08-21T19:27:29Z</time></trkpt><trkpt lat="23.464014088423145" lon="120.93053642351961"><ele>3037.62158203125</ele><time>2025-08-21T19:27:58Z</time></trkpt><trkpt lat="23.463966451240434" lon="120.93058100242659"><ele>3037.106201171875</ele><time>2025-08-21T19:28:34Z</time></trkpt><trkpt lat="23.463982182072314" lon="120.93063240602318"><ele>3034.093994140625</ele><time>2025-08-21T19:29:27Z</time></trkpt><trkpt lat="23.464021141404228" lon="120.93067272026747"><ele>3034.683349609375</ele><time>2025-08-21T19:29:47Z</time></trkpt><trkpt lat="23.46404921701883" lon="120.93071150359816"><ele>3034.662109375</ele><time>2025-08-21T19:29:54Z</time></trkpt><trkpt lat="23.464087686133023" lon="120.93074839116822"><ele>3034.704345703125</ele><time>2025-08-21T19:30:00Z</time></trkpt><trkpt lat="23.46413051708625" lon="120.9307841241346"><ele>3035.80615234375</ele><time>2025-08-21T19:30:05Z</time></trkpt><trkpt lat="23.464175844346737" lon="120.93082592849383"><ele>3036.379638671875</ele><time>2025-08-21T19:30:11Z</time></trkpt><trkpt lat="23.464243776817863" lon="120.93085984608715"><ele>3037.462890625</ele><time>2025-08-21T19:30:32Z</time></trkpt><trkpt lat="23.4642922975533" lon="120.93089384934284"><ele>3037.5634765625</ele><time>2025-08-21T19:30:44Z</time></trkpt><trkpt lat="23.464265581520788" lon="120.93091751710037"><ele>3038.31640625</ele><time>2025-08-21T19:30:58Z</time></trkpt><trkpt lat="23.464285102960066" lon="120.93096481432995"><ele>3040.335205078125</ele><time>2025-08-21T19:31:15Z</time></trkpt><trkpt lat="23.464325679918797" lon="120.93100847914"><ele>3032.71484375</ele><time>2025-08-21T19:31:22Z</time></trkpt><trkpt lat="23.464367927246876" lon="120.93103729448663"><ele>3033.882568359375</ele><time>2025-08-21T19:31:31Z</time></trkpt><trkpt lat="23.464409288939247" lon="120.93106454125316"><ele>3034.70166015625</ele><time>2025-08-21T19:31:39Z</time></trkpt><trkpt lat="23.464448287976598" lon="120.93110244961376"><ele>3034.921142578125</ele><time>2025-08-21T19:31:45Z</time></trkpt><trkpt lat="23.46447894428421" lon="120.93115882434876"><ele>3036.287109375</ele><time>2025-08-21T19:31:54Z</time></trkpt><trkpt lat="23.464472633552393" lon="120.93121493588407"><ele>3037.57666015625</ele><time>2025-08-21T19:32:02Z</time></trkpt><trkpt lat="23.464424963220576" lon="120.93125131942432"><ele>3038.9453125</ele><time>2025-08-21T19:32:21Z</time></trkpt><trkpt lat="23.46439480110263" lon="120.93128058289243"><ele>3040.533203125</ele><time>2025-08-21T19:32:34Z</time></trkpt><trkpt lat="23.464402501203338" lon="120.93132279143374"><ele>3040.50146484375</ele><time>2025-08-21T19:32:47Z</time></trkpt><trkpt lat="23.464458741876626" lon="120.9314432812761"><ele>3040.4169921875</ele><time>2025-08-21T19:32:58Z</time></trkpt><trkpt lat="23.464477128336345" lon="120.93152236524276"><ele>3040.356201171875</ele><time>2025-08-21T19:33:04Z</time></trkpt><trkpt lat="23.464496075018392" lon="120.93159874079866"><ele>3039.642822265625</ele><time>2025-08-21T19:33:22Z</time></trkpt><trkpt lat="23.464510735027375" lon="120.93163271316588"><ele>3039.534423828125</ele><time>2025-08-21T19:33:34Z</time></trkpt><trkpt lat="23.4645466315193" lon="120.93171325280845"><ele>3040.144775390625</ele><time>2025-08-21T19:33:52Z</time></trkpt><trkpt lat="23.46456202074781" lon="120.93173680337803"><ele>3040.504150390625</ele><time>2025-08-21T19:33:58Z</time></trkpt><trkpt lat="23.464697598898443" lon="120.93180425517833"><ele>3041.162109375</ele><time>2025-08-21T19:34:10Z</time></trkpt><trkpt lat="23.464774700519136" lon="120.931827076474"><ele>3043.328857421875</ele><time>2025-08-21T19:34:22Z</time></trkpt><trkpt lat="23.464838656627794" lon="120.93184911190333"><ele>3046.43359375</ele><time>2025-08-21T19:34:46Z</time></trkpt><trkpt lat="23.4648714568544" lon="120.93189077561784"><ele>3047.638427734375</ele><time>2025-08-21T19:34:56Z</time></trkpt><trkpt lat="23.46493418667861" lon="120.93192843074019"><ele>3053.443359375</ele><time>2025-08-21T19:35:49Z</time></trkpt><trkpt lat="23.464982852803157" lon="120.93191279612799"><ele>3057.118896484375</ele><time>2025-08-21T19:36:16Z</time></trkpt><trkpt lat="23.46502918178986" lon="120.93193775044465"><ele>3060.672607421875</ele><time>2025-08-21T19:36:45Z</time></trkpt><trkpt lat="23.465078588637247" lon="120.93190533499624"><ele>3065.8251953125</ele><time>2025-08-21T19:37:34Z</time></trkpt><trkpt lat="23.465089259256946" lon="120.93183994214851"><ele>3068.5810546875</ele><time>2025-08-21T19:37:58Z</time></trkpt><trkpt lat="23.465149278119945" lon="120.9318304665386"><ele>3072.843017578125</ele><time>2025-08-21T19:38:34Z</time></trkpt><trkpt lat="23.465198713580396" lon="120.93180537969464"><ele>3076.048095703125</ele><time>2025-08-21T19:39:10Z</time></trkpt><trkpt lat="23.465239171155872" lon="120.93184252640317"><ele>3082.326171875</ele><time>2025-08-21T19:40:22Z</time></trkpt><trkpt lat="23.465274016857627" lon="120.93188545254789"><ele>3083.97216796875</ele><time>2025-08-21T19:40:43Z</time></trkpt><trkpt lat="23.46530199134981" lon="120.93189811176654"><ele>3085.298583984375</ele><time>2025-08-21T19:40:54Z</time></trkpt><trkpt lat="23.465295691777673" lon="120.9319280099216"><ele>3085.6923828125</ele><time>2025-08-21T19:40:57Z</time></trkpt><trkpt lat="23.46527931379734" lon="120.93194223050612"><ele>3085.7373046875</ele><time>2025-08-21T19:41:04Z</time></trkpt><trkpt lat="23.465343126970524" lon="120.93197579057806"><ele>3107.213623046875</ele><time>2025-08-21T19:41:28Z</time></trkpt><trkpt lat="23.465355226545885" lon="120.9319826194325"><ele>3107.5703125</ele><time>2025-08-21T19:41:32Z</time></trkpt><trkpt lat="23.465366194404474" lon="120.93200026364886"><ele>3107.41455078125</ele><time>2025-08-21T19:41:35Z</time></trkpt><trkpt lat="23.465398377643798" lon="120.93205138387576"><ele>3107.59423828125</ele><time>2025-08-21T19:41:39Z</time></trkpt><trkpt lat="23.46541877042425" lon="120.9319933657342"><ele>3107.876953125</ele><time>2025-08-21T19:41:46Z</time></trkpt><trkpt lat="23.465450601915283" lon="120.93201989915949"><ele>3109.44384765625</ele><time>2025-08-21T19:42:05Z</time></trkpt><trkpt lat="23.465489399758443" lon="120.93205775091074"><ele>3109.51513671875</ele><time>2025-08-21T19:42:12Z</time></trkpt><trkpt lat="23.465541555732216" lon="120.93207899490514"><ele>3109.83740234375</ele><time>2025-08-21T19:42:21Z</time></trkpt><trkpt lat="23.46559917087653" lon="120.93210556250838"><ele>3110.281494140625</ele><time>2025-08-21T19:42:31Z</time></trkpt><trkpt lat="23.465643467232848" lon="120.93212863033871"><ele>3110.6513671875</ele><time>2025-08-21T19:42:39Z</time></trkpt><trkpt lat="23.465683346867813" lon="120.93214857183347"><ele>3111.008056640625</ele><time>2025-08-21T19:42:45Z</time></trkpt><trkpt lat="23.465753479991577" lon="120.93217093932216"><ele>3110.976318359375</ele><time>2025-08-21T19:42:57Z</time></trkpt><trkpt lat="23.465790040170905" lon="120.932221757862"><ele>3112.2578125</ele><time>2025-08-21T19:43:22Z</time></trkpt><trkpt lat="23.465841755832738" lon="120.93224073099645"><ele>3112.492919921875</ele><time>2025-08-21T19:43:36Z</time></trkpt><trkpt lat="23.4658873337962" lon="120.93223976964772"><ele>3111.6923828125</ele><time>2025-08-21T19:43:44Z</time></trkpt><trkpt lat="23.465936721441597" lon="120.93224131486986"><ele>3110.55078125</ele><time>2025-08-21T19:43:51Z</time></trkpt><trkpt lat="23.465971023670587" lon="120.93227352714273"><ele>3109.22705078125</ele><time>2025-08-21T19:44:01Z</time></trkpt><trkpt lat="23.466011811619303" lon="120.9323122577678"><ele>3108.865234375</ele><time>2025-08-21T19:44:09Z</time></trkpt><trkpt lat="23.465997207088137" lon="120.93235287255523"><ele>3107.969482421875</ele><time>2025-08-21T19:44:23Z</time></trkpt><trkpt lat="23.46596356760854" lon="120.93238015890098"><ele>3107.855712890625</ele><time>2025-08-21T19:44:29Z</time></trkpt><trkpt lat="23.465935765618" lon="120.93242933589723"><ele>3107.771240234375</ele><time>2025-08-21T19:44:38Z</time></trkpt><trkpt lat="23.465961621834843" lon="120.93244575592794"><ele>3108.548095703125</ele><time>2025-08-21T19:44:43Z</time></trkpt><trkpt lat="23.466009615495366" lon="120.93245659359744"><ele>3108.349853515625</ele><time>2025-08-21T19:44:50Z</time></trkpt><trkpt lat="23.466076163973216" lon="120.93243740856619"><ele>3109.301025390625</ele><time>2025-08-21T19:45:02Z</time></trkpt><trkpt lat="23.46612358391264" lon="120.93245110027239"><ele>3109.935302734375</ele><time>2025-08-21T19:45:09Z</time></trkpt><trkpt lat="23.466175407412152" lon="120.93248719705782"><ele>3111.177001953125</ele><time>2025-08-21T19:45:29Z</time></trkpt><trkpt lat="23.466210083769536" lon="120.93251588025505"><ele>3111.45458984375</ele><time>2025-08-21T19:45:40Z</time></trkpt><trkpt lat="23.466258030038805" lon="120.93249008092567"><ele>3112.76513671875</ele><time>2025-08-21T19:46:22Z</time></trkpt><trkpt lat="23.466318639899114" lon="120.93249188829151"><ele>3113.320068359375</ele><time>2025-08-21T19:46:52Z</time></trkpt><trkpt lat="23.466364357166743" lon="120.93249924492736"><ele>3113.243408203125</ele><time>2025-08-21T19:46:59Z</time></trkpt><trkpt lat="23.466438775907925" lon="120.93249062618708"><ele>3113.9990234375</ele><time>2025-08-21T19:47:28Z</time></trkpt><trkpt lat="23.466480988527447" lon="120.93250009395442"><ele>3114.495849609375</ele><time>2025-08-21T19:47:35Z</time></trkpt><trkpt lat="23.46653618779273" lon="120.9325184531985"><ele>3114.33203125</ele><time>2025-08-21T19:47:44Z</time></trkpt><trkpt lat="23.466576910856283" lon="120.93253988556371"><ele>3114.93701171875</ele><time>2025-08-21T19:47:51Z</time></trkpt><trkpt lat="23.4666058589429" lon="120.93258867456045"><ele>3115.587158203125</ele><time>2025-08-21T19:47:59Z</time></trkpt><trkpt lat="23.466659391889543" lon="120.93263333406746"><ele>3117.122314453125</ele><time>2025-08-21T19:48:11Z</time></trkpt><trkpt lat="23.46676175265488" lon="120.93267411196676"><ele>3117.41015625</ele><time>2025-08-21T19:48:14Z</time></trkpt><trkpt lat="23.466893859893442" lon="120.93272543900169"><ele>3118.459228515625</ele><time>2025-08-21T19:48:18Z</time></trkpt><trkpt lat="23.466945931079696" lon="120.93275344541308"><ele>3119.674560546875</ele><time>2025-08-21T19:49:16Z</time></trkpt><trkpt lat="23.467009164142326" lon="120.93280726461447"><ele>3119.2255859375</ele><time>2025-08-21T19:49:25Z</time></trkpt><trkpt lat="23.467040554061487" lon="120.93287109727541"><ele>3118.94287109375</ele><time>2025-08-21T19:49:32Z</time></trkpt><trkpt lat="23.467040574115234" lon="120.93292684391969"><ele>3118.408935546875</ele><time>2025-08-21T19:49:36Z</time></trkpt><trkpt lat="23.46701420107829" lon="120.93300536922742"><ele>3118.3271484375</ele><time>2025-08-21T19:49:46Z</time></trkpt><trkpt lat="23.46701508987895" lon="120.9330540911265"><ele>3118.6044921875</ele><time>2025-08-21T19:49:51Z</time></trkpt><trkpt lat="23.46704080555955" lon="120.93308982722003"><ele>3118.86083984375</ele><time>2025-08-21T19:49:56Z</time></trkpt><trkpt lat="23.4670912884352" lon="120.93313179019277"><ele>3120.232177734375</ele><time>2025-08-21T19:50:05Z</time></trkpt><trkpt lat="23.467146074063898" lon="120.93316118112465"><ele>3120.794921875</ele><time>2025-08-21T19:50:21Z</time></trkpt><trkpt lat="23.46718386971197" lon="120.9331862104488"><ele>3121.188720703125</ele><time>2025-08-21T19:50:31Z</time></trkpt><trkpt lat="23.467213975450033" lon="120.93322171587438"><ele>3121.5400390625</ele><time>2025-08-21T19:50:39Z</time></trkpt><trkpt lat="23.467239227098478" lon="120.93327342461477"><ele>3122.256103515625</ele><time>2025-08-21T19:50:49Z</time></trkpt><trkpt lat="23.46726181880857" lon="120.93335299831251"><ele>3125.268310546875</ele><time>2025-08-21T19:51:20Z</time></trkpt><trkpt lat="23.467270287495143" lon="120.93341562297873"><ele>3128.119384765625</ele><time>2025-08-21T19:51:41Z</time></trkpt><trkpt lat="23.467278211477545" lon="120.93346640407069"><ele>3128.364990234375</ele><time>2025-08-21T19:51:47Z</time></trkpt><trkpt lat="23.467287634794253" lon="120.93351665682562"><ele>3128.486572265625</ele><time>2025-08-21T19:51:51Z</time></trkpt><trkpt lat="23.467308413027858" lon="120.93357100168205"><ele>3128.89892578125</ele><time>2025-08-21T19:51:56Z</time></trkpt><trkpt lat="23.4673335073009" lon="120.93363552297065"><ele>3127.926513671875</ele><time>2025-08-21T19:52:03Z</time></trkpt><trkpt lat="23.467358258907726" lon="120.93370181720493"><ele>3127.643798828125</ele><time>2025-08-21T19:52:13Z</time></trkpt><trkpt lat="23.467382577655595" lon="120.93375160615085"><ele>3127.66748046875</ele><time>2025-08-21T19:52:19Z</time></trkpt><trkpt lat="23.467430277200265" lon="120.93378483400556"><ele>3127.52490234375</ele><time>2025-08-21T19:52:30Z</time></trkpt><trkpt lat="23.46748344650837" lon="120.93379386889954"><ele>3127.56982421875</ele><time>2025-08-21T19:52:38Z</time></trkpt><trkpt lat="23.46751364661279" lon="120.93384139170082"><ele>3128.47607421875</ele><time>2025-08-21T19:52:56Z</time></trkpt><trkpt lat="23.467512566062542" lon="120.93389505427704"><ele>3129.385009765625</ele><time>2025-08-21T19:53:13Z</time></trkpt><trkpt lat="23.46749882648452" lon="120.93394918237999"><ele>3130.716796875</ele><time>2025-08-21T19:53:27Z</time></trkpt><trkpt lat="23.46750842643104" lon="120.93400978010679"><ele>3130.175048828125</ele><time>2025-08-21T19:53:42Z</time></trkpt><trkpt lat="23.467487872747952" lon="120.93405609379231"><ele>3130.386474609375</ele><time>2025-08-21T19:53:48Z</time></trkpt><trkpt lat="23.467489671208437" lon="120.93410601542705"><ele>3130.10888671875</ele><time>2025-08-21T19:53:58Z</time></trkpt><trkpt lat="23.467503608808528" lon="120.93416100667086"><ele>3130.444580078125</ele><time>2025-08-21T19:54:10Z</time></trkpt><trkpt lat="23.467480759257295" lon="120.93422093731567"><ele>3131.382568359375</ele><time>2025-08-21T19:54:24Z</time></trkpt><trkpt lat="23.467459522326735" lon="120.93426989730885"><ele>3131.85302734375</ele><time>2025-08-21T19:54:34Z</time></trkpt><trkpt lat="23.46744255581206" lon="120.93431432184896"><ele>3132.0537109375</ele><time>2025-08-21T19:54:38Z</time></trkpt><trkpt lat="23.46742469754489" lon="120.93437030566132"><ele>3132.6640625</ele><time>2025-08-21T19:54:45Z</time></trkpt><trkpt lat="23.46739683668018" lon="120.93441891550552"><ele>3133.284912109375</ele><time>2025-08-21T19:54:51Z</time></trkpt><trkpt lat="23.46735724837767" lon="120.9344764114137"><ele>3134.040771484375</ele><time>2025-08-21T19:55:01Z</time></trkpt><trkpt lat="23.46732821023064" lon="120.93453407746927"><ele>3134.960205078125</ele><time>2025-08-21T19:55:11Z</time></trkpt><trkpt lat="23.467283351496476" lon="120.93455697453348"><ele>3135.692138671875</ele><time>2025-08-21T19:55:23Z</time></trkpt><trkpt lat="23.46722749745363" lon="120.93456759430171"><ele>3136.553466796875</ele><time>2025-08-21T19:55:35Z</time></trkpt><trkpt lat="23.467209756190424" lon="120.93461809277244"><ele>3136.912841796875</ele><time>2025-08-21T19:55:54Z</time></trkpt><trkpt lat="23.467142910073978" lon="120.93464406650133"><ele>3136.32373046875</ele><time>2025-08-21T19:56:11Z</time></trkpt><trkpt lat="23.467087807053534" lon="120.93468508910046"><ele>3137.290771484375</ele><time>2025-08-21T19:58:07Z</time></trkpt><trkpt lat="23.467081207503984" lon="120.93472415915838"><ele>3137.81640625</ele><time>2025-08-21T19:58:14Z</time></trkpt><trkpt lat="23.46706411334644" lon="120.93477861121617"><ele>3138.633056640625</ele><time>2025-08-21T19:58:21Z</time></trkpt><trkpt lat="23.467047775239557" lon="120.93483388757828"><ele>3139.726806640625</ele><time>2025-08-21T19:58:31Z</time></trkpt><trkpt lat="23.467023142591795" lon="120.93487803420813"><ele>3140.606689453125</ele><time>2025-08-21T19:58:39Z</time></trkpt><trkpt lat="23.46697544048297" lon="120.93491014053058"><ele>3141.780029296875</ele><time>2025-08-21T19:58:50Z</time></trkpt><trkpt lat="23.466936597220602" lon="120.93494516119058"><ele>3142.2529296875</ele><time>2025-08-21T19:58:59Z</time></trkpt><trkpt lat="23.466883459130614" lon="120.93496307615071"><ele>3141.6689453125</ele><time>2025-08-21T19:59:09Z</time></trkpt><trkpt lat="23.466831338702207" lon="120.93497864281925"><ele>3141.373046875</ele><time>2025-08-21T19:59:17Z</time></trkpt><trkpt lat="23.466782243026664" lon="120.9350079856781"><ele>3141.169677734375</ele><time>2025-08-21T19:59:23Z</time></trkpt><trkpt lat="23.46675386895028" lon="120.93506142570997"><ele>3141.793212890625</ele><time>2025-08-21T19:59:32Z</time></trkpt><trkpt lat="23.466740976139" lon="120.9351253369565"><ele>3143.89892578125</ele><time>2025-08-21T19:59:42Z</time></trkpt><trkpt lat="23.466750642134404" lon="120.93518127886904"><ele>3144.929443359375</ele><time>2025-08-21T19:59:50Z</time></trkpt><trkpt lat="23.466787494285548" lon="120.9352371603731"><ele>3146.11328125</ele><time>2025-08-21T20:00:06Z</time></trkpt><trkpt lat="23.46683192674163" lon="120.93528112966135"><ele>3147.492431640625</ele><time>2025-08-21T20:00:23Z</time></trkpt><trkpt lat="23.466881395931765" lon="120.93530904652565"><ele>3148.82421875</ele><time>2025-08-21T20:00:41Z</time></trkpt><trkpt lat="23.4669181548266" lon="120.93535068779055"><ele>3149.03564453125</ele><time>2025-08-21T20:00:59Z</time></trkpt><trkpt lat="23.466946702158417" lon="120.93539078058855"><ele>3149.867919921875</ele><time>2025-08-21T20:01:07Z</time></trkpt><trkpt lat="23.46698846022815" lon="120.93544319320488"><ele>3150.29345703125</ele><time>2025-08-21T20:01:18Z</time></trkpt><trkpt lat="23.467041243346177" lon="120.93547401412032"><ele>3123.4794921875</ele><time>2025-08-21T20:01:29Z</time></trkpt><trkpt lat="23.467098155796517" lon="120.93549610620327"><ele>3123.71728515625</ele><time>2025-08-21T20:01:41Z</time></trkpt><trkpt lat="23.46715103871382" lon="120.93549884034736"><ele>3123.854736328125</ele><time>2025-08-21T20:01:52Z</time></trkpt><trkpt lat="23.467209568423733" lon="120.93549407317305"><ele>3124.3408203125</ele><time>2025-08-21T20:02:02Z</time></trkpt><trkpt lat="23.46726603455825" lon="120.93548704994797"><ele>3125.54052734375</ele><time>2025-08-21T20:02:16Z</time></trkpt><trkpt lat="23.46731181484131" lon="120.93550087305998"><ele>3125.820556640625</ele><time>2025-08-21T20:02:24Z</time></trkpt><trkpt lat="23.467371136027822" lon="120.9355224630391"><ele>3126.996337890625</ele><time>2025-08-21T20:02:41Z</time></trkpt><trkpt lat="23.4674291320731" lon="120.93553016707033"><ele>3127.382080078125</ele><time>2025-08-21T20:02:53Z</time></trkpt><trkpt lat="23.467481505149873" lon="120.93553484208707"><ele>3126.91455078125</ele><time>2025-08-21T20:03:00Z</time></trkpt><trkpt lat="23.467529499383517" lon="120.93553882687051"><ele>3127.0361328125</ele><time>2025-08-21T20:03:05Z</time></trkpt><trkpt lat="23.467523157128007" lon="120.93554439065987"><ele>3126.840576171875</ele><time>2025-08-21T20:03:38Z</time></trkpt><trkpt lat="23.467476412231346" lon="120.93546308441725"><ele>3126.866943359375</ele><time>2025-08-21T20:03:45Z</time></trkpt><trkpt lat="23.46749618215596" lon="120.9354387202507"><ele>3126.24853515625</ele><time>2025-08-21T20:03:54Z</time></trkpt><trkpt lat="23.46755494202639" lon="120.93550427657458"><ele>3126.28564453125</ele><time>2025-08-21T20:04:01Z</time></trkpt><trkpt lat="23.46760987905266" lon="120.93558056114479"><ele>3126.911865234375</ele><time>2025-08-21T20:04:13Z</time></trkpt><trkpt lat="23.467728010040535" lon="120.93566531596522"><ele>3127.53271484375</ele><time>2025-08-21T20:04:43Z</time></trkpt><trkpt lat="23.46780009585085" lon="120.93568579827229"><ele>3128.048095703125</ele><time>2025-08-21T20:04:55Z</time></trkpt><trkpt lat="23.46784603024731" lon="120.93571179957887"><ele>3128.608154296875</ele><time>2025-08-21T20:05:02Z</time></trkpt><trkpt lat="23.46790647506991" lon="120.93576990254067"><ele>3129.263427734375</ele><time>2025-08-21T20:05:13Z</time></trkpt><trkpt lat="23.467942027267515" lon="120.93581059435532"><ele>3130.552978515625</ele><time>2025-08-21T20:05:31Z</time></trkpt><trkpt lat="23.468001193065426" lon="120.9358926949615"><ele>3131.16845703125</ele><time>2025-08-21T20:05:43Z</time></trkpt><trkpt lat="23.468021696348714" lon="120.93590570286234"><ele>3131.472412109375</ele><time>2025-08-21T20:05:49Z</time></trkpt><trkpt lat="23.468106887048048" lon="120.93597020559316"><ele>3132.880859375</ele><time>2025-08-21T20:06:07Z</time></trkpt><trkpt lat="23.468151019651838" lon="120.93601922762038"><ele>3133.921875</ele><time>2025-08-21T20:06:19Z</time></trkpt><trkpt lat="23.468184556594334" lon="120.93606367091594"><ele>3135.240234375</ele><time>2025-08-21T20:06:35Z</time></trkpt><trkpt lat="23.468202311642887" lon="120.93611284379118"><ele>3135.4306640625</ele><time>2025-08-21T20:06:42Z</time></trkpt><trkpt lat="23.46825158226858" lon="120.93616149214506"><ele>3136.06201171875</ele><time>2025-08-21T20:06:56Z</time></trkpt><trkpt lat="23.468319966388375" lon="120.93618934443327"><ele>3137.716064453125</ele><time>2025-08-21T20:07:13Z</time></trkpt><trkpt lat="23.468353696590054" lon="120.93618468966768"><ele>3137.766357421875</ele><time>2025-08-21T20:07:25Z</time></trkpt><trkpt lat="23.4684591630318" lon="120.93618567746411"><ele>3138.035888671875</ele><time>2025-08-21T20:07:37Z</time></trkpt><trkpt lat="23.46854571813655" lon="120.93619642487185"><ele>3139.38330078125</ele><time>2025-08-21T20:07:49Z</time></trkpt><trkpt lat="23.468618260803144" lon="120.93620904402141"><ele>3139.748046875</ele><time>2025-08-21T20:08:01Z</time></trkpt><trkpt lat="23.46866099721225" lon="120.93624133734147"><ele>3139.51025390625</ele><time>2025-08-21T20:08:13Z</time></trkpt><trkpt lat="23.468700023006907" lon="120.93629033006172"><ele>3139.718994140625</ele><time>2025-08-21T20:08:21Z</time></trkpt><trkpt lat="23.468730339628568" lon="120.936350360785"><ele>3139.808837890625</ele><time>2025-08-21T20:08:27Z</time></trkpt><trkpt lat="23.46874674085816" lon="120.93642942277667"><ele>3140.3134765625</ele><time>2025-08-21T20:08:35Z</time></trkpt><trkpt lat="23.468751753880493" lon="120.93648926717604"><ele>3140.675537109375</ele><time>2025-08-21T20:08:42Z</time></trkpt><trkpt lat="23.46873228871978" lon="120.93654991085786"><ele>3141.299072265625</ele><time>2025-08-21T20:08:53Z</time></trkpt><trkpt lat="23.468713699274897" lon="120.9366002162153"><ele>3141.568603515625</ele><time>2025-08-21T20:09:01Z</time></trkpt><trkpt lat="23.468681571310267" lon="120.93663895996369"><ele>3141.653076171875</ele><time>2025-08-21T20:09:07Z</time></trkpt><trkpt lat="23.468656420197682" lon="120.93668743342627"><ele>3141.576416015625</ele><time>2025-08-21T20:09:11Z</time></trkpt><trkpt lat="23.46864721547626" lon="120.93674448227567"><ele>3141.7138671875</ele><time>2025-08-21T20:09:17Z</time></trkpt><trkpt lat="23.468649633574703" lon="120.93680736418325"><ele>3141.869873046875</ele><time>2025-08-21T20:09:24Z</time></trkpt><trkpt lat="23.468654111007517" lon="120.93687117603702"><ele>3142.308349609375</ele><time>2025-08-21T20:09:33Z</time></trkpt><trkpt lat="23.46866516848222" lon="120.93693004745236"><ele>3142.379638671875</ele><time>2025-08-21T20:09:41Z</time></trkpt><trkpt lat="23.468672260568837" lon="120.93701489675962"><ele>3143.169677734375</ele><time>2025-08-21T20:10:01Z</time></trkpt><trkpt lat="23.468712441360562" lon="120.93709794857541"><ele>3143.634765625</ele><time>2025-08-21T20:10:13Z</time></trkpt><trkpt lat="23.468735913178563" lon="120.93715131620314"><ele>3144.5859375</ele><time>2025-08-21T20:10:28Z</time></trkpt><trkpt lat="23.468768314464462" lon="120.93718941525118"><ele>3144.900390625</ele><time>2025-08-21T20:10:43Z</time></trkpt><trkpt lat="23.468785244643477" lon="120.93722700738721"><ele>3145.846435546875</ele><time>2025-08-21T20:10:49Z</time></trkpt><trkpt lat="23.468811003384864" lon="120.93728632197595"><ele>3145.930908203125</ele><time>2025-08-21T20:10:52Z</time></trkpt><trkpt lat="23.468850338844295" lon="120.93736106963169"><ele>3146.047119140625</ele><time>2025-08-21T20:11:00Z</time></trkpt><trkpt lat="23.468892294664972" lon="120.93743712468937"><ele>3146.572998046875</ele><time>2025-08-21T20:11:19Z</time></trkpt><trkpt lat="23.468925262559807" lon="120.93750480059906"><ele>3170.97705078125</ele><time>2025-08-21T20:11:37Z</time></trkpt><trkpt lat="23.468960915808633" lon="120.9375530966776"><ele>3171.44482421875</ele><time>2025-08-21T20:11:49Z</time></trkpt><trkpt lat="23.469006796080293" lon="120.93763382407306"><ele>3171.835693359375</ele><time>2025-08-21T20:12:01Z</time></trkpt><trkpt lat="23.469030096945584" lon="120.93769265339905"><ele>3172.451416015625</ele><time>2025-08-21T20:12:13Z</time></trkpt><trkpt lat="23.469103032293436" lon="120.93774782295331"><ele>3172.681396484375</ele><time>2025-08-21T20:12:25Z</time></trkpt><trkpt lat="23.469122731151643" lon="120.9377800257172"><ele>3172.92431640625</ele><time>2025-08-21T20:12:38Z</time></trkpt><trkpt lat="23.469151290799157" lon="120.93783053476695"><ele>3172.8212890625</ele><time>2025-08-21T20:12:43Z</time></trkpt><trkpt lat="23.46918267111577" lon="120.9379039381472"><ele>3173.112060546875</ele><time>2025-08-21T20:12:49Z</time></trkpt><trkpt lat="23.469207620029753" lon="120.9379597554391"><ele>3173.4501953125</ele><time>2025-08-21T20:13:00Z</time></trkpt><trkpt lat="23.469227264183218" lon="120.93801318916117"><ele>3173.978759765625</ele><time>2025-08-21T20:13:08Z</time></trkpt><trkpt lat="23.4692261095358" lon="120.93807064278441"><ele>3174.681640625</ele><time>2025-08-21T20:13:15Z</time></trkpt><trkpt lat="23.469241175110117" lon="120.9381382013981"><ele>3175.1572265625</ele><time>2025-08-21T20:13:27Z</time></trkpt><trkpt lat="23.469263088374824" lon="120.93818418911896"><ele>3175.307861328125</ele><time>2025-08-21T20:13:33Z</time></trkpt><trkpt lat="23.46928886825426" lon="120.93825925451355"><ele>3176.676513671875</ele><time>2025-08-21T20:13:50Z</time></trkpt><trkpt lat="23.46928617922495" lon="120.9383111714051"><ele>3177.36083984375</ele><time>2025-08-21T20:14:01Z</time></trkpt><trkpt lat="23.469274765828814" lon="120.93836136616927"><ele>3177.949951171875</ele><time>2025-08-21T20:14:09Z</time></trkpt><trkpt lat="23.46926735667708" lon="120.93844314113471"><ele>3178.718994140625</ele><time>2025-08-21T20:14:43Z</time></trkpt><trkpt lat="23.46926553285975" lon="120.93850872627762"><ele>3178.6845703125</ele><time>2025-08-21T20:15:07Z</time></trkpt><trkpt lat="23.469263615943394" lon="120.93845685014878"><ele>3182.9306640625</ele><time>2025-08-21T20:16:53Z</time></trkpt><trkpt lat="23.469298908296743" lon="120.93838755092722"><ele>3178.1455078125</ele><time>2025-08-21T20:18:28Z</time></trkpt><trkpt lat="23.469310310705975" lon="120.93836536554603"><ele>3178.01611328125</ele><time>2025-08-21T20:18:34Z</time></trkpt><trkpt lat="23.46931458045283" lon="120.93836402302671"><ele>3178.090087890625</ele><time>2025-08-21T20:18:40Z</time></trkpt><trkpt lat="23.469292013515314" lon="120.93837107727713"><ele>3177.891845703125</ele><time>2025-08-21T20:18:46Z</time></trkpt><trkpt lat="23.46921220630997" lon="120.93840116727833"><ele>3178.578857421875</ele><time>2025-08-21T20:18:58Z</time></trkpt><trkpt lat="23.469200462975767" lon="120.93844295517167"><ele>3178.687255859375</ele><time>2025-08-21T20:19:10Z</time></trkpt><trkpt lat="23.469205398356774" lon="120.9384993366176"><ele>3180.037353515625</ele><time>2025-08-21T20:19:22Z</time></trkpt><trkpt lat="23.46921839950988" lon="120.93857220717696"><ele>3181.55419921875</ele><time>2025-08-21T20:19:34Z</time></trkpt><trkpt lat="23.469209858777827" lon="120.93863595279672"><ele>3182.22265625</ele><time>2025-08-21T20:19:46Z</time></trkpt><trkpt lat="23.469199013139292" lon="120.93870013383611"><ele>3183.31640625</ele><time>2025-08-21T20:19:57Z</time></trkpt><trkpt lat="23.469178385959136" lon="120.9387537593348"><ele>3183.2265625</ele><time>2025-08-21T20:20:07Z</time></trkpt><trkpt lat="23.469154302613706" lon="120.93880611542383"><ele>3183.4169921875</ele><time>2025-08-21T20:20:15Z</time></trkpt><trkpt lat="23.46912741977465" lon="120.93885277198262"><ele>3183.7392578125</ele><time>2025-08-21T20:20:21Z</time></trkpt><trkpt lat="23.469098306463316" lon="120.9388991677463"><ele>3183.921630859375</ele><time>2025-08-21T20:20:27Z</time></trkpt><trkpt lat="23.469065222104064" lon="120.93894909336109"><ele>3184.20166015625</ele><time>2025-08-21T20:20:33Z</time></trkpt><trkpt lat="23.469021753418087" lon="120.9389926134964"><ele>3184.74853515625</ele><time>2025-08-21T20:20:42Z</time></trkpt><trkpt lat="23.468980406070905" lon="120.93904255924194"><ele>3185.7685546875</ele><time>2025-08-21T20:20:53Z</time></trkpt><trkpt lat="23.46894002865589" lon="120.93908084746344"><ele>3186.37353515625</ele><time>2025-08-21T20:21:00Z</time></trkpt><trkpt lat="23.468916091644807" lon="120.93910082937217"><ele>3186.986572265625</ele><time>2025-08-21T20:21:16Z</time></trkpt><trkpt lat="23.468882670522287" lon="120.93913271103567"><ele>3187.05517578125</ele><time>2025-08-21T20:21:22Z</time></trkpt><trkpt lat="23.46879914637311" lon="120.93919398590542"><ele>3187.102783203125</ele><time>2025-08-21T20:21:28Z</time></trkpt><trkpt lat="23.468756669244776" lon="120.93921823525059"><ele>3195.856689453125</ele><time>2025-08-21T20:21:43Z</time></trkpt><trkpt lat="23.468695635253013" lon="120.9392708709112"><ele>3195.81982421875</ele><time>2025-08-21T20:21:52Z</time></trkpt><trkpt lat="23.46867718137594" lon="120.93930174235683"><ele>3196.287353515625</ele><time>2025-08-21T20:22:01Z</time></trkpt><trkpt lat="23.468667328505358" lon="120.93935130400742"><ele>3195.81982421875</ele><time>2025-08-21T20:22:07Z</time></trkpt><trkpt lat="23.468632121127957" lon="120.93939942929674"><ele>3196.221435546875</ele><time>2025-08-21T20:22:12Z</time></trkpt><trkpt lat="23.46857143188406" lon="120.93945110475894"><ele>3197.944091796875</ele><time>2025-08-21T20:22:25Z</time></trkpt><trkpt lat="23.468538368515777" lon="120.93949429792431"><ele>3197.92041015625</ele><time>2025-08-21T20:22:32Z</time></trkpt><trkpt lat="23.468502419549765" lon="120.93954546855224"><ele>3197.513427734375</ele><time>2025-08-21T20:22:44Z</time></trkpt><trkpt lat="23.468447866640133" lon="120.93957827359274"><ele>3197.835693359375</ele><time>2025-08-21T20:22:59Z</time></trkpt><trkpt lat="23.4684142319496" lon="120.93960916137989"><ele>3197.801513671875</ele><time>2025-08-21T20:23:03Z</time></trkpt><trkpt lat="23.468383843277287" lon="120.9396431237372"><ele>3197.648193359375</ele><time>2025-08-21T20:23:10Z</time></trkpt><trkpt lat="23.46834742502673" lon="120.93968067116838"><ele>3197.8779296875</ele><time>2025-08-21T20:23:16Z</time></trkpt><trkpt lat="23.468306892305364" lon="120.93967675667889"><ele>3197.339111328125</ele><time>2025-08-21T20:23:28Z</time></trkpt><trkpt lat="23.46828165129318" lon="120.93967728189766"><ele>3197.60595703125</ele><time>2025-08-21T20:23:35Z</time></trkpt><trkpt lat="23.46822155629873" lon="120.93968204435987"><ele>3196.628173828125</ele><time>2025-08-21T20:23:51Z</time></trkpt><trkpt lat="23.46814641838497" lon="120.93971556395805"><ele>3194.538330078125</ele><time>2025-08-21T20:24:06Z</time></trkpt><trkpt lat="23.468118023060406" lon="120.93969083658901"><ele>3194.37451171875</ele><time>2025-08-21T20:24:10Z</time></trkpt><trkpt lat="23.46808705741673" lon="120.93966110006811"><ele>3193.185302734375</ele><time>2025-08-21T20:24:17Z</time></trkpt><trkpt lat="23.46803738602068" lon="120.93965005682061"><ele>3192.054443359375</ele><time>2025-08-21T20:24:24Z</time></trkpt><trkpt lat="23.4679728305518" lon="120.93965930776727"><ele>3191.1455078125</ele><time>2025-08-21T20:24:32Z</time></trkpt><trkpt lat="23.467933927316885" lon="120.93969722719412"><ele>3190.146728515625</ele><time>2025-08-21T20:24:42Z</time></trkpt><trkpt lat="23.467870749776417" lon="120.93971712206202"><ele>3189.240478515625</ele><time>2025-08-21T20:25:10Z</time></trkpt><trkpt lat="23.467833119550804" lon="120.93970971427989"><ele>3189.245849609375</ele><time>2025-08-21T20:25:14Z</time></trkpt><trkpt lat="23.46779549653175" lon="120.93971879808167"><ele>3187.697265625</ele><time>2025-08-21T20:25:17Z</time></trkpt><trkpt lat="23.467746517540935" lon="120.93974674956871"><ele>3186.64306640625</ele><time>2025-08-21T20:25:23Z</time></trkpt><trkpt lat="23.467702407814702" lon="120.93978363511812"><ele>3186.1806640625</ele><time>2025-08-21T20:25:28Z</time></trkpt><trkpt lat="23.467667484070216" lon="120.93982570955721"><ele>3185.921875</ele><time>2025-08-21T20:25:32Z</time></trkpt><trkpt lat="23.46767296816352" lon="120.93989504130764"><ele>3185.715576171875</ele><time>2025-08-21T20:25:40Z</time></trkpt><trkpt lat="23.467716723256547" lon="120.93993136488244"><ele>3185.919189453125</ele><time>2025-08-21T20:25:55Z</time></trkpt><trkpt lat="23.46776128015926" lon="120.9400407209314"><ele>3186.34716796875</ele><time>2025-08-21T20:26:11Z</time></trkpt><trkpt lat="23.46782956495688" lon="120.93996707878603"><ele>3185.58349609375</ele><time>2025-08-21T20:26:19Z</time></trkpt><trkpt lat="23.467861392327755" lon="120.9399393692339"><ele>3185.205810546875</ele><time>2025-08-21T20:26:25Z</time></trkpt><trkpt lat="23.46781940606453" lon="120.93997830247922"><ele>3185.921875</ele><time>2025-08-21T20:26:31Z</time></trkpt><trkpt lat="23.467795277909023" lon="120.93999343401023"><ele>3185.51220703125</ele><time>2025-08-21T20:26:43Z</time></trkpt><trkpt lat="23.46788604392913" lon="120.93988733673214"><ele>3185.855712890625</ele><time>2025-08-21T20:27:11Z</time></trkpt><trkpt lat="23.46788424696717" lon="120.93988018499678"><ele>3185.644287109375</ele><time>2025-08-21T20:27:17Z</time></trkpt><trkpt lat="23.46786585346501" lon="120.93984403236215"><ele>3185.451416015625</ele><time>2025-08-21T20:27:23Z</time></trkpt><trkpt lat="23.46787202456754" lon="120.93973575292893"><ele>3185.636474609375</ele><time>2025-08-21T20:27:35Z</time></trkpt><trkpt lat="23.46791634973704" lon="120.93968305618328"><ele>3185.136962890625</ele><time>2025-08-21T20:27:53Z</time></trkpt><trkpt lat="23.467956624773663" lon="120.9397708018391"><ele>3185.14501953125</ele><time>2025-08-21T20:28:11Z</time></trkpt><trkpt lat="23.467975975040023" lon="120.93984321381576"><ele>3185.160888671875</ele><time>2025-08-21T20:28:23Z</time></trkpt><trkpt lat="23.46793385191847" lon="120.93989565950343"><ele>3185.27978515625</ele><time>2025-08-21T20:28:41Z</time></trkpt><trkpt lat="23.467940061282793" lon="120.93985930985458"><ele>3185.720947265625</ele><time>2025-08-21T20:29:41Z</time></trkpt><trkpt lat="23.467900573254177" lon="120.93988916119379"><ele>3185.715576171875</ele><time>2025-08-21T20:29:53Z</time></trkpt><trkpt lat="23.467854544757124" lon="120.93993262199346"><ele>3184.806640625</ele><time>2025-08-21T20:30:30Z</time></trkpt><trkpt lat="23.467825154465764" lon="120.9399573654007"><ele>3184.077392578125</ele><time>2025-08-21T20:30:35Z</time></trkpt><trkpt lat="23.467783230101332" lon="120.93996742994422"><ele>3184.02197265625</ele><time>2025-08-21T20:30:38Z</time></trkpt><trkpt lat="23.467731439814482" lon="120.93998197654157"><ele>3183.427490234375</ele><time>2025-08-21T20:30:42Z</time></trkpt><trkpt lat="23.46766334798251" lon="120.93999892981051"><ele>3183.8740234375</ele><time>2025-08-21T20:30:49Z</time></trkpt><trkpt lat="23.46759727092657" lon="120.93999596475331"><ele>3183.395751953125</ele><time>2025-08-21T20:30:59Z</time></trkpt><trkpt lat="23.467495414297357" lon="120.94003289684798"><ele>3185.0869140625</ele><time>2025-08-21T20:31:23Z</time></trkpt><trkpt lat="23.46744252212009" lon="120.94005349673185"><ele>3180.18017578125</ele><time>2025-08-21T20:31:36Z</time></trkpt><trkpt lat="23.467403586088167" lon="120.94006797575969"><ele>3180.729736328125</ele><time>2025-08-21T20:31:41Z</time></trkpt><trkpt lat="23.46735984336514" lon="120.94009009985048"><ele>3180.8115234375</ele><time>2025-08-21T20:31:47Z</time></trkpt><trkpt lat="23.467292885152112" lon="120.94010933437862"><ele>3180.72705078125</ele><time>2025-08-21T20:31:57Z</time></trkpt><trkpt lat="23.467252373406662" lon="120.94015289843807"><ele>3181.776123046875</ele><time>2025-08-21T20:32:09Z</time></trkpt><trkpt lat="23.467214815200272" lon="120.94018836201349"><ele>3183.723388671875</ele><time>2025-08-21T20:32:21Z</time></trkpt><trkpt lat="23.467167485957273" lon="120.94020817815003"><ele>3183.765625</ele><time>2025-08-21T20:32:29Z</time></trkpt><trkpt lat="23.467127845705708" lon="120.94022221727651"><ele>3183.8818359375</ele><time>2025-08-21T20:32:33Z</time></trkpt><trkpt lat="23.467075653752655" lon="120.94024497704379"><ele>3184.1962890625</ele><time>2025-08-21T20:32:38Z</time></trkpt><trkpt lat="23.467015530270654" lon="120.94026155922198"><ele>3184.978515625</ele><time>2025-08-21T20:32:45Z</time></trkpt><trkpt lat="23.466938664746145" lon="120.94032874966878"><ele>3184.9970703125</ele><time>2025-08-21T20:33:11Z</time></trkpt><trkpt lat="23.466906588832" lon="120.9403849369295"><ele>3188.5771484375</ele><time>2025-08-21T20:34:00Z</time></trkpt><trkpt lat="23.466871598311783" lon="120.94040630051418"><ele>3189.75830078125</ele><time>2025-08-21T20:34:08Z</time></trkpt><trkpt lat="23.46679311625428" lon="120.9404321588025"><ele>3193.14306640625</ele><time>2025-08-21T20:34:41Z</time></trkpt><trkpt lat="23.46676722598807" lon="120.94048768171454"><ele>3197.02197265625</ele><time>2025-08-21T20:35:30Z</time></trkpt><trkpt lat="23.466748925701527" lon="120.9405293567755"><ele>3198.623291015625</ele><time>2025-08-21T20:35:44Z</time></trkpt><trkpt lat="23.466732330778303" lon="120.9405738343968"><ele>3199.563720703125</ele><time>2025-08-21T20:35:49Z</time></trkpt><trkpt lat="23.466697602639616" lon="120.94065137557612"><ele>3201.498046875</ele><time>2025-08-21T20:36:11Z</time></trkpt><trkpt lat="23.46668624944799" lon="120.94070535713185"><ele>3201.952392578125</ele><time>2025-08-21T20:36:17Z</time></trkpt><trkpt lat="23.466720068216365" lon="120.94075245449187"><ele>3201.92333984375</ele><time>2025-08-21T20:36:35Z</time></trkpt><trkpt lat="23.46677642993573" lon="120.94079953886316"><ele>3202.60498046875</ele><time>2025-08-21T20:37:11Z</time></trkpt><trkpt lat="23.466752177428546" lon="120.94085294871097"><ele>3202.980224609375</ele><time>2025-08-21T20:37:23Z</time></trkpt><trkpt lat="23.466714601248135" lon="120.94089510786482"><ele>3203.70947265625</ele><time>2025-08-21T20:37:29Z</time></trkpt><trkpt lat="23.4667275966706" lon="120.94096570152986"><ele>3204.198486328125</ele><time>2025-08-21T20:37:33Z</time></trkpt><trkpt lat="23.466719735746576" lon="120.94104975980791"><ele>3204.605224609375</ele><time>2025-08-21T20:37:40Z</time></trkpt><trkpt lat="23.466697917734944" lon="120.94110906243537"><ele>3204.245849609375</ele><time>2025-08-21T20:37:47Z</time></trkpt><trkpt lat="23.466669660906007" lon="120.94115475953204"><ele>3204.208984375</ele><time>2025-08-21T20:37:55Z</time></trkpt><trkpt lat="23.4666168122168" lon="120.94119529370192"><ele>3204.568359375</ele><time>2025-08-21T20:38:04Z</time></trkpt><trkpt lat="23.4665658889116" lon="120.94120412920861"><ele>3204.914306640625</ele><time>2025-08-21T20:38:11Z</time></trkpt><trkpt lat="23.466512426118705" lon="120.94121533852574"><ele>3205.1337890625</ele><time>2025-08-21T20:38:17Z</time></trkpt><trkpt lat="23.46645041083802" lon="120.94122324199336"><ele>3205.62255859375</ele><time>2025-08-21T20:38:25Z</time></trkpt><trkpt lat="23.46638561467713" lon="120.94123452011557"><ele>3207.141845703125</ele><time>2025-08-21T20:38:40Z</time></trkpt><trkpt lat="23.46633054243754" lon="120.94122459887566"><ele>3207.58056640625</ele><time>2025-08-21T20:38:55Z</time></trkpt><trkpt lat="23.46627898986741" lon="120.94121429479335"><ele>3208.49462890625</ele><time>2025-08-21T20:39:02Z</time></trkpt><trkpt lat="23.466167449035964" lon="120.94121985881463"><ele>3208.76953125</ele><time>2025-08-21T20:39:35Z</time></trkpt><trkpt lat="23.466225037091927" lon="120.94124654182103"><ele>3208.73779296875</ele><time>2025-08-21T20:41:05Z</time></trkpt><trkpt lat="23.46622223830969" lon="120.9412881188666"><ele>3208.766845703125</ele><time>2025-08-21T20:41:18Z</time></trkpt><trkpt lat="23.466215721354676" lon="120.94134437988139"><ele>3208.521240234375</ele><time>2025-08-21T20:41:30Z</time></trkpt><trkpt lat="23.466205878895654" lon="120.94139112801373"><ele>3213.351318359375</ele><time>2025-08-21T20:41:36Z</time></trkpt><trkpt lat="23.466168775876028" lon="120.94145063534741"><ele>3213.570556640625</ele><time>2025-08-21T20:41:47Z</time></trkpt><trkpt lat="23.466118829451876" lon="120.94149663337953"><ele>3214.4423828125</ele><time>2025-08-21T20:41:58Z</time></trkpt><trkpt lat="23.466052816774493" lon="120.94151210410581"><ele>3215.375244140625</ele><time>2025-08-21T20:42:20Z</time></trkpt><trkpt lat="23.466012818491947" lon="120.94151306197004"><ele>3215.62353515625</ele><time>2025-08-21T20:42:25Z</time></trkpt><trkpt lat="23.46595283157687" lon="120.94152280282216"><ele>3214.291748046875</ele><time>2025-08-21T20:42:36Z</time></trkpt><trkpt lat="23.465912154232385" lon="120.94153102343252"><ele>3214.47412109375</ele><time>2025-08-21T20:42:42Z</time></trkpt><trkpt lat="23.465851867127448" lon="120.94153773826078"><ele>3214.342041015625</ele><time>2025-08-21T20:42:50Z</time></trkpt><trkpt lat="23.465793567047285" lon="120.9415273290328"><ele>3214.796630859375</ele><time>2025-08-21T20:42:59Z</time></trkpt><trkpt lat="23.465730713346254" lon="120.9415128674962"><ele>3214.957763671875</ele><time>2025-08-21T20:43:08Z</time></trkpt><trkpt lat="23.46568714233214" lon="120.9415000247322"><ele>3214.767578125</ele><time>2025-08-21T20:43:18Z</time></trkpt><trkpt lat="23.46564848420483" lon="120.94149310552534"><ele>3214.751708984375</ele><time>2025-08-21T20:43:24Z</time></trkpt><trkpt lat="23.46560194419567" lon="120.94149564588686"><ele>3214.719970703125</ele><time>2025-08-21T20:43:29Z</time></trkpt><trkpt lat="23.465545222275104" lon="120.94151668080481"><ele>3215.510009765625</ele><time>2025-08-21T20:43:37Z</time></trkpt><trkpt lat="23.465453607417547" lon="120.94150401739965"><ele>3221.0693359375</ele><time>2025-08-21T20:44:11Z</time></trkpt><trkpt lat="23.465407988357313" lon="120.94150993516429"><ele>3221.8779296875</ele><time>2025-08-21T20:44:23Z</time></trkpt><trkpt lat="23.465377210044814" lon="120.9415564264585"><ele>3222.810546875</ele><time>2025-08-21T20:44:33Z</time></trkpt><trkpt lat="23.46534809183499" lon="120.94158666144018"><ele>3223.288818359375</ele><time>2025-08-21T20:44:47Z</time></trkpt><trkpt lat="23.465308275150388" lon="120.94163582464313"><ele>3223.714111328125</ele><time>2025-08-21T20:44:53Z</time></trkpt><trkpt lat="23.465263357517827" lon="120.94168571093658"><ele>3223.87548828125</ele><time>2025-08-21T20:45:01Z</time></trkpt><trkpt lat="23.465238457441377" lon="120.94173077347368"><ele>3223.6904296875</ele><time>2025-08-21T20:45:08Z</time></trkpt><trkpt lat="23.46522301310626" lon="120.94178528651996"><ele>3223.257080078125</ele><time>2025-08-21T20:45:15Z</time></trkpt><trkpt lat="23.465184464568278" lon="120.94183650124533"><ele>3223.354736328125</ele><time>2025-08-21T20:45:23Z</time></trkpt><trkpt lat="23.46514973379177" lon="120.94189032246254"><ele>3223.39453125</ele><time>2025-08-21T20:45:33Z</time></trkpt><trkpt lat="23.465118682464773" lon="120.9419381747278"><ele>3223.796142578125</ele><time>2025-08-21T20:45:40Z</time></trkpt><trkpt lat="23.46510054344335" lon="120.94198727537352"><ele>3224.13427734375</ele><time>2025-08-21T20:45:47Z</time></trkpt><trkpt lat="23.465095568128774" lon="120.94205124002251"><ele>3225.542724609375</ele><time>2025-08-21T20:46:01Z</time></trkpt><trkpt lat="23.465092645118943" lon="120.94211997112612"><ele>3226.385498046875</ele><time>2025-08-21T20:46:10Z</time></trkpt><trkpt lat="23.46514256537557" lon="120.94215893387683"><ele>3228.4228515625</ele><time>2025-08-21T20:46:40Z</time></trkpt><trkpt lat="23.465153716242376" lon="120.94220348701305"><ele>3228.80859375</ele><time>2025-08-21T20:46:48Z</time></trkpt><trkpt lat="23.465175178759708" lon="120.94225317414624"><ele>3229.36865234375</ele><time>2025-08-21T20:46:57Z</time></trkpt><trkpt lat="23.465212069042593" lon="120.94229409769365"><ele>3230.01611328125</ele><time>2025-08-21T20:47:05Z</time></trkpt><trkpt lat="23.46522356649309" lon="120.94234842554616"><ele>3230.9169921875</ele><time>2025-08-21T20:47:15Z</time></trkpt><trkpt lat="23.465198217058155" lon="120.94239222640888"><ele>3231.265869140625</ele><time>2025-08-21T20:47:23Z</time></trkpt><trkpt lat="23.46511643380235" lon="120.94243219918242"><ele>3231.960693359375</ele><time>2025-08-21T20:47:35Z</time></trkpt><trkpt lat="23.465111848248572" lon="120.94247976920333"><ele>3231.34765625</ele><time>2025-08-21T20:47:41Z</time></trkpt><trkpt lat="23.465126110016634" lon="120.9425865377811"><ele>3231.117919921875</ele><time>2025-08-21T20:47:47Z</time></trkpt><trkpt lat="23.465141191002978" lon="120.94260367550619"><ele>3231.342529296875</ele><time>2025-08-21T20:47:53Z</time></trkpt><trkpt lat="23.465189227716483" lon="120.94267033445826"><ele>3231.44287109375</ele><time>2025-08-21T20:48:01Z</time></trkpt><trkpt lat="23.46522574655391" lon="120.94274213396818"><ele>3232.956787109375</ele><time>2025-08-21T20:48:11Z</time></trkpt><trkpt lat="23.465253609763245" lon="120.94281531715032"><ele>3234.94921875</ele><time>2025-08-21T20:48:35Z</time></trkpt><trkpt lat="23.465266093233065" lon="120.94288031668665"><ele>3236.259765625</ele><time>2025-08-21T20:48:47Z</time></trkpt><trkpt lat="23.46526286817752" lon="120.94292362605793"><ele>3236.983642578125</ele><time>2025-08-21T20:48:53Z</time></trkpt><trkpt lat="23.465228326969825" lon="120.94300183317489"><ele>3237.792236328125</ele><time>2025-08-21T20:49:05Z</time></trkpt><trkpt lat="23.465193917695558" lon="120.94308059930678"><ele>3237.5888671875</ele><time>2025-08-21T20:50:41Z</time></trkpt><trkpt lat="23.465161708395826" lon="120.94311465614697"><ele>3236.72216796875</ele><time>2025-08-21T20:50:48Z</time></trkpt><trkpt lat="23.465128885328173" lon="120.94313496599597"><ele>3235.435302734375</ele><time>2025-08-21T20:50:54Z</time></trkpt><trkpt lat="23.465069354141047" lon="120.94315182026597"><ele>3231.511474609375</ele><time>2025-08-21T20:51:17Z</time></trkpt><trkpt lat="23.465027724879906" lon="120.94319000154493"><ele>3231.078125</ele><time>2025-08-21T20:51:23Z</time></trkpt><trkpt lat="23.465009363850587" lon="120.94327592608226"><ele>3232.328125</ele><time>2025-08-21T20:51:49Z</time></trkpt><trkpt lat="23.4650280574127" lon="120.94333789710895"><ele>3234.3916015625</ele><time>2025-08-21T20:52:16Z</time></trkpt><trkpt lat="23.465054990593405" lon="120.94336901867895"><ele>3234.639892578125</ele><time>2025-08-21T20:52:23Z</time></trkpt><trkpt lat="23.465110429907078" lon="120.94341233512372"><ele>3234.182861328125</ele><time>2025-08-21T20:52:41Z</time></trkpt><trkpt lat="23.465132354294514" lon="120.94346214674151"><ele>3234.954345703125</ele><time>2025-08-21T20:52:53Z</time></trkpt><trkpt lat="23.465133174425947" lon="120.94351649708577"><ele>3235.97705078125</ele><time>2025-08-21T20:53:01Z</time></trkpt><trkpt lat="23.465126879655333" lon="120.94357217096824"><ele>3236.8330078125</ele><time>2025-08-21T20:53:07Z</time></trkpt><trkpt lat="23.465130419413843" lon="120.94365610450619"><ele>3238.484619140625</ele><time>2025-08-21T20:53:25Z</time></trkpt><trkpt lat="23.465141473673032" lon="120.94370303592056"><ele>3238.7724609375</ele><time>2025-08-21T20:53:32Z</time></trkpt><trkpt lat="23.465160672378865" lon="120.94377619991762"><ele>3239.64453125</ele><time>2025-08-21T20:53:47Z</time></trkpt><trkpt lat="23.46519783270622" lon="120.94382833681067"><ele>3244.0439453125</ele><time>2025-08-21T20:54:33Z</time></trkpt><trkpt lat="23.465239089318636" lon="120.943829258893"><ele>3246.8974609375</ele><time>2025-08-21T20:55:06Z</time></trkpt><trkpt lat="23.465312975076078" lon="120.94386183063276"><ele>3247.19873046875</ele><time>2025-08-21T20:55:11Z</time></trkpt><trkpt lat="23.465383451600726" lon="120.94391578812015"><ele>3248.802490234375</ele><time>2025-08-21T20:55:35Z</time></trkpt><trkpt lat="23.465388539984783" lon="120.94397246527396"><ele>3249.777587890625</ele><time>2025-08-21T20:55:53Z</time></trkpt><trkpt lat="23.46539279113508" lon="120.94402799188562"><ele>3250.670654296875</ele><time>2025-08-21T20:56:13Z</time></trkpt><trkpt lat="23.465421174046554" lon="120.94406364399815"><ele>3251.209716796875</ele><time>2025-08-21T20:56:26Z</time></trkpt><trkpt lat="23.46546507375568" lon="120.94407505033296"><ele>3250.92431640625</ele><time>2025-08-21T20:56:31Z</time></trkpt><trkpt lat="23.46552291353664" lon="120.94408179155826"><ele>3250.884765625</ele><time>2025-08-21T20:56:40Z</time></trkpt><trkpt lat="23.465582622072798" lon="120.94408308078579"><ele>3250.934814453125</ele><time>2025-08-21T20:56:51Z</time></trkpt><trkpt lat="23.465633814922114" lon="120.94407792931133"><ele>3251.17529296875</ele><time>2025-08-21T20:56:55Z</time></trkpt><trkpt lat="23.46568959068292" lon="120.94408024571426"><ele>3251.545166015625</ele><time>2025-08-21T20:57:00Z</time></trkpt><trkpt lat="23.465744476583804" lon="120.94410870847744"><ele>3252.308837890625</ele><time>2025-08-21T20:57:08Z</time></trkpt><trkpt lat="23.465757333054047" lon="120.94415654014504"><ele>3252.89013671875</ele><time>2025-08-21T20:57:16Z</time></trkpt><trkpt lat="23.46575699442954" lon="120.94421203580812"><ele>3253.854736328125</ele><time>2025-08-21T20:57:34Z</time></trkpt><trkpt lat="23.46573099677761" lon="120.94423920931514"><ele>3254.54150390625</ele><time>2025-08-21T20:57:39Z</time></trkpt><trkpt lat="23.46569488988022" lon="120.9442811094947"><ele>3254.45703125</ele><time>2025-08-21T20:57:47Z</time></trkpt><trkpt lat="23.46566477877165" lon="120.9443560074875"><ele>3256.45458984375</ele><time>2025-08-21T20:58:08Z</time></trkpt><trkpt lat="23.465628709603777" lon="120.94439511026219"><ele>3257.170654296875</ele><time>2025-08-21T20:58:14Z</time></trkpt><trkpt lat="23.465583117987265" lon="120.9444274536446"><ele>3257.4638671875</ele><time>2025-08-21T20:58:21Z</time></trkpt><trkpt lat="23.465531569697163" lon="120.94446204047846"><ele>3258.4072265625</ele><time>2025-08-21T20:58:33Z</time></trkpt><trkpt lat="23.465495518853874" lon="120.944495588795"><ele>3258.742919921875</ele><time>2025-08-21T20:58:41Z</time></trkpt><trkpt lat="23.46544621135619" lon="120.94454017189197"><ele>3259.585693359375</ele><time>2025-08-21T20:58:54Z</time></trkpt><trkpt lat="23.46540746759489" lon="120.94457965893035"><ele>3260.70068359375</ele><time>2025-08-21T20:59:01Z</time></trkpt><trkpt lat="23.46537629803777" lon="120.94462614884155"><ele>3261.44580078125</ele><time>2025-08-21T20:59:08Z</time></trkpt><trkpt lat="23.465346177821946" lon="120.94467945938872"><ele>3262.000732421875</ele><time>2025-08-21T20:59:16Z</time></trkpt><trkpt lat="23.46532743566401" lon="120.94473989902194"><ele>3262.447265625</ele><time>2025-08-21T20:59:26Z</time></trkpt><trkpt lat="23.465332110840937" lon="120.94478977667823"><ele>3262.603271484375</ele><time>2025-08-21T20:59:33Z</time></trkpt><trkpt lat="23.46535499418273" lon="120.94484432596443"><ele>3263.432861328125</ele><time>2025-08-21T20:59:43Z</time></trkpt><trkpt lat="23.465366355563024" lon="120.94490497384695"><ele>3264.24658203125</ele><time>2025-08-21T20:59:53Z</time></trkpt><trkpt lat="23.465345595901606" lon="120.94495632989573"><ele>3264.75927734375</ele><time>2025-08-21T21:00:03Z</time></trkpt><trkpt lat="23.465314800862227" lon="120.94498928440201"><ele>3265.36962890625</ele><time>2025-08-21T21:00:08Z</time></trkpt><trkpt lat="23.465307624060117" lon="120.945044844096"><ele>3266.342041015625</ele><time>2025-08-21T21:00:17Z</time></trkpt><trkpt lat="23.465321613152263" lon="120.94509462902325"><ele>3265.795166015625</ele><time>2025-08-21T21:00:22Z</time></trkpt><trkpt lat="23.465341313009283" lon="120.94517129525167"><ele>3264.352294921875</ele><time>2025-08-21T21:00:35Z</time></trkpt><trkpt lat="23.46535207730698" lon="120.94522089007943"><ele>3262.714111328125</ele><time>2025-08-21T21:00:41Z</time></trkpt><trkpt lat="23.465332005584074" lon="120.94527879083859"><ele>3263.31396484375</ele><time>2025-08-21T21:00:53Z</time></trkpt><trkpt lat="23.465306483422466" lon="120.94533541152622"><ele>3265.366943359375</ele><time>2025-08-21T21:01:03Z</time></trkpt><trkpt lat="23.465343306575885" lon="120.94536617406224"><ele>3267.18212890625</ele><time>2025-08-21T21:01:23Z</time></trkpt><trkpt lat="23.465347973895284" lon="120.94541362004084"><ele>3268.89697265625</ele><time>2025-08-21T21:01:34Z</time></trkpt><trkpt lat="23.46533889531776" lon="120.94545762888083"><ele>3274.0390625</ele><time>2025-08-21T21:01:41Z</time></trkpt><trkpt lat="23.46533116279667" lon="120.94551406711426"><ele>3274.551513671875</ele><time>2025-08-21T21:01:51Z</time></trkpt><trkpt lat="23.46535646635307" lon="120.94557620877794"><ele>3276.284912109375</ele><time>2025-08-21T21:02:07Z</time></trkpt><trkpt lat="23.4653661282682" lon="120.94563841188162"><ele>3277.46337890625</ele><time>2025-08-21T21:02:21Z</time></trkpt><trkpt lat="23.465354410533973" lon="120.94570088197999"><ele>3278.64697265625</ele><time>2025-08-21T21:02:38Z</time></trkpt><trkpt lat="23.46535257942746" lon="120.94574960144911"><ele>3279.33935546875</ele><time>2025-08-21T21:02:47Z</time></trkpt><trkpt lat="23.465362520932505" lon="120.94580610925298"><ele>3280.1611328125</ele><time>2025-08-21T21:02:58Z</time></trkpt><trkpt lat="23.465405501494867" lon="120.94585089699925"><ele>3280.377685546875</ele><time>2025-08-21T21:03:15Z</time></trkpt><trkpt lat="23.465434527529833" lon="120.94589550967949"><ele>3280.813720703125</ele><time>2025-08-21T21:03:25Z</time></trkpt><trkpt lat="23.465465251369867" lon="120.94593740617624"><ele>3281.18896484375</ele><time>2025-08-21T21:03:33Z</time></trkpt><trkpt lat="23.465503512916385" lon="120.94599622149182"><ele>3281.976318359375</ele><time>2025-08-21T21:03:48Z</time></trkpt><trkpt lat="23.465531170634065" lon="120.94605843769516"><ele>3283.197021484375</ele><time>2025-08-21T21:04:10Z</time></trkpt><trkpt lat="23.465537232580584" lon="120.94610451982147"><ele>3283.9501953125</ele><time>2025-08-21T21:04:18Z</time></trkpt><trkpt lat="23.46550476904682" lon="120.94609906933528"><ele>3287.501220703125</ele><time>2025-08-21T21:05:02Z</time></trkpt><trkpt lat="23.465484382483748" lon="120.94604843620067"><ele>3289.078857421875</ele><time>2025-08-21T21:05:23Z</time></trkpt><trkpt lat="23.46547821028649" lon="120.94600113502824"><ele>3289.93212890625</ele><time>2025-08-21T21:05:30Z</time></trkpt><trkpt lat="23.465478619541457" lon="120.94592998744365"><ele>3291.924560546875</ele><time>2025-08-21T21:05:57Z</time></trkpt><trkpt lat="23.465486465942465" lon="120.94587461657244"><ele>3292.91796875</ele><time>2025-08-21T21:06:09Z</time></trkpt><trkpt lat="23.46550479887979" lon="120.94582805087049"><ele>3292.849365234375</ele><time>2025-08-21T21:06:14Z</time></trkpt><trkpt lat="23.46553118936009" lon="120.94577912580746"><ele>3293.0</ele><time>2025-08-21T21:06:23Z</time></trkpt><trkpt lat="23.4655662026254" lon="120.94574088035657"><ele>3293.620849609375</ele><time>2025-08-21T21:06:30Z</time></trkpt><trkpt lat="23.465621665883884" lon="120.94569086461439"><ele>3294.52197265625</ele><time>2025-08-21T21:06:41Z</time></trkpt><trkpt lat="23.465649689670517" lon="120.94563190791754"><ele>3296.062255859375</ele><time>2025-08-21T21:06:56Z</time></trkpt><trkpt lat="23.46569070017161" lon="120.9456538085195"><ele>3299.523681640625</ele><time>2025-08-21T21:07:28Z</time></trkpt><trkpt lat="23.465662669868518" lon="120.94568909896212"><ele>3301.3310546875</ele><time>2025-08-21T21:07:46Z</time></trkpt><trkpt lat="23.465663675522546" lon="120.94573853394259"><ele>3302.451416015625</ele><time>2025-08-21T21:08:04Z</time></trkpt><trkpt lat="23.465633119484842" lon="120.94572967680412"><ele>3303.13037109375</ele><time>2025-08-21T21:08:15Z</time></trkpt><trkpt lat="23.465609921019958" lon="120.9457682604826"><ele>3304.39599609375</ele><time>2025-08-21T21:08:29Z</time></trkpt><trkpt lat="23.465632005305032" lon="120.94580492446644"><ele>3304.834716796875</ele><time>2025-08-21T21:08:39Z</time></trkpt><trkpt lat="23.465671716989313" lon="120.94584422077664"><ele>3305.812255859375</ele><time>2025-08-21T21:08:49Z</time></trkpt><trkpt lat="23.46571692527836" lon="120.94590580266302"><ele>3305.651123046875</ele><time>2025-08-21T21:08:59Z</time></trkpt><trkpt lat="23.46574307254157" lon="120.94594538456631"><ele>3306.45703125</ele><time>2025-08-21T21:09:13Z</time></trkpt><trkpt lat="23.465756081475174" lon="120.94598182982291"><ele>3307.45849609375</ele><time>2025-08-21T21:09:19Z</time></trkpt><trkpt lat="23.46578610734933" lon="120.9460541639562"><ele>3307.365966796875</ele><time>2025-08-21T21:09:29Z</time></trkpt><trkpt lat="23.465811667708607" lon="120.94610775666428"><ele>3307.9736328125</ele><time>2025-08-21T21:09:38Z</time></trkpt><trkpt lat="23.46586270456927" lon="120.94619009243615"><ele>3309.66748046875</ele><time>2025-08-21T21:09:53Z</time></trkpt><trkpt lat="23.46582818960577" lon="120.946227169677"><ele>3312.40478515625</ele><time>2025-08-21T21:10:41Z</time></trkpt><trkpt lat="23.465810376941107" lon="120.94617202988312"><ele>3314.57666015625</ele><time>2025-08-21T21:11:05Z</time></trkpt><trkpt lat="23.465814592936283" lon="120.94614952229833"><ele>3315.858154296875</ele><time>2025-08-21T21:11:15Z</time></trkpt><trkpt lat="23.465874108409416" lon="120.94610460497243"><ele>3319.0341796875</ele><time>2025-08-21T21:11:59Z</time></trkpt><trkpt lat="23.465916487829347" lon="120.94612240617381"><ele>3319.898193359375</ele><time>2025-08-21T21:12:11Z</time></trkpt><trkpt lat="23.465939481345835" lon="120.94613839306624"><ele>3321.972412109375</ele><time>2025-08-21T21:12:22Z</time></trkpt><trkpt lat="23.465997522812422" lon="120.94621165688703"><ele>3322.0595703125</ele><time>2025-08-21T21:12:41Z</time></trkpt><trkpt lat="23.46600450567394" lon="120.94628341023088"><ele>3324.662353515625</ele><time>2025-08-21T21:14:05Z</time></trkpt><trkpt lat="23.465964397854133" lon="120.9462593024687"><ele>3322.36083984375</ele><time>2025-08-21T21:14:41Z</time></trkpt><trkpt lat="23.465896308068952" lon="120.9462228653746"><ele>3321.549560546875</ele><time>2025-08-21T21:15:41Z</time></trkpt><trkpt lat="23.465936383965737" lon="120.94622532620306"><ele>3322.3291015625</ele><time>2025-08-21T21:17:23Z</time></trkpt><trkpt lat="23.465991157479138" lon="120.94626591546506"><ele>3323.1904296875</ele><time>2025-08-21T21:17:35Z</time></trkpt><trkpt lat="23.466041298557926" lon="120.94630624030493"><ele>3324.197265625</ele><time>2025-08-21T21:17:47Z</time></trkpt><trkpt lat="23.466065785252642" lon="120.94638224840106"><ele>3326.9794921875</ele><time>2025-08-21T21:18:08Z</time></trkpt><trkpt lat="23.466062066054768" lon="120.94643905353023"><ele>3327.95458984375</ele><time>2025-08-21T21:18:16Z</time></trkpt><trkpt lat="23.466039248086858" lon="120.94648044211492"><ele>3328.010009765625</ele><time>2025-08-21T21:18:21Z</time></trkpt><trkpt lat="23.46600330860701" lon="120.94654034983479"><ele>3329.545166015625</ele><time>2025-08-21T21:18:36Z</time></trkpt><trkpt lat="23.465970899992517" lon="120.94659197430617"><ele>3330.552001953125</ele><time>2025-08-21T21:18:49Z</time></trkpt><trkpt lat="23.465940028645388" lon="120.94662757254471"><ele>3330.67333984375</ele><time>2025-08-21T21:18:53Z</time></trkpt><trkpt lat="23.465900270158468" lon="120.94667527853092"><ele>3330.866455078125</ele><time>2025-08-21T21:18:58Z</time></trkpt><trkpt lat="23.465847919016426" lon="120.94671104531899"><ele>3330.69189453125</ele><time>2025-08-21T21:19:04Z</time></trkpt><trkpt lat="23.465782551638803" lon="120.94676574365377"><ele>3331.41845703125</ele><time>2025-08-21T21:19:23Z</time></trkpt><trkpt lat="23.465768792499418" lon="120.94681774863787"><ele>3331.603515625</ele><time>2025-08-21T21:19:32Z</time></trkpt><trkpt lat="23.465753292797068" lon="120.94687224780053"><ele>3332.718505859375</ele><time>2025-08-21T21:19:42Z</time></trkpt><trkpt lat="23.465738641478293" lon="120.94692318489912"><ele>3332.898193359375</ele><time>2025-08-21T21:19:51Z</time></trkpt><trkpt lat="23.465741958325093" lon="120.94697449091859"><ele>3332.330078125</ele><time>2025-08-21T21:19:59Z</time></trkpt><trkpt lat="23.465722408573182" lon="120.94703901627378"><ele>3330.90869140625</ele><time>2025-08-21T21:20:08Z</time></trkpt><trkpt lat="23.465705237225745" lon="120.94709756070874"><ele>3330.406494140625</ele><time>2025-08-21T21:20:14Z</time></trkpt><trkpt lat="23.465681051995734" lon="120.94714912745962"><ele>3329.97314453125</ele><time>2025-08-21T21:20:19Z</time></trkpt><trkpt lat="23.465661264804382" lon="120.94720804639506"><ele>3328.734130859375</ele><time>2025-08-21T21:20:27Z</time></trkpt><trkpt lat="23.465649233328193" lon="120.9472729380154"><ele>3328.6416015625</ele><time>2025-08-21T21:20:37Z</time></trkpt><trkpt lat="23.465634173795856" lon="120.94732479176616"><ele>3328.71826171875</ele><time>2025-08-21T21:20:44Z</time></trkpt><trkpt lat="23.46561870003259" lon="120.9473717560182"><ele>3329.344482421875</ele><time>2025-08-21T21:20:49Z</time></trkpt><trkpt lat="23.465614087189806" lon="120.94743271590369"><ele>3329.69580078125</ele><time>2025-08-21T21:20:55Z</time></trkpt><trkpt lat="23.46563223263037" lon="120.94749582791883"><ele>3329.58740234375</ele><time>2025-08-21T21:21:03Z</time></trkpt><trkpt lat="23.46565621327122" lon="120.94755039253424"><ele>3329.81201171875</ele><time>2025-08-21T21:21:11Z</time></trkpt><trkpt lat="23.46568517978712" lon="120.94761033062747"><ele>3330.34326171875</ele><time>2025-08-21T21:21:18Z</time></trkpt><trkpt lat="23.465712653758988" lon="120.94766510007479"><ele>3330.586181640625</ele><time>2025-08-21T21:21:24Z</time></trkpt><trkpt lat="23.4657413175778" lon="120.94772105958234"><ele>3331.772705078125</ele><time>2025-08-21T21:21:32Z</time></trkpt><trkpt lat="23.46577606316812" lon="120.94776523225345"><ele>3343.065673828125</ele><time>2025-08-21T21:21:40Z</time></trkpt><trkpt lat="23.465821892214212" lon="120.94781189945277"><ele>3344.080322265625</ele><time>2025-08-21T21:21:52Z</time></trkpt><trkpt lat="23.465846999361737" lon="120.94786114060678"><ele>3345.1240234375</ele><time>2025-08-21T21:22:00Z</time></trkpt><trkpt lat="23.465855216041913" lon="120.94793464183773"><ele>3345.5546875</ele><time>2025-08-21T21:22:15Z</time></trkpt><trkpt lat="23.465849791719798" lon="120.94798527448347"><ele>3346.059326171875</ele><time>2025-08-21T21:22:21Z</time></trkpt><trkpt lat="23.465830805050285" lon="120.94803932571325"><ele>3346.307861328125</ele><time>2025-08-21T21:22:29Z</time></trkpt><trkpt lat="23.46579699903422" lon="120.94809274375484"><ele>3347.626220703125</ele><time>2025-08-21T21:22:36Z</time></trkpt><trkpt lat="23.465766746135827" lon="120.94814144469461"><ele>3348.659423828125</ele><time>2025-08-21T21:22:44Z</time></trkpt><trkpt lat="23.465694150436157" lon="120.94817052699914"><ele>3350.252685546875</ele><time>2025-08-21T21:23:05Z</time></trkpt><trkpt lat="23.465687556723083" lon="120.94818143838091"><ele>3351.420654296875</ele><time>2025-08-21T21:23:17Z</time></trkpt><trkpt lat="23.465660710405704" lon="120.94825916447463"><ele>3351.711181640625</ele><time>2025-08-21T21:23:23Z</time></trkpt><trkpt lat="23.465660304967535" lon="120.94838851204408"><ele>3353.439208984375</ele><time>2025-08-21T21:23:41Z</time></trkpt><trkpt lat="23.46568744783117" lon="120.94848331261629"><ele>3355.621826171875</ele><time>2025-08-21T21:23:53Z</time></trkpt><trkpt lat="23.465733943677996" lon="120.94854188592683"><ele>3357.244140625</ele><time>2025-08-21T21:24:11Z</time></trkpt><trkpt lat="23.465792518061086" lon="120.94856775580774"><ele>3358.2587890625</ele><time>2025-08-21T21:24:23Z</time></trkpt><trkpt lat="23.465860417491168" lon="120.94858471271985"><ele>3358.73974609375</ele><time>2025-08-21T21:24:29Z</time></trkpt><trkpt lat="23.465923671356318" lon="120.94858977607167"><ele>3359.09375</ele><time>2025-08-21T21:24:35Z</time></trkpt><trkpt lat="23.465944949584717" lon="120.9485892450376"><ele>3360.22998046875</ele><time>2025-08-21T21:24:41Z</time></trkpt><trkpt lat="23.46601848786121" lon="120.94858157712149"><ele>3361.00146484375</ele><time>2025-08-21T21:24:57Z</time></trkpt><trkpt lat="23.466059108870127" lon="120.94859228730732"><ele>3361.363525390625</ele><time>2025-08-21T21:25:02Z</time></trkpt><trkpt lat="23.46610728723907" lon="120.94863515113781"><ele>3361.609130859375</ele><time>2025-08-21T21:25:12Z</time></trkpt><trkpt lat="23.466148583585362" lon="120.94869508848615"><ele>3361.635498046875</ele><time>2025-08-21T21:25:20Z</time></trkpt><trkpt lat="23.466156148382247" lon="120.94874910449535"><ele>3362.610595703125</ele><time>2025-08-21T21:25:27Z</time></trkpt><trkpt lat="23.46618555567819" lon="120.94881199532314"><ele>3363.765380859375</ele><time>2025-08-21T21:25:38Z</time></trkpt><trkpt lat="23.466226644347113" lon="120.94886015958453"><ele>3364.100830078125</ele><time>2025-08-21T21:25:50Z</time></trkpt><trkpt lat="23.46626828846439" lon="120.9488997612277"><ele>3364.602783203125</ele><time>2025-08-21T21:25:55Z</time></trkpt><trkpt lat="23.46631937903516" lon="120.94894730188757"><ele>3364.703369140625</ele><time>2025-08-21T21:26:05Z</time></trkpt><trkpt lat="23.46635759320881" lon="120.94898267103177"><ele>3365.31640625</ele><time>2025-08-21T21:26:11Z</time></trkpt><trkpt lat="23.466388587979147" lon="120.94902324379389"><ele>3365.385009765625</ele><time>2025-08-21T21:26:17Z</time></trkpt><trkpt lat="23.466437482067175" lon="120.94905235948815"><ele>3366.51318359375</ele><time>2025-08-21T21:26:25Z</time></trkpt><trkpt lat="23.466485472153984" lon="120.94908696156581"><ele>3367.59912109375</ele><time>2025-08-21T21:26:33Z</time></trkpt><trkpt lat="23.466539702462764" lon="120.94912015994336"><ele>3369.282470703125</ele><time>2025-08-21T21:26:46Z</time></trkpt><trkpt lat="23.46658741371057" lon="120.94915520214406"><ele>3370.170166015625</ele><time>2025-08-21T21:26:56Z</time></trkpt><trkpt lat="23.46659741014175" lon="120.94920645469756"><ele>3372.400146484375</ele><time>2025-08-21T21:27:05Z</time></trkpt><trkpt lat="23.46659263571422" lon="120.94926049762358"><ele>3374.011962890625</ele><time>2025-08-21T21:27:13Z</time></trkpt><trkpt lat="23.466593839945503" lon="120.9491987779344"><ele>3375.552490234375</ele><time>2025-08-21T21:27:41Z</time></trkpt><trkpt lat="23.466613803108192" lon="120.94918689731861"><ele>3376.36376953125</ele><time>2025-08-21T21:27:49Z</time></trkpt><trkpt lat="23.466657533951505" lon="120.94915926343137"><ele>3377.91455078125</ele><time>2025-08-21T21:27:56Z</time></trkpt><trkpt lat="23.46665448510413" lon="120.94918572547833"><ele>3381.859619140625</ele><time>2025-08-21T21:28:31Z</time></trkpt><trkpt lat="23.466666701002698" lon="120.94923289052534"><ele>3383.645751953125</ele><time>2025-08-21T21:28:44Z</time></trkpt><trkpt lat="23.466680641718604" lon="120.94927561765158"><ele>3384.422607421875</ele><time>2025-08-21T21:28:52Z</time></trkpt><trkpt lat="23.466723517349003" lon="120.94932283822854"><ele>3386.504638671875</ele><time>2025-08-21T21:29:10Z</time></trkpt><trkpt lat="23.466700757482258" lon="120.94936691380936"><ele>3388.216796875</ele><time>2025-08-21T21:29:25Z</time></trkpt><trkpt lat="23.46667569669684" lon="120.94941028709614"><ele>3389.376953125</ele><time>2025-08-21T21:29:31Z</time></trkpt><trkpt lat="23.46665044172547" lon="120.94946293130889"><ele>3390.21435546875</ele><time>2025-08-21T21:29:39Z</time></trkpt><trkpt lat="23.466638232582145" lon="120.94953271080814"><ele>3392.309814453125</ele><time>2025-08-21T21:29:53Z</time></trkpt><trkpt lat="23.466678352345557" lon="120.94954153297098"><ele>3393.12890625</ele><time>2025-08-21T21:30:05Z</time></trkpt><trkpt lat="23.466655572294826" lon="120.9495833004263"><ele>3395.1318359375</ele><time>2025-08-21T21:30:26Z</time></trkpt><trkpt lat="23.466623032956043" lon="120.94961615030024"><ele>3395.93505859375</ele><time>2025-08-21T21:30:32Z</time></trkpt><trkpt lat="23.466577469277144" lon="120.94965885659347"><ele>3397.332763671875</ele><time>2025-08-21T21:30:49Z</time></trkpt><trkpt lat="23.466539900270966" lon="120.94969407567676"><ele>3397.79248046875</ele><time>2025-08-21T21:30:55Z</time></trkpt><trkpt lat="23.466494656854184" lon="120.94971823409402"><ele>3397.982666015625</ele><time>2025-08-21T21:31:02Z</time></trkpt><trkpt lat="23.46646479744151" lon="120.94977017857944"><ele>3397.9853515625</ele><time>2025-08-21T21:31:09Z</time></trkpt><trkpt lat="23.466494580576807" lon="120.94977085877659"><ele>3390.88037109375</ele><time>2025-08-21T21:31:39Z</time></trkpt><trkpt lat="23.466522081877166" lon="120.94978659811662"><ele>3390.922607421875</ele><time>2025-08-21T21:31:48Z</time></trkpt><trkpt lat="23.466550718154313" lon="120.9498239299949"><ele>3390.600341796875</ele><time>2025-08-21T21:32:00Z</time></trkpt><trkpt lat="23.466578258059485" lon="120.94986304183418"><ele>3390.838134765625</ele><time>2025-08-21T21:32:06Z</time></trkpt><trkpt lat="23.466592172712843" lon="120.94990093195784"><ele>3390.8115234375</ele><time>2025-08-21T21:32:12Z</time></trkpt><trkpt lat="23.466593884735477" lon="120.94993290726455"><ele>3391.0732421875</ele><time>2025-08-21T21:32:18Z</time></trkpt><trkpt lat="23.466612637640306" lon="120.94997957176057"><ele>3390.78515625</ele><time>2025-08-21T21:32:30Z</time></trkpt><trkpt lat="23.46666706116249" lon="120.95006250278796"><ele>3390.6875</ele><time>2025-08-21T21:33:12Z</time></trkpt><trkpt lat="23.46670868522889" lon="120.95011058470436"><ele>3390.61083984375</ele><time>2025-08-21T21:33:36Z</time></trkpt><trkpt lat="23.466675132596194" lon="120.95007310144909"><ele>3390.52099609375</ele><time>2025-08-21T21:33:48Z</time></trkpt><trkpt lat="23.466617069012223" lon="120.95001646234508"><ele>3391.5302734375</ele><time>2025-08-21T21:34:18Z</time></trkpt><trkpt lat="23.466451724573066" lon="120.94974802833823"><ele>3391.2080078125</ele><time>2025-08-21T21:34:24Z</time></trkpt><trkpt lat="23.46643091518158" lon="120.9497353261809"><ele>3390.919921875</ele><time>2025-08-21T21:34:30Z</time></trkpt><trkpt lat="23.466422465396843" lon="120.94973727366104"><ele>3391.908203125</ele><time>2025-08-21T21:34:36Z</time></trkpt><trkpt lat="23.466424825177672" lon="120.94974962561066"><ele>3391.437744140625</ele><time>2025-08-21T21:34:48Z</time></trkpt><trkpt lat="23.46647008747794" lon="120.94982408701047"><ele>3390.756103515625</ele><time>2025-08-21T21:36:06Z</time></trkpt><trkpt lat="23.466469853148396" lon="120.94981049194219"><ele>3390.639892578125</ele><time>2025-08-21T21:36:18Z</time></trkpt><trkpt lat="23.466445503652526" lon="120.94983915841505"><ele>3390.697998046875</ele><time>2025-08-21T21:36:49Z</time></trkpt><trkpt lat="23.466432066852946" lon="120.94979420756341"><ele>3390.338623046875</ele><time>2025-08-21T21:40:00Z</time></trkpt><trkpt lat="23.466439922998475" lon="120.9498150660005"><ele>3390.531494140625</ele><time>2025-08-21T21:40:14Z</time></trkpt><trkpt lat="23.46642577210463" lon="120.94977961111773"><ele>3390.77734375</ele><time>2025-08-21T21:40:24Z</time></trkpt><trkpt lat="23.46641534097118" lon="120.94973865762074"><ele>3390.563232421875</ele><time>2025-08-21T21:40:42Z</time></trkpt><trkpt lat="23.466442246780915" lon="120.94968370205301"><ele>3390.703369140625</ele><time>2025-08-21T21:40:48Z</time></trkpt><trkpt lat="23.466461573001336" lon="120.94966250095439"><ele>3391.271240234375</ele><time>2025-08-21T21:40:57Z</time></trkpt><trkpt lat="23.46645519927585" lon="120.94966019458464"><ele>3391.110107421875</ele><time>2025-08-21T21:41:03Z</time></trkpt><trkpt lat="23.466392761360908" lon="120.94968510680802"><ele>3390.832763671875</ele><time>2025-08-21T21:41:09Z</time></trkpt><trkpt lat="23.4664283351124" lon="120.94968718643459"><ele>3390.993896484375</ele><time>2025-08-21T21:41:21Z</time></trkpt><trkpt lat="23.466424035873096" lon="120.94972533259804"><ele>3390.38623046875</ele><time>2025-08-21T21:41:39Z</time></trkpt><trkpt lat="23.466484811499473" lon="120.94978528846042"><ele>3390.2646484375</ele><time>2025-08-21T21:43:03Z</time></trkpt><trkpt lat="23.466564027110294" lon="120.9498436199604"><ele>3390.58447265625</ele><time>2025-08-21T21:43:09Z</time></trkpt><trkpt lat="23.466554551055648" lon="120.94994092087538"><ele>3390.787841796875</ele><time>2025-08-21T21:43:39Z</time></trkpt><trkpt lat="23.466556265431983" lon="120.94992554927461"><ele>3388.83251953125</ele><time>2025-08-21T21:43:48Z</time></trkpt><trkpt lat="23.466563748672083" lon="120.94987349603744"><ele>3391.823486328125</ele><time>2025-08-21T21:43:54Z</time></trkpt><trkpt lat="23.466520280195496" lon="120.9498690738566"><ele>3390.8037109375</ele><time>2025-08-21T21:44:11Z</time></trkpt><trkpt lat="23.466337210957118" lon="120.94972677940532"><ele>3411.754150390625</ele><time>2025-08-21T22:03:34Z</time></trkpt><trkpt lat="23.4663764081534" lon="120.94974864583511"><ele>3406.74462890625</ele><time>2025-08-21T22:03:50Z</time></trkpt><trkpt lat="23.46642811462526" lon="120.94977170745585"><ele>3409.46875</ele><time>2025-08-21T22:04:16Z</time></trkpt><trkpt lat="23.466473205747597" lon="120.94980637617701"><ele>3409.81494140625</ele><time>2025-08-21T22:04:58Z</time></trkpt><trkpt lat="23.466434249173258" lon="120.94983239421917"><ele>3406.176513671875</ele><time>2025-08-21T22:05:46Z</time></trkpt><trkpt lat="23.466430062461423" lon="120.94977064498332"><ele>3408.882080078125</ele><time>2025-08-21T22:06:03Z</time></trkpt><trkpt lat="23.46640245110262" lon="120.9498199182043"><ele>3434.971923828125</ele><time>2025-08-21T22:08:03Z</time></trkpt><trkpt lat="23.466397847438945" lon="120.9498626108492"><ele>3408.919189453125</ele><time>2025-08-21T22:08:15Z</time></trkpt><trkpt lat="23.466408420463793" lon="120.94984669004609"><ele>3407.86474609375</ele><time>2025-08-21T22:10:03Z</time></trkpt><trkpt lat="23.466459526245885" lon="120.94983052695761"><ele>3409.294189453125</ele><time>2025-08-21T22:10:08Z</time></trkpt><trkpt lat="23.466470311304846" lon="120.9498356913756"><ele>3408.37744140625</ele><time>2025-08-21T22:10:37Z</time></trkpt><trkpt lat="23.46647045020381" lon="120.94983937335053"><ele>3412.16650390625</ele><time>2025-08-21T22:10:48Z</time></trkpt><trkpt lat="23.466491346546288" lon="120.9498045184075"><ele>3408.615234375</ele><time>2025-08-21T22:11:11Z</time></trkpt><trkpt lat="23.466501507203464" lon="120.94976857010211"><ele>3408.205810546875</ele><time>2025-08-21T22:11:17Z</time></trkpt><trkpt lat="23.466457618423036" lon="120.94979589416762"><ele>3407.81982421875</ele><time>2025-08-21T22:11:31Z</time></trkpt><trkpt lat="23.466446337753048" lon="120.94982971648443"><ele>3387.648681640625</ele><time>2025-08-21T22:12:18Z</time></trkpt><trkpt lat="23.466444152786845" lon="120.94982419199039"><ele>3390.8037109375</ele><time>2025-08-21T22:14:15Z</time></trkpt><trkpt lat="23.46644717993391" lon="120.94978172070634"><ele>3391.128662109375</ele><time>2025-08-21T22:14:37Z</time></trkpt><trkpt lat="23.46648210268349" lon="120.9498023729298"><ele>3391.546142578125</ele><time>2025-08-21T22:15:15Z</time></trkpt><trkpt lat="23.46646367157026" lon="120.94983650714074"><ele>3390.9384765625</ele><time>2025-08-21T22:15:55Z</time></trkpt><trkpt lat="23.46650672317038" lon="120.9498591405793"><ele>3390.8115234375</ele><time>2025-08-21T22:17:02Z</time></trkpt><trkpt lat="23.466475837263864" lon="120.9498469700449"><ele>3391.147216796875</ele><time>2025-08-21T22:17:25Z</time></trkpt><trkpt lat="23.466536182617446" lon="120.94983362682562"><ele>3390.930419921875</ele><time>2025-08-21T22:17:44Z</time></trkpt><trkpt lat="23.466581797128832" lon="120.9498366318526"><ele>3390.692626953125</ele><time>2025-08-21T22:17:50Z</time></trkpt><trkpt lat="23.46662657666807" lon="120.94984979188295"><ele>3390.82470703125</ele><time>2025-08-21T22:17:56Z</time></trkpt><trkpt lat="23.46666792753997" lon="120.94986435179666"><ele>3390.72705078125</ele><time>2025-08-21T22:18:02Z</time></trkpt><trkpt lat="23.466716653262022" lon="120.94988469562865"><ele>3390.70068359375</ele><time>2025-08-21T22:18:08Z</time></trkpt><trkpt lat="23.466764943545357" lon="120.94990726433645"><ele>3390.782470703125</ele><time>2025-08-21T22:18:14Z</time></trkpt><trkpt lat="23.466734976534266" lon="120.94990896219375"><ele>3390.68994140625</ele><time>2025-08-21T22:18:17Z</time></trkpt><trkpt lat="23.466678868787085" lon="120.9499072543564"><ele>3390.75341796875</ele><time>2025-08-21T22:18:20Z</time></trkpt><trkpt lat="23.46663133815925" lon="120.94989429166446"><ele>3390.787841796875</ele><time>2025-08-21T22:18:39Z</time></trkpt><trkpt lat="23.466616216720517" lon="120.94989201158668"><ele>3390.70068359375</ele><time>2025-08-21T22:18:54Z</time></trkpt><trkpt lat="23.466569118991195" lon="120.94989394961091"><ele>3390.47607421875</ele><time>2025-08-21T22:19:32Z</time></trkpt><trkpt lat="23.466578461985655" lon="120.94990155731948"><ele>3390.550048828125</ele><time>2025-08-21T22:20:03Z</time></trkpt><trkpt lat="23.46660992054138" lon="120.94991934216921"><ele>3390.465576171875</ele><time>2025-08-21T22:20:11Z</time></trkpt><trkpt lat="23.466571749415706" lon="120.9498890870768"><ele>3390.3466796875</ele><time>2025-08-21T22:20:33Z</time></trkpt><trkpt lat="23.46656376743015" lon="120.94982821842414"><ele>3390.222412109375</ele><time>2025-08-21T22:21:15Z</time></trkpt><trkpt lat="23.466541102903847" lon="120.94981901198983"><ele>3390.383544921875</ele><time>2025-08-21T22:21:25Z</time></trkpt><trkpt lat="23.466500065444137" lon="120.94981524104628"><ele>3402.001708984375</ele><time>2025-08-21T22:21:51Z</time></trkpt><trkpt lat="23.466464679151105" lon="120.94979380307"><ele>3401.90380859375</ele><time>2025-08-21T22:22:15Z</time></trkpt><trkpt lat="23.466458391433598" lon="120.94979292768957"><ele>3401.927734375</ele><time>2025-08-21T22:22:21Z</time></trkpt><trkpt lat="23.46643499211871" lon="120.94977691929743"><ele>3401.943603515625</ele><time>2025-08-21T22:22:27Z</time></trkpt><trkpt lat="23.46640847343942" lon="120.94975433058056"><ele>3401.96728515625</ele><time>2025-08-21T22:22:33Z</time></trkpt><trkpt lat="23.466402198535633" lon="120.94974992238286"><ele>3401.901123046875</ele><time>2025-08-21T22:22:39Z</time></trkpt><trkpt lat="23.466403235336763" lon="120.94976508972344"><ele>3401.880126953125</ele><time>2025-08-21T22:22:43Z</time></trkpt><trkpt lat="23.466430713974486" lon="120.94980728095464"><ele>3402.170654296875</ele><time>2025-08-21T22:23:21Z</time></trkpt><trkpt lat="23.466425445237725" lon="120.94981286804244"><ele>3401.808837890625</ele><time>2025-08-21T22:24:27Z</time></trkpt><trkpt lat="23.46644332090084" lon="120.94984712574922"><ele>3402.009521484375</ele><time>2025-08-21T22:25:05Z</time></trkpt><trkpt lat="23.46644929506388" lon="120.9498181812357"><ele>3401.674072265625</ele><time>2025-08-21T22:25:57Z</time></trkpt><trkpt lat="23.46643977537927" lon="120.9497663890166"><ele>3401.64501953125</ele><time>2025-08-21T22:26:09Z</time></trkpt><trkpt lat="23.46647603642299" lon="120.94977094791474"><ele>3401.856201171875</ele><time>2025-08-21T22:26:33Z</time></trkpt><trkpt lat="23.466438273591333" lon="120.94978429674279"><ele>3401.68994140625</ele><time>2025-08-21T22:27:03Z</time></trkpt><trkpt lat="23.466437515136192" lon="120.94983275483659"><ele>3401.687255859375</ele><time>2025-08-21T22:29:27Z</time></trkpt><trkpt lat="23.46645567546099" lon="120.9497839843208"><ele>3401.811279296875</ele><time>2025-08-21T22:29:39Z</time></trkpt><trkpt lat="23.46644220354179" lon="120.94979703001316"><ele>3401.63427734375</ele><time>2025-08-21T22:30:13Z</time></trkpt><trkpt lat="23.466433136705916" lon="120.94975866629244"><ele>3401.5234375</ele><time>2025-08-21T22:30:27Z</time></trkpt><trkpt lat="23.466445341205628" lon="120.94979099933302"><ele>3401.520751953125</ele><time>2025-08-21T22:31:45Z</time></trkpt><trkpt lat="23.46650346546198" lon="120.94981782278634"><ele>3390.88037109375</ele><time>2025-08-21T22:33:21Z</time></trkpt><trkpt lat="23.466517712865308" lon="120.94985502332277"><ele>3390.88037109375</ele><time>2025-08-21T22:33:27Z</time></trkpt><trkpt lat="23.466506204996147" lon="120.94985895259508"><ele>3391.300537109375</ele><time>2025-08-21T22:33:41Z</time></trkpt><trkpt lat="23.466530914982904" lon="120.9498568306399"><ele>3391.366455078125</ele><time>2025-08-21T22:33:51Z</time></trkpt><trkpt lat="23.466522642792263" lon="120.9498509925443"><ele>3390.993896484375</ele><time>2025-08-21T22:33:57Z</time></trkpt><trkpt lat="23.46653705310208" lon="120.94982945790566"><ele>3391.020263671875</ele><time>2025-08-21T22:34:01Z</time></trkpt><trkpt lat="23.466526936610997" lon="120.94982662556767"><ele>3391.025634765625</ele><time>2025-08-21T22:34:10Z</time></trkpt><trkpt lat="23.466488040526418" lon="120.94981412523394"><ele>3390.814208984375</ele><time>2025-08-21T22:35:03Z</time></trkpt><trkpt lat="23.466486468773816" lon="120.94976333605887"><ele>3391.009765625</ele><time>2025-08-21T22:35:27Z</time></trkpt><trkpt lat="23.466523049880657" lon="120.94974730026658"><ele>3390.9462890625</ele><time>2025-08-21T22:35:39Z</time></trkpt><trkpt lat="23.466519364341078" lon="120.9497577853598"><ele>3391.033447265625</ele><time>2025-08-21T22:35:52Z</time></trkpt><trkpt lat="23.46651441237439" lon="120.94973220695701"><ele>3390.703369140625</ele><time>2025-08-21T22:36:09Z</time></trkpt><trkpt lat="23.466496471863394" lon="120.949735363527"><ele>3390.63720703125</ele><time>2025-08-21T22:36:22Z</time></trkpt><trkpt lat="23.466459817973952" lon="120.94969398337821"><ele>3390.650390625</ele><time>2025-08-21T22:36:45Z</time></trkpt><trkpt lat="23.46642757363054" lon="120.94969896222307"><ele>3390.59765625</ele><time>2025-08-21T22:37:15Z</time></trkpt><trkpt lat="23.466435140386103" lon="120.94972918148675"><ele>3391.033447265625</ele><time>2025-08-21T22:37:53Z</time></trkpt><trkpt lat="23.466439486648607" lon="120.94975568809552"><ele>3390.827392578125</ele><time>2025-08-21T22:37:57Z</time></trkpt><trkpt lat="23.46646888519517" lon="120.94974644355068"><ele>3349.695068359375</ele><time>2025-08-21T22:38:09Z</time></trkpt><trkpt lat="23.46643064567834" lon="120.94978183345042"><ele>3390.8935546875</ele><time>2025-08-21T22:39:57Z</time></trkpt><trkpt lat="23.466413505130497" lon="120.94982745027012"><ele>3391.673095703125</ele><time>2025-08-21T22:40:03Z</time></trkpt><trkpt lat="23.46639991896793" lon="120.94990388930765"><ele>3394.99169921875</ele><time>2025-08-21T22:40:15Z</time></trkpt><trkpt lat="23.466384189916297" lon="120.94995816868209"><ele>3391.231689453125</ele><time>2025-08-21T22:40:20Z</time></trkpt><trkpt lat="23.46635441505436" lon="120.95003065507436"><ele>3392.856689453125</ele><time>2025-08-21T22:40:54Z</time></trkpt><trkpt lat="23.46634761263911" lon="120.95008315412352"><ele>3392.73779296875</ele><time>2025-08-21T22:41:02Z</time></trkpt><trkpt lat="23.466362831659225" lon="120.95004221847447"><ele>3393.52001953125</ele><time>2025-08-21T22:41:33Z</time></trkpt><trkpt lat="23.466346629875765" lon="120.95009184466912"><ele>3408.35888671875</ele><time>2025-08-21T22:41:58Z</time></trkpt><trkpt lat="23.466318440097922" lon="120.9501605357536"><ele>3407.8701171875</ele><time>2025-08-21T22:42:15Z</time></trkpt><trkpt lat="23.466308840112035" lon="120.95026239141788"><ele>3408.805419921875</ele><time>2025-08-21T22:49:15Z</time></trkpt><trkpt lat="23.466369069266154" lon="120.95028589758309"><ele>3410.34326171875</ele><time>2025-08-21T22:49:33Z</time></trkpt><trkpt lat="23.466409823544748" lon="120.95031768163481"><ele>3410.525634765625</ele><time>2025-08-21T22:49:46Z</time></trkpt><trkpt lat="23.466434199123402" lon="120.95036693691362"><ele>3411.2734375</ele><time>2025-08-21T22:49:55Z</time></trkpt><trkpt lat="23.466436452696612" lon="120.95041380201306"><ele>3411.957763671875</ele><time>2025-08-21T22:50:03Z</time></trkpt><trkpt lat="23.466411959817325" lon="120.95048176084681"><ele>3414.232666015625</ele><time>2025-08-21T22:50:17Z</time></trkpt><trkpt lat="23.466405015286522" lon="120.95053474342525"><ele>3414.552490234375</ele><time>2025-08-21T22:50:24Z</time></trkpt><trkpt lat="23.466418903499463" lon="120.95058549170611"><ele>3415.363525390625</ele><time>2025-08-21T22:50:32Z</time></trkpt><trkpt lat="23.466435155842234" lon="120.95067901428891"><ele>3418.388916015625</ele><time>2025-08-21T22:51:03Z</time></trkpt><trkpt lat="23.466432481401867" lon="120.95073712233992"><ele>3420.1962890625</ele><time>2025-08-21T22:51:13Z</time></trkpt><trkpt lat="23.466429962733987" lon="120.95078857540466"><ele>3420.92822265625</ele><time>2025-08-21T22:51:21Z</time></trkpt><trkpt lat="23.466405742845154" lon="120.95085405248255"><ele>3422.820068359375</ele><time>2025-08-21T22:51:35Z</time></trkpt><trkpt lat="23.466398428125586" lon="120.95091058741104"><ele>3423.237548828125</ele><time>2025-08-21T22:51:44Z</time></trkpt><trkpt lat="23.466376069593956" lon="120.95095800370954"><ele>3423.63916015625</ele><time>2025-08-21T22:51:51Z</time></trkpt><trkpt lat="23.46634763511165" lon="120.95101423080052"><ele>3426.6435546875</ele><time>2025-08-21T22:52:00Z</time></trkpt><trkpt lat="23.466330148380518" lon="120.95106782351084"><ele>3426.88134765625</ele><time>2025-08-21T22:52:07Z</time></trkpt><trkpt lat="23.466303678648" lon="120.95112094033195"><ele>3427.22998046875</ele><time>2025-08-21T22:52:15Z</time></trkpt><trkpt lat="23.466264426067532" lon="120.95118872998262"><ele>3428.350341796875</ele><time>2025-08-21T22:52:29Z</time></trkpt><trkpt lat="23.466243096677008" lon="120.95124336026883"><ele>3428.9951171875</ele><time>2025-08-21T22:52:38Z</time></trkpt><trkpt lat="23.466213807228144" lon="120.95129715794349"><ele>3430.585693359375</ele><time>2025-08-21T22:52:56Z</time></trkpt><trkpt lat="23.466202335945507" lon="120.95134623324024"><ele>3431.164306640625</ele><time>2025-08-21T22:53:03Z</time></trkpt><trkpt lat="23.466192232447646" lon="120.95140242865682"><ele>3431.7431640625</ele><time>2025-08-21T22:53:10Z</time></trkpt><trkpt lat="23.46617024638431" lon="120.9514569072643"><ele>3431.772216796875</ele><time>2025-08-21T22:53:16Z</time></trkpt><trkpt lat="23.466141110262825" lon="120.95151270836637"><ele>3432.427490234375</ele><time>2025-08-21T22:53:22Z</time></trkpt><trkpt lat="23.46618070515559" lon="120.95147980179676"><ele>3437.881103515625</ele><time>2025-08-21T22:54:09Z</time></trkpt><trkpt lat="23.466226153541104" lon="120.95145843018977"><ele>3440.245849609375</ele><time>2025-08-21T22:54:29Z</time></trkpt><trkpt lat="23.466243492620194" lon="120.9514928940785"><ele>3440.843017578125</ele><time>2025-08-21T22:54:35Z</time></trkpt><trkpt lat="23.466254198851193" lon="120.95154971229765"><ele>3441.5009765625</ele><time>2025-08-21T22:54:44Z</time></trkpt><trkpt lat="23.466253377344433" lon="120.95160630510588"><ele>3442.243408203125</ele><time>2025-08-21T22:54:53Z</time></trkpt><trkpt lat="23.466275144038487" lon="120.9515824427429"><ele>3444.048095703125</ele><time>2025-08-21T22:55:06Z</time></trkpt><trkpt lat="23.46631005729828" lon="120.95154378434279"><ele>3445.2900390625</ele><time>2025-08-21T22:55:19Z</time></trkpt><trkpt lat="23.466350157866255" lon="120.9515000298319"><ele>3446.782958984375</ele><time>2025-08-21T22:55:31Z</time></trkpt><trkpt lat="23.466348546808604" lon="120.9515410661977"><ele>3447.889892578125</ele><time>2025-08-21T22:55:44Z</time></trkpt><trkpt lat="23.466317924047907" lon="120.95158132512793"><ele>3449.094970703125</ele><time>2025-08-21T22:55:54Z</time></trkpt><trkpt lat="23.4663287688296" lon="120.9516307776838"><ele>3449.88232421875</ele><time>2025-08-21T22:56:02Z</time></trkpt><trkpt lat="23.46636925852156" lon="120.95167431625603"><ele>3450.529541015625</ele><time>2025-08-21T22:56:12Z</time></trkpt><trkpt lat="23.466416103641812" lon="120.95168237945843"><ele>3452.019775390625</ele><time>2025-08-21T22:56:19Z</time></trkpt><trkpt lat="23.466409904458338" lon="120.95164290166397"><ele>3452.852294921875</ele><time>2025-08-21T22:56:29Z</time></trkpt><trkpt lat="23.4664032647742" lon="120.95158915263784"><ele>3453.94091796875</ele><time>2025-08-21T22:56:37Z</time></trkpt><trkpt lat="23.466419821402315" lon="120.95162026630601"><ele>3455.658203125</ele><time>2025-08-21T22:57:02Z</time></trkpt><trkpt lat="23.46645194712018" lon="120.95165852810344"><ele>3457.079833984375</ele><time>2025-08-21T22:57:14Z</time></trkpt><trkpt lat="23.46649003627385" lon="120.95168918196917"><ele>3457.806396484375</ele><time>2025-08-21T22:57:23Z</time></trkpt><trkpt lat="23.46649579131863" lon="120.9517422995627"><ele>3458.3349609375</ele><time>2025-08-21T22:57:30Z</time></trkpt><trkpt lat="23.46645754540664" lon="120.95180304508989"><ele>3458.147216796875</ele><time>2025-08-21T22:57:39Z</time></trkpt><trkpt lat="23.46646332690949" lon="120.95182966139016"><ele>3458.564697265625</ele><time>2025-08-21T22:57:55Z</time></trkpt><trkpt lat="23.466469247122536" lon="120.95188633486646"><ele>3460.131591796875</ele><time>2025-08-21T22:58:02Z</time></trkpt><trkpt lat="23.46648221803831" lon="120.95199947649647"><ele>3454.08349609375</ele><time>2025-08-21T22:58:07Z</time></trkpt><trkpt lat="23.46650253772612" lon="120.95208142478975"><ele>3460.58349609375</ele><time>2025-08-21T22:58:14Z</time></trkpt><trkpt lat="23.466513132301124" lon="120.95215927966935"><ele>3457.814453125</ele><time>2025-08-21T22:58:24Z</time></trkpt><trkpt lat="23.46648068685323" lon="120.95220581694156"><ele>3469.32666015625</ele><time>2025-08-21T22:58:31Z</time></trkpt><trkpt lat="23.466460322969688" lon="120.95223945941476"><ele>3461.363037109375</ele><time>2025-08-21T22:58:38Z</time></trkpt><trkpt lat="23.466454814001885" lon="120.95228916739164"><ele>3461.296875</ele><time>2025-08-21T22:58:42Z</time></trkpt><trkpt lat="23.466455870591716" lon="120.95234767351172"><ele>3461.55322265625</ele><time>2025-08-21T22:58:47Z</time></trkpt><trkpt lat="23.466445487493097" lon="120.95240307740352"><ele>3461.4052734375</ele><time>2025-08-21T22:58:55Z</time></trkpt><trkpt lat="23.46640417553697" lon="120.95245213974464"><ele>3462.853271484375</ele><time>2025-08-21T22:59:08Z</time></trkpt><trkpt lat="23.466372230430935" lon="120.95251250353883"><ele>3465.326416015625</ele><time>2025-08-21T22:59:26Z</time></trkpt><trkpt lat="23.46636348975405" lon="120.9525637402207"><ele>3465.89453125</ele><time>2025-08-21T22:59:34Z</time></trkpt><trkpt lat="23.466389265458993" lon="120.95261753585268"><ele>3467.4560546875</ele><time>2025-08-21T22:59:46Z</time></trkpt><trkpt lat="23.466442137883757" lon="120.95260463081793"><ele>3468.85107421875</ele><time>2025-08-21T23:00:07Z</time></trkpt><trkpt lat="23.466465029400418" lon="120.9525525826436"><ele>3470.869873046875</ele><time>2025-08-21T23:00:21Z</time></trkpt><trkpt lat="23.466510586184622" lon="120.95253461668884"><ele>3472.198974609375</ele><time>2025-08-21T23:00:34Z</time></trkpt><trkpt lat="23.466566654490432" lon="120.95250688006142"><ele>3474.037841796875</ele><time>2025-08-21T23:00:59Z</time></trkpt><trkpt lat="23.466601676614992" lon="120.95254108671863"><ele>3474.97607421875</ele><time>2025-08-21T23:01:11Z</time></trkpt><trkpt lat="23.4666483553665" lon="120.9526166292343"><ele>3483.8671875</ele><time>2025-08-21T23:02:35Z</time></trkpt><trkpt lat="23.466673136256507" lon="120.95260345437475"><ele>3486.42236328125</ele><time>2025-08-21T23:02:43Z</time></trkpt><trkpt lat="23.466746859830458" lon="120.95260069359632"><ele>3488.237548828125</ele><time>2025-08-21T23:03:07Z</time></trkpt><trkpt lat="23.466785731368464" lon="120.95263568656094"><ele>3490.322265625</ele><time>2025-08-21T23:03:18Z</time></trkpt><trkpt lat="23.466803744846203" lon="120.9526949627916"><ele>3491.2548828125</ele><time>2025-08-21T23:03:36Z</time></trkpt><trkpt lat="23.466852656760523" lon="120.95269693790924"><ele>3492.71875</ele><time>2025-08-21T23:03:53Z</time></trkpt><trkpt lat="23.46689274414116" lon="120.95274072381088"><ele>3495.746826171875</ele><time>2025-08-21T23:04:19Z</time></trkpt><trkpt lat="23.46691091762293" lon="120.95279657802404"><ele>3498.31787109375</ele><time>2025-08-21T23:04:47Z</time></trkpt><trkpt lat="23.466887693659277" lon="120.95284374056224"><ele>3500.685302734375</ele><time>2025-08-21T23:05:00Z</time></trkpt><trkpt lat="23.466856944947875" lon="120.95287650383585"><ele>3501.448974609375</ele><time>2025-08-21T23:05:06Z</time></trkpt><trkpt lat="23.466818371579826" lon="120.95292918440418"><ele>3502.42919921875</ele><time>2025-08-21T23:05:16Z</time></trkpt><trkpt lat="23.46677993082851" lon="120.95296785565696"><ele>3503.27734375</ele><time>2025-08-21T23:05:22Z</time></trkpt><trkpt lat="23.466734692570473" lon="120.9530087210012"><ele>3504.204833984375</ele><time>2025-08-21T23:05:30Z</time></trkpt><trkpt lat="23.466692645853577" lon="120.95305098090313"><ele>3504.80712890625</ele><time>2025-08-21T23:05:37Z</time></trkpt><trkpt lat="23.466656988956693" lon="120.9531125233829"><ele>3508.07568359375</ele><time>2025-08-21T23:06:14Z</time></trkpt><trkpt lat="23.46662167247427" lon="120.95316620577206"><ele>3510.1103515625</ele><time>2025-08-21T23:07:09Z</time></trkpt><trkpt lat="23.466647888671936" lon="120.95320214367878"><ele>3511.75634765625</ele><time>2025-08-21T23:07:20Z</time></trkpt><trkpt lat="23.466651464585624" lon="120.95326443183801"><ele>3512.908447265625</ele><time>2025-08-21T23:07:33Z</time></trkpt><trkpt lat="23.466683628534202" lon="120.95322882502516"><ele>3514.42236328125</ele><time>2025-08-21T23:07:49Z</time></trkpt><trkpt lat="23.46672108840111" lon="120.9531971025289"><ele>3515.1728515625</ele><time>2025-08-21T23:07:57Z</time></trkpt><trkpt lat="23.466775321019572" lon="120.95317011119431"><ele>3515.767333984375</ele><time>2025-08-21T23:08:09Z</time></trkpt><trkpt lat="23.46683314745686" lon="120.95313919176614"><ele>3517.244384765625</ele><time>2025-08-21T23:08:25Z</time></trkpt><trkpt lat="23.46689031253442" lon="120.95311891407727"><ele>3519.8603515625</ele><time>2025-08-21T23:08:49Z</time></trkpt><trkpt lat="23.466937736653264" lon="120.95310534116055"><ele>3520.7666015625</ele><time>2025-08-21T23:08:55Z</time></trkpt><trkpt lat="23.46699924034265" lon="120.95307967573083"><ele>3521.411376953125</ele><time>2025-08-21T23:09:05Z</time></trkpt><trkpt lat="23.467058492208178" lon="120.9530587077515"><ele>3522.36767578125</ele><time>2025-08-21T23:09:17Z</time></trkpt><trkpt lat="23.46710143530564" lon="120.95305648738574"><ele>3524.624267578125</ele><time>2025-08-21T23:09:34Z</time></trkpt><trkpt lat="23.467120414099714" lon="120.95310701766762"><ele>3526.455322265625</ele><time>2025-08-21T23:09:52Z</time></trkpt><trkpt lat="23.46710211102434" lon="120.95315822179633"><ele>3528.149169921875</ele><time>2025-08-21T23:10:06Z</time></trkpt><trkpt lat="23.46714810518442" lon="120.95320093986867"><ele>3532.19970703125</ele><time>2025-08-21T23:10:41Z</time></trkpt><trkpt lat="23.467062585393144" lon="120.95330052618228"><ele>3534.6201171875</ele><time>2025-08-21T23:11:35Z</time></trkpt><trkpt lat="23.467009381044353" lon="120.95333556157075"><ele>3534.736328125</ele><time>2025-08-21T23:11:47Z</time></trkpt><trkpt lat="23.46695874742931" lon="120.95337885833551"><ele>3534.842041015625</ele><time>2025-08-21T23:12:37Z</time></trkpt><trkpt lat="23.466932144414326" lon="120.95340432943235"><ele>3534.881591796875</ele><time>2025-08-21T23:12:41Z</time></trkpt><trkpt lat="23.466921845556996" lon="120.9534411042011"><ele>3535.922607421875</ele><time>2025-08-21T23:12:49Z</time></trkpt><trkpt lat="23.466928661909115" lon="120.95344053046615"><ele>3536.924072265625</ele><time>2025-08-21T23:12:59Z</time></trkpt><trkpt lat="23.46696004141144" lon="120.95340879029203"><ele>3538.0654296875</ele><time>2025-08-21T23:13:09Z</time></trkpt><trkpt lat="23.466952447440452" lon="120.95343628421732"><ele>3539.00341796875</ele><time>2025-08-21T23:13:25Z</time></trkpt><trkpt lat="23.466936665685935" lon="120.95351784166621"><ele>3540.720947265625</ele><time>2025-08-21T23:13:41Z</time></trkpt><trkpt lat="23.46694625917013" lon="120.95357073882543"><ele>3542.3037109375</ele><time>2025-08-21T23:13:53Z</time></trkpt><trkpt lat="23.466931807451147" lon="120.95361053482866"><ele>3543.468994140625</ele><time>2025-08-21T23:14:05Z</time></trkpt><trkpt lat="23.46691084754871" lon="120.95370448544202"><ele>3545.53271484375</ele><time>2025-08-21T23:14:23Z</time></trkpt><trkpt lat="23.466928097679137" lon="120.95377751634467"><ele>3549.794677734375</ele><time>2025-08-21T23:14:53Z</time></trkpt><trkpt lat="23.466928632189003" lon="120.95384006321859"><ele>3550.045654296875</ele><time>2025-08-21T23:14:59Z</time></trkpt><trkpt lat="23.46691303412857" lon="120.95391729034371"><ele>3552.518798828125</ele><time>2025-08-21T23:15:17Z</time></trkpt><trkpt lat="23.466904870914764" lon="120.95396708680416"><ele>3554.246826171875</ele><time>2025-08-21T23:15:25Z</time></trkpt><trkpt lat="23.46693754784431" lon="120.95395592523114"><ele>3554.34716796875</ele><time>2025-08-21T23:18:42Z</time></trkpt><trkpt lat="23.466958892157788" lon="120.95393449114894"><ele>3555.139892578125</ele><time>2025-08-21T23:18:48Z</time></trkpt><trkpt lat="23.46698429773848" lon="120.95390888690919"><ele>3556.159912109375</ele><time>2025-08-21T23:18:53Z</time></trkpt><trkpt lat="23.467037675712728" lon="120.95385156559067"><ele>3556.828369140625</ele><time>2025-08-21T23:19:02Z</time></trkpt><trkpt lat="23.467090043404415" lon="120.9538028913796"><ele>3557.708251953125</ele><time>2025-08-21T23:19:12Z</time></trkpt><trkpt lat="23.467138203830082" lon="120.95376092150177"><ele>3558.487548828125</ele><time>2025-08-21T23:19:21Z</time></trkpt><trkpt lat="23.467195530175438" lon="120.95372507307682"><ele>3559.75341796875</ele><time>2025-08-21T23:19:33Z</time></trkpt><trkpt lat="23.467187928763853" lon="120.95376443115049"><ele>3560.73876953125</ele><time>2025-08-21T23:19:43Z</time></trkpt><trkpt lat="23.467183566363634" lon="120.95381989838502"><ele>3562.017822265625</ele><time>2025-08-21T23:19:55Z</time></trkpt><trkpt lat="23.467158073488942" lon="120.95388089297731"><ele>3563.803955078125</ele><time>2025-08-21T23:20:10Z</time></trkpt><trkpt lat="23.467144505504848" lon="120.95393448784382"><ele>3563.869873046875</ele><time>2025-08-21T23:20:17Z</time></trkpt><trkpt lat="23.467125564367525" lon="120.95398901716968"><ele>3564.612548828125</ele><time>2025-08-21T23:20:24Z</time></trkpt><trkpt lat="23.467127162101225" lon="120.95404825633094"><ele>3566.129150390625</ele><time>2025-08-21T23:20:36Z</time></trkpt><trkpt lat="23.467117224423774" lon="120.95410583752297"><ele>3567.08837890625</ele><time>2025-08-21T23:20:48Z</time></trkpt><trkpt lat="23.4671143193146" lon="120.95416392182752"><ele>3568.0078125</ele><time>2025-08-21T23:20:55Z</time></trkpt><trkpt lat="23.46715169476663" lon="120.9542106834833"><ele>3570.195556640625</ele><time>2025-08-21T23:21:07Z</time></trkpt><trkpt lat="23.467190480663717" lon="120.95424932530969"><ele>3570.214111328125</ele><time>2025-08-21T23:21:15Z</time></trkpt><trkpt lat="23.467225770699432" lon="120.95430935524709"><ele>3573.0703125</ele><time>2025-08-21T23:21:37Z</time></trkpt><trkpt lat="23.46723806988009" lon="120.95435572682779"><ele>3573.9052734375</ele><time>2025-08-21T23:21:44Z</time></trkpt><trkpt lat="23.467240277052003" lon="120.95443148322555"><ele>3592.060302734375</ele><time>2025-08-21T23:22:01Z</time></trkpt><trkpt lat="23.46727080974406" lon="120.95448917227021"><ele>3594.935302734375</ele><time>2025-08-21T23:22:58Z</time></trkpt><trkpt lat="23.46730942211537" lon="120.95446913190298"><ele>3596.285400390625</ele><time>2025-08-21T23:23:06Z</time></trkpt><trkpt lat="23.467332899528234" lon="120.95441650022204"><ele>3598.46533203125</ele><time>2025-08-21T23:23:18Z</time></trkpt><trkpt lat="23.46735530560802" lon="120.95434963588038"><ele>3598.8828125</ele><time>2025-08-21T23:23:32Z</time></trkpt><trkpt lat="23.467385766622005" lon="120.95430876481117"><ele>3600.671630859375</ele><time>2025-08-21T23:23:42Z</time></trkpt><trkpt lat="23.46735460602764" lon="120.9541853581696"><ele>3608.5244140625</ele><time>2025-08-21T23:27:27Z</time></trkpt><trkpt lat="23.467354052531913" lon="120.95426480121789"><ele>3600.198486328125</ele><time>2025-08-21T23:27:30Z</time></trkpt><trkpt lat="23.467414016442554" lon="120.95431004257361"><ele>3599.574951171875</ele><time>2025-08-21T23:27:48Z</time></trkpt><trkpt lat="23.467399320818373" lon="120.95437124839259"><ele>3602.721923828125</ele><time>2025-08-21T23:29:25Z</time></trkpt><trkpt lat="23.46740475695563" lon="120.95442173936479"><ele>3603.353515625</ele><time>2025-08-21T23:29:32Z</time></trkpt><trkpt lat="23.46743938235762" lon="120.95447199507673"><ele>3605.277099609375</ele><time>2025-08-21T23:29:44Z</time></trkpt><trkpt lat="23.467474759327068" lon="120.95452449114835"><ele>3608.7490234375</ele><time>2025-08-21T23:30:18Z</time></trkpt><trkpt lat="23.467516353979615" lon="120.9545670806682"><ele>3611.10595703125</ele><time>2025-08-21T23:30:36Z</time></trkpt><trkpt lat="23.467556045487978" lon="120.9545293718644"><ele>3613.68212890625</ele><time>2025-08-21T23:31:15Z</time></trkpt><trkpt lat="23.467585090791253" lon="120.95448862927147"><ele>3614.604248046875</ele><time>2025-08-21T23:31:26Z</time></trkpt><trkpt lat="23.467614555878768" lon="120.95444213882193"><ele>3615.5263671875</ele><time>2025-08-21T23:31:35Z</time></trkpt><trkpt lat="23.46767043932003" lon="120.95440006319289"><ele>3611.35693359375</ele><time>2025-08-21T23:32:17Z</time></trkpt><trkpt lat="23.46768945262695" lon="120.95436592721488"><ele>3611.90380859375</ele><time>2025-08-21T23:32:21Z</time></trkpt><trkpt lat="23.467713461470463" lon="120.95430330986859"><ele>3612.744140625</ele><time>2025-08-21T23:32:29Z</time></trkpt><trkpt lat="23.467768411359042" lon="120.95423214744163"><ele>3615.4287109375</ele><time>2025-08-21T23:32:54Z</time></trkpt><trkpt lat="23.46779282850118" lon="120.95424286450313"><ele>3616.65478515625</ele><time>2025-08-21T23:33:11Z</time></trkpt><trkpt lat="23.467810932693393" lon="120.95422438865526"><ele>3616.776123046875</ele><time>2025-08-21T23:33:14Z</time></trkpt><trkpt lat="23.46786178797545" lon="120.95420255192845"><ele>3617.571533203125</ele><time>2025-08-21T23:33:24Z</time></trkpt><trkpt lat="23.467921867433137" lon="120.95414875948426"><ele>3618.533447265625</ele><time>2025-08-21T23:33:30Z</time></trkpt><trkpt lat="23.46798466744919" lon="120.95411573280873"><ele>3619.331298828125</ele><time>2025-08-21T23:33:40Z</time></trkpt><trkpt lat="23.4680576856209" lon="120.9540801165323"><ele>3621.9365234375</ele><time>2025-08-21T23:34:04Z</time></trkpt><trkpt lat="23.468109186151505" lon="120.95405761414443"><ele>3624.31201171875</ele><time>2025-08-21T23:34:27Z</time></trkpt><trkpt lat="23.468149005004165" lon="120.95402983035721"><ele>3625.252685546875</ele><time>2025-08-21T23:34:35Z</time></trkpt><trkpt lat="23.468133563362954" lon="120.9540567027404"><ele>3626.674072265625</ele><time>2025-08-21T23:34:49Z</time></trkpt><trkpt lat="23.46814562270565" lon="120.9541263593767"><ele>3628.951904296875</ele><time>2025-08-21T23:35:40Z</time></trkpt><trkpt lat="23.46809020622548" lon="120.95412190853163"><ele>3628.780029296875</ele><time>2025-08-21T23:39:18Z</time></trkpt><trkpt lat="23.468115044170474" lon="120.95416133656933"><ele>3630.101318359375</ele><time>2025-08-21T23:39:54Z</time></trkpt><trkpt lat="23.468104738504547" lon="120.9542711989475"><ele>3633.2138671875</ele><time>2025-08-21T23:40:42Z</time></trkpt><trkpt lat="23.468117091940744" lon="120.95433078967075"><ele>3633.869140625</ele><time>2025-08-21T23:40:46Z</time></trkpt><trkpt lat="23.468107221507143" lon="120.95437548575771"><ele>3634.785888671875</ele><time>2025-08-21T23:40:52Z</time></trkpt><trkpt lat="23.46808516617081" lon="120.95441247071538"><ele>3635.111083984375</ele><time>2025-08-21T23:40:58Z</time></trkpt><trkpt lat="23.46807368058782" lon="120.9544884273966"><ele>3637.3779296875</ele><time>2025-08-21T23:41:19Z</time></trkpt><trkpt lat="23.46806141180724" lon="120.95453841588073"><ele>3638.889404296875</ele><time>2025-08-21T23:41:32Z</time></trkpt><trkpt lat="23.468040069908145" lon="120.95461782431585"><ele>3640.855224609375</ele><time>2025-08-21T23:41:48Z</time></trkpt><trkpt lat="23.468041712431866" lon="120.9546907350134"><ele>3647.156982421875</ele><time>2025-08-21T23:42:00Z</time></trkpt><trkpt lat="23.468033948859652" lon="120.95474391535978"><ele>3649.849609375</ele><time>2025-08-21T23:42:17Z</time></trkpt><trkpt lat="23.468045719966824" lon="120.95479384350207"><ele>3650.1982421875</ele><time>2025-08-21T23:42:30Z</time></trkpt><trkpt lat="23.468119439355213" lon="120.95485091138559"><ele>3655.012451171875</ele><time>2025-08-21T23:43:12Z</time></trkpt><trkpt lat="23.46812606785294" lon="120.95481896828903"><ele>3657.239990234375</ele><time>2025-08-21T23:43:26Z</time></trkpt><trkpt lat="23.468184358873934" lon="120.95473722772023"><ele>3658.59814453125</ele><time>2025-08-21T23:43:42Z</time></trkpt><trkpt lat="23.468248222131518" lon="120.95470638996845"><ele>3660.291748046875</ele><time>2025-08-21T23:44:00Z</time></trkpt><trkpt lat="23.468285906101293" lon="120.95467656068892"><ele>3662.580078125</ele><time>2025-08-21T23:44:16Z</time></trkpt><trkpt lat="23.468291879547508" lon="120.95467382170442"><ele>3663.224853515625</ele><time>2025-08-21T23:44:25Z</time></trkpt><trkpt lat="23.468388908435834" lon="120.9546212997202"><ele>3665.597412109375</ele><time>2025-08-21T23:44:43Z</time></trkpt><trkpt lat="23.468419624555104" lon="120.95459029354424"><ele>3666.366455078125</ele><time>2025-08-21T23:44:55Z</time></trkpt><trkpt lat="23.468524261838" lon="120.95448941412916"><ele>3668.377197265625</ele><time>2025-08-21T23:45:13Z</time></trkpt><trkpt lat="23.4685727897735" lon="120.95445524332727"><ele>3669.83837890625</ele><time>2025-08-21T23:45:25Z</time></trkpt><trkpt lat="23.46861988655974" lon="120.95440359896166"><ele>3671.999755859375</ele><time>2025-08-21T23:45:51Z</time></trkpt><trkpt lat="23.468658974038473" lon="120.95433148151504"><ele>3672.3828125</ele><time>2025-08-21T23:46:01Z</time></trkpt><trkpt lat="23.46868899576706" lon="120.95429840981741"><ele>3674.139892578125</ele><time>2025-08-21T23:46:14Z</time></trkpt><trkpt lat="23.468740693982223" lon="120.95422612713784"><ele>3675.043701171875</ele><time>2025-08-21T23:46:25Z</time></trkpt><trkpt lat="23.468810192846792" lon="120.95416826546719"><ele>3677.117919921875</ele><time>2025-08-21T23:46:43Z</time></trkpt><trkpt lat="23.468875197923733" lon="120.95410187287798"><ele>3678.52880859375</ele><time>2025-08-21T23:46:55Z</time></trkpt><trkpt lat="23.46888623483612" lon="120.95412971268219"><ele>3681.852783203125</ele><time>2025-08-21T23:47:31Z</time></trkpt><trkpt lat="23.468897115504223" lon="120.9542146477175"><ele>3682.418212890625</ele><time>2025-08-21T23:47:38Z</time></trkpt><trkpt lat="23.468887474301702" lon="120.95426437852443"><ele>3684.03271484375</ele><time>2025-08-21T23:47:57Z</time></trkpt><trkpt lat="23.468874881443988" lon="120.95437420311433"><ele>3687.235107421875</ele><time>2025-08-21T23:48:26Z</time></trkpt><trkpt lat="23.46886562211296" lon="120.95444344065666"><ele>3687.190185546875</ele><time>2025-08-21T23:48:31Z</time></trkpt><trkpt lat="23.468865893969" lon="120.95455189401252"><ele>3689.13232421875</ele><time>2025-08-21T23:49:49Z</time></trkpt><trkpt lat="23.46878466139424" lon="120.95465423146138"><ele>3687.980224609375</ele><time>2025-08-21T23:50:58Z</time></trkpt><trkpt lat="23.468814805232345" lon="120.9546108624402"><ele>3689.528564453125</ele><time>2025-08-21T23:51:03Z</time></trkpt><trkpt lat="23.468810776562563" lon="120.95465751342473"><ele>3710.024658203125</ele><time>2025-08-21T23:53:02Z</time></trkpt><trkpt lat="23.468781594231213" lon="120.95470358843484"><ele>3710.177978515625</ele><time>2025-08-21T23:53:17Z</time></trkpt><trkpt lat="23.468771849707167" lon="120.95475349563577"><ele>3711.060546875</ele><time>2025-08-21T23:53:25Z</time></trkpt><trkpt lat="23.468764353329277" lon="120.9548276280711"><ele>3712.9814453125</ele><time>2025-08-21T23:53:48Z</time></trkpt><trkpt lat="23.468757101647196" lon="120.95488612064395"><ele>3713.922119140625</ele><time>2025-08-21T23:54:04Z</time></trkpt><trkpt lat="23.468752137949693" lon="120.9549525054289"><ele>3715.38330078125</ele><time>2025-08-21T23:54:21Z</time></trkpt><trkpt lat="23.468738429084016" lon="120.95500453210816"><ele>3716.1044921875</ele><time>2025-08-21T23:54:28Z</time></trkpt><trkpt lat="23.468726246658225" lon="120.95506915954931"><ele>3717.61328125</ele><time>2025-08-21T23:54:42Z</time></trkpt><trkpt lat="23.468704209720407" lon="120.95511871395352"><ele>3718.79443359375</ele><time>2025-08-21T23:54:51Z</time></trkpt><trkpt lat="23.468688694257178" lon="120.95518552832775"><ele>3719.426025390625</ele><time>2025-08-21T23:55:07Z</time></trkpt><trkpt lat="23.468737248365194" lon="120.95517634478892"><ele>3722.961181640625</ele><time>2025-08-21T23:55:58Z</time></trkpt><trkpt lat="23.46878693428419" lon="120.95515016876969"><ele>3724.39599609375</ele><time>2025-08-21T23:56:21Z</time></trkpt><trkpt lat="23.468820068009318" lon="120.95512083443285"><ele>3725.767333984375</ele><time>2025-08-21T23:56:25Z</time></trkpt><trkpt lat="23.468859981536337" lon="120.95508290309036"><ele>3726.314453125</ele><time>2025-08-21T23:56:32Z</time></trkpt><trkpt lat="23.46889164375148" lon="120.95502549500573"><ele>3726.3037109375</ele><time>2025-08-21T23:56:42Z</time></trkpt><trkpt lat="23.468921258183844" lon="120.95496628100189"><ele>3727.706787109375</ele><time>2025-08-21T23:56:58Z</time></trkpt><trkpt lat="23.468962777272353" lon="120.95492013737757"><ele>3729.506103515625</ele><time>2025-08-21T23:57:22Z</time></trkpt><trkpt lat="23.469010559282896" lon="120.95488262892513"><ele>3730.962158203125</ele><time>2025-08-21T23:57:46Z</time></trkpt><trkpt lat="23.469055725850968" lon="120.95485153402372"><ele>3732.6875</ele><time>2025-08-21T23:57:57Z</time></trkpt><trkpt lat="23.46909849160985" lon="120.95481801032162"><ele>3733.128662109375</ele><time>2025-08-21T23:58:08Z</time></trkpt><trkpt lat="23.469130148319" lon="120.95476514336441"><ele>3733.847412109375</ele><time>2025-08-21T23:58:15Z</time></trkpt><trkpt lat="23.46915863760418" lon="120.9547115459545"><ele>3734.3310546875</ele><time>2025-08-21T23:58:25Z</time></trkpt><trkpt lat="23.469200460002146" lon="120.954670330563"><ele>3735.48291015625</ele><time>2025-08-21T23:58:40Z</time></trkpt><trkpt lat="23.46924044995181" lon="120.95462940228771"><ele>3736.198974609375</ele><time>2025-08-21T23:58:49Z</time></trkpt><trkpt lat="23.469285409993745" lon="120.95458530265333"><ele>3737.327392578125</ele><time>2025-08-21T23:59:00Z</time></trkpt><trkpt lat="23.469311537487734" lon="120.95453160924163"><ele>3737.8955078125</ele><time>2025-08-21T23:59:12Z</time></trkpt><trkpt lat="23.469328933429047" lon="120.95447098406086"><ele>3739.301025390625</ele><time>2025-08-21T23:59:27Z</time></trkpt><trkpt lat="23.469349566520663" lon="120.95450645828491"><ele>3742.614501953125</ele><time>2025-08-22T00:00:04Z</time></trkpt><trkpt lat="23.469349661037334" lon="120.95455478022038"><ele>3743.571044921875</ele><time>2025-08-22T00:00:12Z</time></trkpt><trkpt lat="23.469343141882835" lon="120.9546142491361"><ele>3744.141845703125</ele><time>2025-08-22T00:00:20Z</time></trkpt><trkpt lat="23.46932807669071" lon="120.9546769883641"><ele>3744.72314453125</ele><time>2025-08-22T00:00:31Z</time></trkpt><trkpt lat="23.469323858900417" lon="120.95473843118229"><ele>3745.45751953125</ele><time>2025-08-22T00:00:41Z</time></trkpt><trkpt lat="23.469330026558048" lon="120.9548025593899"><ele>3747.193603515625</ele><time>2025-08-22T00:00:57Z</time></trkpt><trkpt lat="23.469326097801023" lon="120.95486176932378"><ele>3749.851806640625</ele><time>2025-08-22T00:01:14Z</time></trkpt><trkpt lat="23.469305120060284" lon="120.95491052691858"><ele>3750.9482421875</ele><time>2025-08-22T00:01:23Z</time></trkpt><trkpt lat="23.469264925468327" lon="120.95497030553923"><ele>3739.190185546875</ele><time>2025-08-22T00:02:16Z</time></trkpt><trkpt lat="23.469266033535753" lon="120.95500322068081"><ele>3739.83740234375</ele><time>2025-08-22T00:02:23Z</time></trkpt><trkpt lat="23.46927097851314" lon="120.95504200377518"><ele>3740.149169921875</ele><time>2025-08-22T00:02:26Z</time></trkpt><trkpt lat="23.46928883891834" lon="120.95509394796572"><ele>3740.265625</ele><time>2025-08-22T00:02:31Z</time></trkpt><trkpt lat="23.46927101360979" lon="120.95515153513647"><ele>3740.2919921875</ele><time>2025-08-22T00:02:34Z</time></trkpt><trkpt lat="23.469263596417726" lon="120.95523502339292"><ele>3740.97900390625</ele><time>2025-08-22T00:02:41Z</time></trkpt><trkpt lat="23.469266311835685" lon="120.95520957498758"><ele>3742.434814453125</ele><time>2025-08-22T00:02:57Z</time></trkpt><trkpt lat="23.469290528255353" lon="120.9551655140472"><ele>3743.60546875</ele><time>2025-08-22T00:03:05Z</time></trkpt><trkpt lat="23.469324880923022" lon="120.9551183881036"><ele>3744.05712890625</ele><time>2025-08-22T00:03:13Z</time></trkpt><trkpt lat="23.469336785578705" lon="120.95505663637937"><ele>3745.5078125</ele><time>2025-08-22T00:03:24Z</time></trkpt><trkpt lat="23.46937792791471" lon="120.95508855473832"><ele>3744.617431640625</ele><time>2025-08-22T00:04:19Z</time></trkpt><trkpt lat="23.469333150831808" lon="120.95508211416595"><ele>3744.469482421875</ele><time>2025-08-22T00:04:37Z</time></trkpt><trkpt lat="23.469330671362215" lon="120.95502289292492"><ele>3745.96240234375</ele><time>2025-08-22T00:06:27Z</time></trkpt><trkpt lat="23.46936019963877" lon="120.9550599510019"><ele>3746.821044921875</ele><time>2025-08-22T00:06:43Z</time></trkpt><trkpt lat="23.469387456911257" lon="120.95513734357971"><ele>3747.8251953125</ele><time>2025-08-22T00:07:01Z</time></trkpt><trkpt lat="23.46937283647354" lon="120.9552045016484"><ele>3750.739501953125</ele><time>2025-08-22T00:07:31Z</time></trkpt><trkpt lat="23.46937010546046" lon="120.95525008129113"><ele>3751.978759765625</ele><time>2025-08-22T00:07:40Z</time></trkpt><trkpt lat="23.469346361144538" lon="120.95530315285542"><ele>3752.581298828125</ele><time>2025-08-22T00:07:49Z</time></trkpt><trkpt lat="23.469334700406918" lon="120.95537569826288"><ele>3756.031982421875</ele><time>2025-08-22T00:08:21Z</time></trkpt><trkpt lat="23.469347114245824" lon="120.95541998581099"><ele>3756.380859375</ele><time>2025-08-22T00:08:28Z</time></trkpt><trkpt lat="23.46932339593163" lon="120.95547428618336"><ele>3758.2197265625</ele><time>2025-08-22T00:08:42Z</time></trkpt><trkpt lat="23.469292152101627" lon="120.95551998866031"><ele>3758.86181640625</ele><time>2025-08-22T00:08:51Z</time></trkpt><trkpt lat="23.469291181872308" lon="120.9555791983287"><ele>3760.1962890625</ele><time>2025-08-22T00:09:02Z</time></trkpt><trkpt lat="23.46931067836433" lon="120.95561883804638"><ele>3760.2041015625</ele><time>2025-08-22T00:09:07Z</time></trkpt><trkpt lat="23.46935868543059" lon="120.95558052979986"><ele>3767.88525390625</ele><time>2025-08-22T00:10:37Z</time></trkpt><trkpt lat="23.46940130308188" lon="120.955543043436"><ele>3768.968505859375</ele><time>2025-08-22T00:11:01Z</time></trkpt><trkpt lat="23.46943496687166" lon="120.95557433334619"><ele>3773.978271484375</ele><time>2025-08-22T00:11:53Z</time></trkpt><trkpt lat="23.469458253978132" lon="120.95563086424859"><ele>3787.1552734375</ele><time>2025-08-22T00:12:06Z</time></trkpt><trkpt lat="23.46946926471512" lon="120.95568198597621"><ele>3788.259765625</ele><time>2025-08-22T00:12:16Z</time></trkpt><trkpt lat="23.46949739070451" lon="120.95575559677324"><ele>3792.302490234375</ele><time>2025-08-22T00:13:08Z</time></trkpt><trkpt lat="23.469528618105677" lon="120.95580676123559"><ele>3795.98583984375</ele><time>2025-08-22T00:13:46Z</time></trkpt><trkpt lat="23.469546315379276" lon="120.95585992632815"><ele>3796.69384765625</ele><time>2025-08-22T00:13:56Z</time></trkpt><trkpt lat="23.469505572197583" lon="120.95592871319711"><ele>3799.537109375</ele><time>2025-08-22T00:14:34Z</time></trkpt><trkpt lat="23.469462287724056" lon="120.95596435223774"><ele>3801.621826171875</ele><time>2025-08-22T00:14:55Z</time></trkpt><trkpt lat="23.46942097147923" lon="120.95594438542966"><ele>3800.760498046875</ele><time>2025-08-22T00:15:05Z</time></trkpt><trkpt lat="23.469360735345706" lon="120.95596236965619"><ele>3801.494873046875</ele><time>2025-08-22T00:15:22Z</time></trkpt><trkpt lat="23.46931550328444" lon="120.95599750619432"><ele>3802.520263671875</ele><time>2025-08-22T00:15:34Z</time></trkpt><trkpt lat="23.46925457886928" lon="120.9560083259193"><ele>3802.855712890625</ele><time>2025-08-22T00:15:46Z</time></trkpt><trkpt lat="23.469328841056218" lon="120.95606920066376"><ele>3806.82177734375</ele><time>2025-08-22T00:16:40Z</time></trkpt><trkpt lat="23.469367200037983" lon="120.95604013196176"><ele>3807.8310546875</ele><time>2025-08-22T00:16:52Z</time></trkpt><trkpt lat="23.469460641837486" lon="120.95602338637427"><ele>3808.87744140625</ele><time>2025-08-22T00:17:10Z</time></trkpt><trkpt lat="23.469521684468365" lon="120.95604774041031"><ele>3810.6318359375</ele><time>2025-08-22T00:17:34Z</time></trkpt><trkpt lat="23.46950738524547" lon="120.9561075426428"><ele>3813.02587890625</ele><time>2025-08-22T00:18:16Z</time></trkpt><trkpt lat="23.469560930682018" lon="120.95610449143763"><ele>3814.885986328125</ele><time>2025-08-22T00:18:52Z</time></trkpt><trkpt lat="23.46959365399303" lon="120.95605045303468"><ele>3816.542724609375</ele><time>2025-08-22T00:19:46Z</time></trkpt><trkpt lat="23.469637945565196" lon="120.95601446308521"><ele>3818.4267578125</ele><time>2025-08-22T00:20:34Z</time></trkpt><trkpt lat="23.46964024288527" lon="120.95601974987274"><ele>3819.22998046875</ele><time>2025-08-22T00:20:58Z</time></trkpt><trkpt lat="23.46963063797882" lon="120.95605267058558"><ele>3819.9326171875</ele><time>2025-08-22T00:21:10Z</time></trkpt><trkpt lat="23.469664444467828" lon="120.95609670562561"><ele>3821.82470703125</ele><time>2025-08-22T00:21:38Z</time></trkpt><trkpt lat="23.469636910226004" lon="120.95614358555635"><ele>3823.4072265625</ele><time>2025-08-22T00:22:01Z</time></trkpt><trkpt lat="23.46963056749343" lon="120.95619635489383"><ele>3846.928955078125</ele><time>2025-08-22T00:22:14Z</time></trkpt><trkpt lat="23.469669377884195" lon="120.95617146630049"><ele>3849.512939453125</ele><time>2025-08-22T00:22:46Z</time></trkpt><trkpt lat="23.469730091586243" lon="120.95614866979561"><ele>3851.455078125</ele><time>2025-08-22T00:23:04Z</time></trkpt><trkpt lat="23.469776584709315" lon="120.95611430673094"><ele>3853.70361328125</ele><time>2025-08-22T00:23:28Z</time></trkpt><trkpt lat="23.469817006995353" lon="120.95608581501419"><ele>3856.205810546875</ele><time>2025-08-22T00:23:47Z</time></trkpt><trkpt lat="23.46989952631747" lon="120.95606414171954"><ele>3856.744873046875</ele><time>2025-08-22T00:23:58Z</time></trkpt><trkpt lat="23.469955242212308" lon="120.9560428313052"><ele>3859.442626953125</ele><time>2025-08-22T00:24:37Z</time></trkpt><trkpt lat="23.470021474903447" lon="120.9560954343513"><ele>3864.299072265625</ele><time>2025-08-22T00:29:28Z</time></trkpt><trkpt lat="23.470066198025812" lon="120.95614579085586"><ele>3864.946533203125</ele><time>2025-08-22T00:29:38Z</time></trkpt><trkpt lat="23.47015836053897" lon="120.95612475945546"><ele>3865.630859375</ele><time>2025-08-22T00:30:04Z</time></trkpt><trkpt lat="23.470160020731242" lon="120.95612640954874"><ele>3867.971923828125</ele><time>2025-08-22T00:31:08Z</time></trkpt><trkpt lat="23.470261584841985" lon="120.95616566175606"><ele>3869.995849609375</ele><time>2025-08-22T00:31:38Z</time></trkpt><trkpt lat="23.470309553369905" lon="120.95614414662808"><ele>3871.71875</ele><time>2025-08-22T00:31:56Z</time></trkpt><trkpt lat="23.47036090055423" lon="120.95611622076639"><ele>3862.909423828125</ele><time>2025-08-22T00:32:33Z</time></trkpt><trkpt lat="23.470403960657862" lon="120.95608766243122"><ele>3864.59765625</ele><time>2025-08-22T00:32:43Z</time></trkpt><trkpt lat="23.4704652030531" lon="120.95608487294447"><ele>3866.98095703125</ele><time>2025-08-22T00:33:18Z</time></trkpt><trkpt lat="23.470433689939625" lon="120.95604368439345"><ele>3869.74755859375</ele><time>2025-08-22T00:36:23Z</time></trkpt><trkpt lat="23.470474805980523" lon="120.95603176121195"><ele>3867.741943359375</ele><time>2025-08-22T00:36:41Z</time></trkpt><trkpt lat="23.470471752390893" lon="120.95603220279499"><ele>3865.210693359375</ele><time>2025-08-22T00:38:02Z</time></trkpt><trkpt lat="23.47043326609293" lon="120.95610877372226"><ele>3874.625244140625</ele><time>2025-08-22T00:40:18Z</time></trkpt><trkpt lat="23.470423024145923" lon="120.9561584003454"><ele>3875.449462890625</ele><time>2025-08-22T00:40:25Z</time></trkpt><trkpt lat="23.470421749960156" lon="120.95623441933532"><ele>3878.900390625</ele><time>2025-08-22T00:41:22Z</time></trkpt><trkpt lat="23.470406872360414" lon="120.95629210527397"><ele>3882.38818359375</ele><time>2025-08-22T00:42:05Z</time></trkpt><trkpt lat="23.470398422589575" lon="120.95635057577579"><ele>3889.752197265625</ele><time>2025-08-22T00:42:46Z</time></trkpt><trkpt lat="23.47042151849733" lon="120.95640318113206"><ele>3892.830322265625</ele><time>2025-08-22T00:43:34Z</time></trkpt><trkpt lat="23.470386145226104" lon="120.95645123105587"><ele>3900.646240234375</ele><time>2025-08-22T00:48:16Z</time></trkpt><trkpt lat="23.470283322677503" lon="120.95661044535379"><ele>3903.914794921875</ele><time>2025-08-22T00:50:10Z</time></trkpt><trkpt lat="23.470221471889428" lon="120.95663646623522"><ele>3905.143310546875</ele><time>2025-08-22T00:50:40Z</time></trkpt><trkpt lat="23.47015237570375" lon="120.95667584702838"><ele>3908.3828125</ele><time>2025-08-22T00:51:40Z</time></trkpt><trkpt lat="23.470080483867335" lon="120.95669415556345"><ele>3911.627685546875</ele><time>2025-08-22T00:53:27Z</time></trkpt><trkpt lat="23.470140662506875" lon="120.9567073940387"><ele>3911.580078125</ele><time>2025-08-22T00:53:31Z</time></trkpt><trkpt lat="23.470099098794794" lon="120.95676234851919"><ele>3911.4453125</ele><time>2025-08-22T00:53:37Z</time></trkpt><trkpt lat="23.47009862453012" lon="120.95678588275238"><ele>3911.944580078125</ele><time>2025-08-22T00:54:25Z</time></trkpt><trkpt lat="23.470040061844664" lon="120.95681818339833"><ele>3913.796875</ele><time>2025-08-22T00:55:25Z</time></trkpt><trkpt lat="23.470093254020412" lon="120.95682448646184"><ele>3917.506591796875</ele><time>2025-08-22T00:56:19Z</time></trkpt><trkpt lat="23.470143250349174" lon="120.95680567609067"><ele>3918.544921875</ele><time>2025-08-22T00:56:31Z</time></trkpt><trkpt lat="23.470149780392312" lon="120.95686853553762"><ele>3924.00927734375</ele><time>2025-08-22T00:57:55Z</time></trkpt><trkpt lat="23.470132901795523" lon="120.95692835820303"><ele>3925.80859375</ele><time>2025-08-22T00:58:25Z</time></trkpt><trkpt lat="23.470103695368827" lon="120.95697869509995"><ele>3928.7548828125</ele><time>2025-08-22T00:59:11Z</time></trkpt><trkpt lat="23.47007319486543" lon="120.95701175010186"><ele>3930.905517578125</ele><time>2025-08-22T00:59:46Z</time></trkpt><trkpt lat="23.470107079251438" lon="120.95704602886723"><ele>3931.626953125</ele><time>2025-08-22T00:59:56Z</time></trkpt><trkpt lat="23.470091830659264" lon="120.95700829299801"><ele>3930.4697265625</ele><time>2025-08-22T01:01:26Z</time></trkpt><trkpt lat="23.47012530319035" lon="120.95698831542555"><ele>3932.181884765625</ele><time>2025-08-22T01:02:02Z</time></trkpt><trkpt lat="23.47014849581512" lon="120.95703049074987"><ele>3919.578125</ele><time>2025-08-22T01:02:20Z</time></trkpt><trkpt lat="23.470145444893546" lon="120.95709312002964"><ele>3921.0048828125</ele><time>2025-08-22T01:02:38Z</time></trkpt><trkpt lat="23.470128679687516" lon="120.95717191549147"><ele>3926.844482421875</ele><time>2025-08-22T01:04:38Z</time></trkpt><trkpt lat="23.470081208021263" lon="120.95721814704694"><ele>3930.271484375</ele><time>2025-08-22T01:05:38Z</time></trkpt><trkpt lat="23.47005656619672" lon="120.95726479504563"><ele>3936.61279296875</ele><time>2025-08-22T01:09:21Z</time></trkpt><trkpt lat="23.470004904021316" lon="120.95723212900288"><ele>3939.606689453125</ele><time>2025-08-22T01:16:08Z</time></trkpt><trkpt lat="23.470060180883124" lon="120.95724025309906"><ele>3938.523193359375</ele><time>2025-08-22T01:21:14Z</time></trkpt><trkpt lat="23.470025715180018" lon="120.95728463657296"><ele>3941.0888671875</ele><time>2025-08-22T01:25:40Z</time></trkpt><trkpt lat="23.47005586322893" lon="120.957236081334"><ele>3939.90771484375</ele><time>2025-08-22T01:31:20Z</time></trkpt><trkpt lat="23.47001816753465" lon="120.95727727972975"><ele>3940.198486328125</ele><time>2025-08-22T01:34:55Z</time></trkpt><trkpt lat="23.47006379911022" lon="120.9572361514578"><ele>3940.1904296875</ele><time>2025-08-22T01:46:29Z</time></trkpt><trkpt lat="23.470103610027525" lon="120.95727513878273"><ele>3940.291015625</ele><time>2025-08-22T01:47:41Z</time></trkpt><trkpt lat="23.470056768013375" lon="120.9572673583988"><ele>3941.041259765625</ele><time>2025-08-22T01:48:07Z</time></trkpt><trkpt lat="23.47016758979864" lon="120.95742653668724"><ele>3940.62646484375</ele><time>2025-08-22T01:51:11Z</time></trkpt><trkpt lat="23.470123729525277" lon="120.9573506840577"><ele>3940.8828125</ele><time>2025-08-22T01:51:17Z</time></trkpt><trkpt lat="23.47007936995167" lon="120.95728482297288"><ele>3941.0546875</ele><time>2025-08-22T01:51:29Z</time></trkpt><trkpt lat="23.470105475102052" lon="120.95722120437794"><ele>3932.419677734375</ele><time>2025-08-22T02:01:04Z</time></trkpt><trkpt lat="23.470148233237936" lon="120.95717934640928"><ele>3936.787353515625</ele><time>2025-08-22T02:03:58Z</time></trkpt><trkpt lat="23.47018256176949" lon="120.95722528670798"><ele>3935.2626953125</ele><time>2025-08-22T02:04:17Z</time></trkpt><trkpt lat="23.470156604407205" lon="120.95718965755762"><ele>3934.847900390625</ele><time>2025-08-22T02:04:23Z</time></trkpt><trkpt lat="23.470090525156422" lon="120.95715172499084"><ele>3933.04052734375</ele><time>2025-08-22T02:06:17Z</time></trkpt><trkpt lat="23.470138554385382" lon="120.95714618584519"><ele>3932.61767578125</ele><time>2025-08-22T02:06:29Z</time></trkpt><trkpt lat="23.47015511164764" lon="120.95710085670859"><ele>3926.033203125</ele><time>2025-08-22T02:08:11Z</time></trkpt><trkpt lat="23.47011288588715" lon="120.95704497494152"><ele>3924.6328125</ele><time>2025-08-22T02:08:29Z</time></trkpt><trkpt lat="23.470108458239487" lon="120.95700218807399"><ele>3919.93212890625</ele><time>2025-08-22T02:09:11Z</time></trkpt><trkpt lat="23.470123008592388" lon="120.9569297134013"><ele>3918.122314453125</ele><time>2025-08-22T02:09:27Z</time></trkpt><trkpt lat="23.470128262028382" lon="120.95690995355281"><ele>3917.6494140625</ele><time>2025-08-22T02:09:34Z</time></trkpt><trkpt lat="23.470199277882855" lon="120.95685227866714"><ele>3913.812744140625</ele><time>2025-08-22T02:10:32Z</time></trkpt><trkpt lat="23.470177051769916" lon="120.95680002108473"><ele>3913.0068359375</ele><time>2025-08-22T02:11:10Z</time></trkpt><trkpt lat="23.47014657600406" lon="120.95683075150077"><ele>3910.3935546875</ele><time>2025-08-22T02:12:12Z</time></trkpt><trkpt lat="23.470113035188664" lon="120.95684931539652"><ele>3925.869384765625</ele><time>2025-08-22T02:12:19Z</time></trkpt><trkpt lat="23.47004615532839" lon="120.95682998756037"><ele>3922.439697265625</ele><time>2025-08-22T02:12:57Z</time></trkpt><trkpt lat="23.47006552768596" lon="120.95679088464303"><ele>3921.483154296875</ele><time>2025-08-22T02:13:06Z</time></trkpt><trkpt lat="23.47009357883509" lon="120.9567190041521"><ele>3919.208251953125</ele><time>2025-08-22T02:13:22Z</time></trkpt><trkpt lat="23.470141661208192" lon="120.9566794590389"><ele>3916.5078125</ele><time>2025-08-22T02:14:22Z</time></trkpt><trkpt lat="23.47018263049982" lon="120.95665183809268"><ele>3915.136474609375</ele><time>2025-08-22T02:14:34Z</time></trkpt><trkpt lat="23.470231905003974" lon="120.9566338417821"><ele>3912.1455078125</ele><time>2025-08-22T02:16:40Z</time></trkpt><trkpt lat="23.47028869947459" lon="120.9565907875261"><ele>3910.26953125</ele><time>2025-08-22T02:16:58Z</time></trkpt><trkpt lat="23.47027705903161" lon="120.95667730438255"><ele>3909.7041015625</ele><time>2025-08-22T02:17:04Z</time></trkpt><trkpt lat="23.47028989389826" lon="120.95665517019206"><ele>3909.54541015625</ele><time>2025-08-22T02:17:10Z</time></trkpt><trkpt lat="23.470338169706828" lon="120.95650153679117"><ele>3909.48193359375</ele><time>2025-08-22T02:17:28Z</time></trkpt><trkpt lat="23.470399908191183" lon="120.95647941828511"><ele>3908.4091796875</ele><time>2025-08-22T02:17:52Z</time></trkpt><trkpt lat="23.470390737104506" lon="120.95643922732413"><ele>3906.29541015625</ele><time>2025-08-22T02:18:52Z</time></trkpt><trkpt lat="23.470429050054484" lon="120.95645415455232"><ele>3906.136962890625</ele><time>2025-08-22T02:18:58Z</time></trkpt><trkpt lat="23.470398154286805" lon="120.95637664493718"><ele>3900.10205078125</ele><time>2025-08-22T02:21:34Z</time></trkpt><trkpt lat="23.470400003820586" lon="120.95630787611465"><ele>3886.330322265625</ele><time>2025-08-22T02:22:22Z</time></trkpt><trkpt lat="23.470439096008985" lon="120.95626789709289"><ele>3883.5244140625</ele><time>2025-08-22T02:22:46Z</time></trkpt><trkpt lat="23.470456202305428" lon="120.9562143090796"><ele>3879.996826171875</ele><time>2025-08-22T02:23:16Z</time></trkpt><trkpt lat="23.47045486875887" lon="120.95616802396177"><ele>3877.365234375</ele><time>2025-08-22T02:23:52Z</time></trkpt><trkpt lat="23.470441373815696" lon="120.95607805871178"><ele>3873.00537109375</ele><time>2025-08-22T02:24:22Z</time></trkpt><trkpt lat="23.470436392078906" lon="120.9560234859892"><ele>3868.423828125</ele><time>2025-08-22T02:25:16Z</time></trkpt><trkpt lat="23.470375015786104" lon="120.95604348358901"><ele>3864.954345703125</ele><time>2025-08-22T02:26:31Z</time></trkpt><trkpt lat="23.470370270063523" lon="120.9561716133539"><ele>3864.965087890625</ele><time>2025-08-22T02:26:35Z</time></trkpt><trkpt lat="23.470389217585705" lon="120.95613631090264"><ele>3865.031005859375</ele><time>2025-08-22T02:26:41Z</time></trkpt><trkpt lat="23.47038216072827" lon="120.95603773287566"><ele>3865.274169921875</ele><time>2025-08-22T02:27:29Z</time></trkpt><trkpt lat="23.470332922193464" lon="120.95610986233996"><ele>3862.99658203125</ele><time>2025-08-22T02:29:23Z</time></trkpt><trkpt lat="23.470283379378362" lon="120.95614355699594"><ele>3860.8642578125</ele><time>2025-08-22T02:29:35Z</time></trkpt><trkpt lat="23.470241296373338" lon="120.95616710400452"><ele>3860.6845703125</ele><time>2025-08-22T02:29:38Z</time></trkpt><trkpt lat="23.47018781359719" lon="120.95617846794983"><ele>3859.783447265625</ele><time>2025-08-22T02:29:44Z</time></trkpt><trkpt lat="23.470140059056185" lon="120.95616765224564"><ele>3859.424072265625</ele><time>2025-08-22T02:29:50Z</time></trkpt><trkpt lat="23.47010023556244" lon="120.95615901992855"><ele>3857.5771484375</ele><time>2025-08-22T02:29:53Z</time></trkpt><trkpt lat="23.470064351919323" lon="120.95612344553177"><ele>3856.306396484375</ele><time>2025-08-22T02:30:00Z</time></trkpt><trkpt lat="23.469996053345053" lon="120.95607144161438"><ele>3855.426513671875</ele><time>2025-08-22T02:30:11Z</time></trkpt><trkpt lat="23.46993633107117" lon="120.95602674400061"><ele>3851.8857421875</ele><time>2025-08-22T02:31:00Z</time></trkpt><trkpt lat="23.469901150390168" lon="120.95606378698223"><ele>3849.88818359375</ele><time>2025-08-22T02:31:17Z</time></trkpt><trkpt lat="23.469875597482215" lon="120.95609135041653"><ele>3848.477294921875</ele><time>2025-08-22T02:31:23Z</time></trkpt><trkpt lat="23.469824755884567" lon="120.9561140666434"><ele>3847.0478515625</ele><time>2025-08-22T02:31:28Z</time></trkpt><trkpt lat="23.46976383658606" lon="120.9561131228211"><ele>3846.123046875</ele><time>2025-08-22T02:31:35Z</time></trkpt><trkpt lat="23.469705547118128" lon="120.95613112374096"><ele>3843.583740234375</ele><time>2025-08-22T02:31:52Z</time></trkpt><trkpt lat="23.469681036015416" lon="120.95618183595128"><ele>3842.6826171875</ele><time>2025-08-22T02:32:03Z</time></trkpt><trkpt lat="23.469639611355003" lon="120.95615542159749"><ele>3843.86376953125</ele><time>2025-08-22T02:32:37Z</time></trkpt><trkpt lat="23.469628904115773" lon="120.95609750427997"><ele>3843.07373046875</ele><time>2025-08-22T02:32:50Z</time></trkpt><trkpt lat="23.469633994244116" lon="120.95615709134005"><ele>3835.4560546875</ele><time>2025-08-22T02:34:23Z</time></trkpt><trkpt lat="23.46960412025872" lon="120.95611791324998"><ele>3834.732177734375</ele><time>2025-08-22T02:34:35Z</time></trkpt><trkpt lat="23.469561640034772" lon="120.95609412578537"><ele>3833.7412109375</ele><time>2025-08-22T02:34:43Z</time></trkpt><trkpt lat="23.469519992947184" lon="120.95603126290062"><ele>3832.644775390625</ele><time>2025-08-22T02:35:24Z</time></trkpt><trkpt lat="23.469479703093747" lon="120.95599436331642"><ele>3829.833251953125</ele><time>2025-08-22T02:35:52Z</time></trkpt><trkpt lat="23.469442282196987" lon="120.95599719909967"><ele>3828.40380859375</ele><time>2025-08-22T02:35:57Z</time></trkpt><trkpt lat="23.469391568156006" lon="120.95600351860836"><ele>3827.531982421875</ele><time>2025-08-22T02:36:03Z</time></trkpt><trkpt lat="23.46933580057764" lon="120.95604360969193"><ele>3826.184326171875</ele><time>2025-08-22T02:36:11Z</time></trkpt><trkpt lat="23.46928245224833" lon="120.95604481651387"><ele>3825.37841796875</ele><time>2025-08-22T02:36:21Z</time></trkpt><trkpt lat="23.469303607915418" lon="120.95600377647818"><ele>3820.98974609375</ele><time>2025-08-22T02:37:04Z</time></trkpt><trkpt lat="23.469319518129268" lon="120.95596284772343"><ele>3820.839111328125</ele><time>2025-08-22T02:37:09Z</time></trkpt><trkpt lat="23.469348738381683" lon="120.95592720379486"><ele>3819.68701171875</ele><time>2025-08-22T02:37:13Z</time></trkpt><trkpt lat="23.469408193448277" lon="120.95588145382135"><ele>3819.150634765625</ele><time>2025-08-22T02:37:26Z</time></trkpt><trkpt lat="23.469460549861786" lon="120.95586966995597"><ele>3819.459716796875</ele><time>2025-08-22T02:37:34Z</time></trkpt><trkpt lat="23.46951990256614" lon="120.95582200851145"><ele>3818.194091796875</ele><time>2025-08-22T02:38:05Z</time></trkpt><trkpt lat="23.469506494329135" lon="120.95576167427149"><ele>3814.204345703125</ele><time>2025-08-22T02:38:48Z</time></trkpt><trkpt lat="23.46947591843453" lon="120.9557119216471"><ele>3810.048095703125</ele><time>2025-08-22T02:39:25Z</time></trkpt><trkpt lat="23.469459364129705" lon="120.95566656644321"><ele>3808.935546875</ele><time>2025-08-22T02:39:34Z</time></trkpt><trkpt lat="23.469444979403292" lon="120.95560365557812"><ele>3805.939208984375</ele><time>2025-08-22T02:40:01Z</time></trkpt><trkpt lat="23.469432136333545" lon="120.9555621718368"><ele>3804.63134765625</ele><time>2025-08-22T02:40:07Z</time></trkpt><trkpt lat="23.469405137923218" lon="120.95550239060007"><ele>3802.906005859375</ele><time>2025-08-22T02:40:15Z</time></trkpt><trkpt lat="23.469441124502953" lon="120.9555043142213"><ele>3802.308837890625</ele><time>2025-08-22T02:40:29Z</time></trkpt><trkpt lat="23.469470144606923" lon="120.95554714784852"><ele>3800.36669921875</ele><time>2025-08-22T02:40:50Z</time></trkpt><trkpt lat="23.469438288049815" lon="120.95559297447012"><ele>3799.373291015625</ele><time>2025-08-22T02:40:59Z</time></trkpt><trkpt lat="23.469367125092976" lon="120.9556469466941"><ele>3786.69287109375</ele><time>2025-08-22T02:42:47Z</time></trkpt><trkpt lat="23.4693499252566" lon="120.95569666731446"><ele>3785.377197265625</ele><time>2025-08-22T02:42:59Z</time></trkpt><trkpt lat="23.46930058180831" lon="120.95568407167927"><ele>3782.005615234375</ele><time>2025-08-22T02:43:26Z</time></trkpt><trkpt lat="23.469278098196597" lon="120.95563435136025"><ele>3780.087158203125</ele><time>2025-08-22T02:43:43Z</time></trkpt><trkpt lat="23.469276033869118" lon="120.95558859806674"><ele>3778.67626953125</ele><time>2025-08-22T02:43:51Z</time></trkpt><trkpt lat="23.46928202081721" lon="120.95553406755653"><ele>3778.134521484375</ele><time>2025-08-22T02:43:57Z</time></trkpt><trkpt lat="23.469290768809188" lon="120.95541939556401"><ele>3774.70751953125</ele><time>2025-08-22T02:44:23Z</time></trkpt><trkpt lat="23.469304951657154" lon="120.95534886698175"><ele>3774.284912109375</ele><time>2025-08-22T02:44:35Z</time></trkpt><trkpt lat="23.469339870623543" lon="120.9552781744928"><ele>3770.5380859375</ele><time>2025-08-22T02:45:11Z</time></trkpt><trkpt lat="23.46935417840752" lon="120.95523732209422"><ele>3769.03466796875</ele><time>2025-08-22T02:45:40Z</time></trkpt><trkpt lat="23.469364012547587" lon="120.95514459643479"><ele>3766.947265625</ele><time>2025-08-22T02:45:59Z</time></trkpt><trkpt lat="23.46935491356597" lon="120.95505433107431"><ele>3764.8466796875</ele><time>2025-08-22T02:46:17Z</time></trkpt><trkpt lat="23.46934059914772" lon="120.95506593292126"><ele>3761.9375</ele><time>2025-08-22T02:46:28Z</time></trkpt><trkpt lat="23.469320178974076" lon="120.9551020974117"><ele>3761.593994140625</ele><time>2025-08-22T02:46:31Z</time></trkpt><trkpt lat="23.469279519182688" lon="120.95518012364245"><ele>3760.542236328125</ele><time>2025-08-22T02:46:36Z</time></trkpt><trkpt lat="23.469217240824268" lon="120.95522284982096"><ele>3757.88427734375</ele><time>2025-08-22T02:46:54Z</time></trkpt><trkpt lat="23.469189854440067" lon="120.95519430896492"><ele>3757.926513671875</ele><time>2025-08-22T02:46:58Z</time></trkpt><trkpt lat="23.469171579288243" lon="120.95512875241258"><ele>3755.382080078125</ele><time>2025-08-22T02:47:16Z</time></trkpt><trkpt lat="23.469186620083924" lon="120.95508516725464"><ele>3755.247314453125</ele><time>2025-08-22T02:47:22Z</time></trkpt><trkpt lat="23.469215885161553" lon="120.95502213883285"><ele>3751.6669921875</ele><time>2025-08-22T02:47:45Z</time></trkpt><trkpt lat="23.46922488172981" lon="120.95496893358846"><ele>3750.528076171875</ele><time>2025-08-22T02:47:57Z</time></trkpt><trkpt lat="23.469257416625258" lon="120.95488193814609"><ele>3748.876708984375</ele><time>2025-08-22T02:48:06Z</time></trkpt><trkpt lat="23.46925840493415" lon="120.95477041224267"><ele>3747.64013671875</ele><time>2025-08-22T02:48:17Z</time></trkpt><trkpt lat="23.469272337587736" lon="120.95472561250403"><ele>3744.952880859375</ele><time>2025-08-22T02:48:32Z</time></trkpt><trkpt lat="23.46929991481443" lon="120.95457466133288"><ele>3743.687255859375</ele><time>2025-08-22T02:48:41Z</time></trkpt><trkpt lat="23.46930069194018" lon="120.95451188508454"><ele>3741.195556640625</ele><time>2025-08-22T02:48:50Z</time></trkpt><trkpt lat="23.46928900584463" lon="120.95444478767068"><ele>3740.37646484375</ele><time>2025-08-22T02:49:00Z</time></trkpt><trkpt lat="23.46927343622552" lon="120.95447753030041"><ele>3737.681396484375</ele><time>2025-08-22T02:49:11Z</time></trkpt><trkpt lat="23.46925010605157" lon="120.95452740018406"><ele>3737.43310546875</ele><time>2025-08-22T02:49:14Z</time></trkpt><trkpt lat="23.469177892476168" lon="120.95462322968797"><ele>3736.26513671875</ele><time>2025-08-22T02:49:23Z</time></trkpt><trkpt lat="23.46910820314471" lon="120.95470345532046"><ele>3734.72998046875</ele><time>2025-08-22T02:49:35Z</time></trkpt><trkpt lat="23.46908175387944" lon="120.95475304062965"><ele>3732.87255859375</ele><time>2025-08-22T02:49:41Z</time></trkpt><trkpt lat="23.46903669500535" lon="120.95481843790618"><ele>3732.299072265625</ele><time>2025-08-22T02:49:53Z</time></trkpt><trkpt lat="23.468937587240518" lon="120.95489303267159"><ele>3729.112548828125</ele><time>2025-08-22T02:50:05Z</time></trkpt><trkpt lat="23.46886620395825" lon="120.95496523530215"><ele>3727.81787109375</ele><time>2025-08-22T02:50:17Z</time></trkpt><trkpt lat="23.468865429117468" lon="120.95496637477484"><ele>3726.377685546875</ele><time>2025-08-22T02:50:22Z</time></trkpt><trkpt lat="23.46886350970945" lon="120.95496983629737"><ele>3726.63671875</ele><time>2025-08-22T02:50:26Z</time></trkpt><trkpt lat="23.468860655405344" lon="120.95497607402996"><ele>3726.24560546875</ele><time>2025-08-22T02:50:29Z</time></trkpt><trkpt lat="23.468844770389023" lon="120.95499626091713"><ele>3724.27978515625</ele><time>2025-08-22T02:50:41Z</time></trkpt><trkpt lat="23.468798293309632" lon="120.95505270232842"><ele>3722.083984375</ele><time>2025-08-22T02:50:44Z</time></trkpt><trkpt lat="23.468720199971965" lon="120.95514568477397"><ele>3721.14599609375</ele><time>2025-08-22T02:50:47Z</time></trkpt><trkpt lat="23.468632058794142" lon="120.95517975555492"><ele>3719.684814453125</ele><time>2025-08-22T02:50:55Z</time></trkpt><trkpt lat="23.46863299676206" lon="120.95514677747221"><ele>3718.6201171875</ele><time>2025-08-22T02:51:00Z</time></trkpt><trkpt lat="23.46864680525137" lon="120.95510364606507"><ele>3720.05224609375</ele><time>2025-08-22T02:51:05Z</time></trkpt><trkpt lat="23.468664748180725" lon="120.95504895974969"><ele>3717.769287109375</ele><time>2025-08-22T02:51:09Z</time></trkpt><trkpt lat="23.468674301793442" lon="120.95499077622253"><ele>3716.093994140625</ele><time>2025-08-22T02:51:15Z</time></trkpt><trkpt lat="23.468710980859083" lon="120.95492410292265"><ele>3715.4599609375</ele><time>2025-08-22T02:51:23Z</time></trkpt><trkpt lat="23.46872149108895" lon="120.95489301966836"><ele>3713.583740234375</ele><time>2025-08-22T02:51:33Z</time></trkpt><trkpt lat="23.468734221845818" lon="120.95485453987345"><ele>3711.866455078125</ele><time>2025-08-22T02:51:36Z</time></trkpt><trkpt lat="23.468751648181104" lon="120.95479786579324"><ele>3711.63916015625</ele><time>2025-08-22T02:51:41Z</time></trkpt><trkpt lat="23.468740499999985" lon="120.95473685772293"><ele>3709.958740234375</ele><time>2025-08-22T02:51:46Z</time></trkpt><trkpt lat="23.4687817109872" lon="120.95466628865651"><ele>3710.138427734375</ele><time>2025-08-22T02:51:53Z</time></trkpt><trkpt lat="23.46880740479083" lon="120.9545751616151"><ele>3707.443115234375</ele><time>2025-08-22T02:52:05Z</time></trkpt><trkpt lat="23.468812594690426" lon="120.95444903194881"><ele>3704.346435546875</ele><time>2025-08-22T02:52:17Z</time></trkpt><trkpt lat="23.468818224483034" lon="120.95436849425396"><ele>3693.151123046875</ele><time>2025-08-22T02:52:35Z</time></trkpt><trkpt lat="23.46883522956871" lon="120.95429259668033"><ele>3691.428466796875</ele><time>2025-08-22T02:52:47Z</time></trkpt><trkpt lat="23.468851162954657" lon="120.95422453824679"><ele>3689.86669921875</ele><time>2025-08-22T02:53:17Z</time></trkpt><trkpt lat="23.468851580990712" lon="120.9541579289155"><ele>3688.318359375</ele><time>2025-08-22T02:55:31Z</time></trkpt><trkpt lat="23.468847555889273" lon="120.95413516810879"><ele>3686.9365234375</ele><time>2025-08-22T02:55:36Z</time></trkpt><trkpt lat="23.468792060352126" lon="120.95411327679972"><ele>3685.263916015625</ele><time>2025-08-22T02:55:47Z</time></trkpt><trkpt lat="23.468762724543136" lon="120.9541392541442"><ele>3683.47509765625</ele><time>2025-08-22T02:55:52Z</time></trkpt><trkpt lat="23.468736033352947" lon="120.95418250781604"><ele>3682.708984375</ele><time>2025-08-22T02:55:57Z</time></trkpt><trkpt lat="23.468690530302624" lon="120.95422575244847"><ele>3681.607177734375</ele><time>2025-08-22T02:56:03Z</time></trkpt><trkpt lat="23.468640182934298" lon="120.9542604332698"><ele>3680.26220703125</ele><time>2025-08-22T02:56:10Z</time></trkpt><trkpt lat="23.46859953318279" lon="120.95431203257465"><ele>3679.97412109375</ele><time>2025-08-22T02:56:15Z</time></trkpt><trkpt lat="23.46857978520615" lon="120.95436565668666"><ele>3679.522216796875</ele><time>2025-08-22T02:56:19Z</time></trkpt><trkpt lat="23.46855285061793" lon="120.95441660613946"><ele>3678.312255859375</ele><time>2025-08-22T02:56:24Z</time></trkpt><trkpt lat="23.468516639153364" lon="120.9544628414221"><ele>3678.031982421875</ele><time>2025-08-22T02:56:28Z</time></trkpt><trkpt lat="23.46847361354043" lon="120.95451776004508"><ele>3676.0556640625</ele><time>2025-08-22T02:56:34Z</time></trkpt><trkpt lat="23.46843973084027" lon="120.954566646241"><ele>3673.637939453125</ele><time>2025-08-22T02:56:40Z</time></trkpt><trkpt lat="23.46839744651753" lon="120.95459678768766"><ele>3672.1953125</ele><time>2025-08-22T02:56:44Z</time></trkpt><trkpt lat="23.468352226826145" lon="120.95462574419786"><ele>3672.147705078125</ele><time>2025-08-22T02:56:49Z</time></trkpt><trkpt lat="23.468310125848845" lon="120.95465925892915"><ele>3668.79736328125</ele><time>2025-08-22T02:56:52Z</time></trkpt><trkpt lat="23.468318795378185" lon="120.95465805754769"><ele>3668.377197265625</ele><time>2025-08-22T02:56:59Z</time></trkpt><trkpt lat="23.468291654493736" lon="120.95469052733053"><ele>3667.46826171875</ele><time>2025-08-22T02:57:02Z</time></trkpt><trkpt lat="23.468260969606117" lon="120.95471878575812"><ele>3667.523681640625</ele><time>2025-08-22T02:57:06Z</time></trkpt><trkpt lat="23.46819995454801" lon="120.95478024065298"><ele>3665.6689453125</ele><time>2025-08-22T02:57:10Z</time></trkpt><trkpt lat="23.46813783591599" lon="120.9548438493204"><ele>3663.396484375</ele><time>2025-08-22T02:57:16Z</time></trkpt><trkpt lat="23.46808200478283" lon="120.95491141581827"><ele>3661.869384765625</ele><time>2025-08-22T02:57:29Z</time></trkpt><trkpt lat="23.468028808601794" lon="120.95491883496726"><ele>3660.41064453125</ele><time>2025-08-22T02:57:34Z</time></trkpt><trkpt lat="23.468007871205625" lon="120.95486864201885"><ele>3657.60986328125</ele><time>2025-08-22T02:57:48Z</time></trkpt><trkpt lat="23.468006801559692" lon="120.95481938991308"><ele>3657.6787109375</ele><time>2025-08-22T02:57:51Z</time></trkpt><trkpt lat="23.46800499683494" lon="120.95476876341318"><ele>3654.5634765625</ele><time>2025-08-22T02:57:55Z</time></trkpt><trkpt lat="23.468013466849353" lon="120.95472462220923"><ele>3655.5595703125</ele><time>2025-08-22T02:57:59Z</time></trkpt><trkpt lat="23.468004186007555" lon="120.95466868927859"><ele>3653.419189453125</ele><time>2025-08-22T02:58:03Z</time></trkpt><trkpt lat="23.468004384719524" lon="120.95459984134263"><ele>3651.849853515625</ele><time>2025-08-22T02:58:10Z</time></trkpt><trkpt lat="23.46801010592986" lon="120.95452877864602"><ele>3650.08740234375</ele><time>2025-08-22T02:58:17Z</time></trkpt><trkpt lat="23.468022558746846" lon="120.954470059028"><ele>3650.029296875</ele><time>2025-08-22T02:58:23Z</time></trkpt><trkpt lat="23.468027674965022" lon="120.95440683768022"><ele>3648.09521484375</ele><time>2025-08-22T02:58:29Z</time></trkpt><trkpt lat="23.468030917679005" lon="120.95433936332101"><ele>3646.557373046875</ele><time>2025-08-22T02:58:37Z</time></trkpt><trkpt lat="23.46804169395748" lon="120.95428726862053"><ele>3645.833251953125</ele><time>2025-08-22T02:58:41Z</time></trkpt><trkpt lat="23.468064581883684" lon="120.95421637655146"><ele>3644.64697265625</ele><time>2025-08-22T02:58:50Z</time></trkpt><trkpt lat="23.46808636596641" lon="120.95416634293537"><ele>3643.21484375</ele><time>2025-08-22T02:58:55Z</time></trkpt><trkpt lat="23.468116117702877" lon="120.9541168797499"><ele>3642.0205078125</ele><time>2025-08-22T02:59:02Z</time></trkpt><trkpt lat="23.468150600481852" lon="120.95406724289835"><ele>3641.177734375</ele><time>2025-08-22T02:59:08Z</time></trkpt><trkpt lat="23.468165194499896" lon="120.95401763248604"><ele>3639.45751953125</ele><time>2025-08-22T02:59:14Z</time></trkpt><trkpt lat="23.468148270539075" lon="120.95396854173332"><ele>3637.75048828125</ele><time>2025-08-22T02:59:20Z</time></trkpt><trkpt lat="23.46811938985692" lon="120.95398238151914"><ele>3636.455810546875</ele><time>2025-08-22T02:59:25Z</time></trkpt><trkpt lat="23.468075135381365" lon="120.95400359158448"><ele>3636.50341796875</ele><time>2025-08-22T02:59:29Z</time></trkpt><trkpt lat="23.468045566693295" lon="120.95404019033461"><ele>3635.50732421875</ele><time>2025-08-22T02:59:32Z</time></trkpt><trkpt lat="23.468015941280925" lon="120.9540877628882"><ele>3634.83349609375</ele><time>2025-08-22T02:59:37Z</time></trkpt><trkpt lat="23.467975154787936" lon="120.9541432780803"><ele>3633.779296875</ele><time>2025-08-22T02:59:44Z</time></trkpt><trkpt lat="23.467923025486233" lon="120.95418619075576"><ele>3632.77783203125</ele><time>2025-08-22T02:59:52Z</time></trkpt><trkpt lat="23.467855545847016" lon="120.95420623925385"><ele>3629.165771484375</ele><time>2025-08-22T03:00:14Z</time></trkpt><trkpt lat="23.467819229948468" lon="120.95422935812482"><ele>3627.50390625</ele><time>2025-08-22T03:00:18Z</time></trkpt><trkpt lat="23.467772061260998" lon="120.95425894723085"><ele>3627.27392578125</ele><time>2025-08-22T03:00:22Z</time></trkpt><trkpt lat="23.467740651298556" lon="120.95431214312718"><ele>3625.37158203125</ele><time>2025-08-22T03:00:28Z</time></trkpt><trkpt lat="23.467699123235718" lon="120.95433390281983"><ele>3625.189208984375</ele><time>2025-08-22T03:00:32Z</time></trkpt><trkpt lat="23.467658721340285" lon="120.9543741655409"><ele>3622.330322265625</ele><time>2025-08-22T03:00:37Z</time></trkpt><trkpt lat="23.467624723473396" lon="120.95441713948482"><ele>3622.980224609375</ele><time>2025-08-22T03:00:41Z</time></trkpt><trkpt lat="23.46758553483498" lon="120.9544517897637"><ele>3620.06591796875</ele><time>2025-08-22T03:00:44Z</time></trkpt><trkpt lat="23.467544988936208" lon="120.95449504243473"><ele>3618.797607421875</ele><time>2025-08-22T03:00:50Z</time></trkpt><trkpt lat="23.46752005824082" lon="120.95454220440301"><ele>3617.85693359375</ele><time>2025-08-22T03:00:53Z</time></trkpt><trkpt lat="23.467496993525838" lon="120.95457977654799"><ele>3616.1103515625</ele><time>2025-08-22T03:00:57Z</time></trkpt><trkpt lat="23.467457332682343" lon="120.95457626826247"><ele>3614.53564453125</ele><time>2025-08-22T03:01:19Z</time></trkpt><trkpt lat="23.467433288878567" lon="120.95454196289025"><ele>3611.462646484375</ele><time>2025-08-22T03:01:29Z</time></trkpt><trkpt lat="23.46741052607431" lon="120.9545015573846"><ele>3611.187744140625</ele><time>2025-08-22T03:01:32Z</time></trkpt><trkpt lat="23.467387579153744" lon="120.95444700604422"><ele>3609.404296875</ele><time>2025-08-22T03:01:38Z</time></trkpt><trkpt lat="23.467363128503145" lon="120.95439186477597"><ele>3608.02490234375</ele><time>2025-08-22T03:01:45Z</time></trkpt><trkpt lat="23.467370399544446" lon="120.9543512102655"><ele>3607.274658203125</ele><time>2025-08-22T03:01:48Z</time></trkpt><trkpt lat="23.46736803415016" lon="120.95429773236462"><ele>3606.1279296875</ele><time>2025-08-22T03:01:52Z</time></trkpt><trkpt lat="23.467320232233757" lon="120.95425850452983"><ele>3603.865966796875</ele><time>2025-08-22T03:02:13Z</time></trkpt><trkpt lat="23.46727655304881" lon="120.95423937771318"><ele>3601.955810546875</ele><time>2025-08-22T03:02:16Z</time></trkpt><trkpt lat="23.46724874117877" lon="120.95426379934179"><ele>3601.945068359375</ele><time>2025-08-22T03:02:19Z</time></trkpt><trkpt lat="23.46721773716852" lon="120.95428915952157"><ele>3587.872314453125</ele><time>2025-08-22T03:02:23Z</time></trkpt><trkpt lat="23.46717778773517" lon="120.9543213488653"><ele>3587.7216796875</ele><time>2025-08-22T03:02:28Z</time></trkpt><trkpt lat="23.467136531296767" lon="120.95435867392212"><ele>3585.81396484375</ele><time>2025-08-22T03:02:32Z</time></trkpt><trkpt lat="23.467122865362395" lon="120.95443902798691"><ele>3586.17333984375</ele><time>2025-08-22T03:02:42Z</time></trkpt><trkpt lat="23.467167945531198" lon="120.95449621329799"><ele>3584.9580078125</ele><time>2025-08-22T03:02:59Z</time></trkpt><trkpt lat="23.46724203590093" lon="120.954507015694"><ele>3584.730712890625</ele><time>2025-08-22T03:06:47Z</time></trkpt><trkpt lat="23.467177004616683" lon="120.95453292557796"><ele>3584.65673828125</ele><time>2025-08-22T03:07:49Z</time></trkpt><trkpt lat="23.46722840336707" lon="120.95448368303778"><ele>3584.75439453125</ele><time>2025-08-22T03:07:54Z</time></trkpt><trkpt lat="23.467267300391836" lon="120.95450438900002"><ele>3584.60400390625</ele><time>2025-08-22T03:08:06Z</time></trkpt><trkpt lat="23.467330876729985" lon="120.95448216830262"><ele>3584.730712890625</ele><time>2025-08-22T03:08:18Z</time></trkpt><trkpt lat="23.46728180458401" lon="120.9544782368532"><ele>3584.85498046875</ele><time>2025-08-22T03:08:48Z</time></trkpt><trkpt lat="23.467220330311942" lon="120.95445873649994"><ele>3590.889892578125</ele><time>2025-08-22T03:19:30Z</time></trkpt><trkpt lat="23.46719709354759" lon="120.95443846644461"><ele>3589.843505859375</ele><time>2025-08-22T03:19:35Z</time></trkpt><trkpt lat="23.467189255141225" lon="120.95439634749121"><ele>3588.662353515625</ele><time>2025-08-22T03:19:39Z</time></trkpt><trkpt lat="23.46718853150672" lon="120.95433248281324"><ele>3588.115478515625</ele><time>2025-08-22T03:19:46Z</time></trkpt><trkpt lat="23.4671927330498" lon="120.95427221864438"><ele>3586.48779296875</ele><time>2025-08-22T03:19:51Z</time></trkpt><trkpt lat="23.467190953230784" lon="120.95419622234215"><ele>3585.346435546875</ele><time>2025-08-22T03:20:00Z</time></trkpt><trkpt lat="23.46716296300436" lon="120.95414216512171"><ele>3584.228759765625</ele><time>2025-08-22T03:20:10Z</time></trkpt><trkpt lat="23.467150594384037" lon="120.95408310748951"><ele>3581.430419921875</ele><time>2025-08-22T03:20:21Z</time></trkpt><trkpt lat="23.467154208493984" lon="120.95401155145686"><ele>3579.541259765625</ele><time>2025-08-22T03:20:56Z</time></trkpt><trkpt lat="23.46715504438961" lon="120.95396407652358"><ele>3577.940185546875</ele><time>2025-08-22T03:21:04Z</time></trkpt><trkpt lat="23.467155849289448" lon="120.9539182454916"><ele>3577.35888671875</ele><time>2025-08-22T03:21:08Z</time></trkpt><trkpt lat="23.467143617268963" lon="120.95384837343721"><ele>3576.219970703125</ele><time>2025-08-22T03:21:15Z</time></trkpt><trkpt lat="23.467154194695226" lon="120.95379075491158"><ele>3574.320068359375</ele><time>2025-08-22T03:21:21Z</time></trkpt><trkpt lat="23.467139221189704" lon="120.95380246938439"><ele>3571.125732421875</ele><time>2025-08-22T03:21:47Z</time></trkpt><trkpt lat="23.46711352666589" lon="120.95382564284398"><ele>3569.437255859375</ele><time>2025-08-22T03:21:50Z</time></trkpt><trkpt lat="23.467122664960964" lon="120.95383710527919"><ele>3570.71875</ele><time>2025-08-22T03:21:59Z</time></trkpt><trkpt lat="23.46712833013586" lon="120.95384452738037"><ele>3568.042236328125</ele><time>2025-08-22T03:22:05Z</time></trkpt><trkpt lat="23.467138845707773" lon="120.95390756321204"><ele>3566.284912109375</ele><time>2025-08-22T03:22:08Z</time></trkpt><trkpt lat="23.46712091099516" lon="120.95396049748507"><ele>3566.533447265625</ele><time>2025-08-22T03:22:17Z</time></trkpt><trkpt lat="23.46707379424592" lon="120.95396529274537"><ele>3565.164794921875</ele><time>2025-08-22T03:22:20Z</time></trkpt><trkpt lat="23.467017727214465" lon="120.95393823171045"><ele>3564.556884765625</ele><time>2025-08-22T03:22:24Z</time></trkpt><trkpt lat="23.466973197428853" lon="120.95390122305234"><ele>3557.4228515625</ele><time>2025-08-22T03:22:26Z</time></trkpt><trkpt lat="23.46693457546996" lon="120.95385112739937"><ele>3555.306396484375</ele><time>2025-08-22T03:22:31Z</time></trkpt><trkpt lat="23.466904578905233" lon="120.95379504489244"><ele>3553.604736328125</ele><time>2025-08-22T03:22:35Z</time></trkpt><trkpt lat="23.46687949534616" lon="120.95372038478406"><ele>3552.030029296875</ele><time>2025-08-22T03:22:43Z</time></trkpt><trkpt lat="23.466873505018714" lon="120.95364786741307"><ele>3550.573974609375</ele><time>2025-08-22T03:22:51Z</time></trkpt><trkpt lat="23.46687859789366" lon="120.95358925322462"><ele>3549.35595703125</ele><time>2025-08-22T03:22:59Z</time></trkpt><trkpt lat="23.46688553154454" lon="120.95352302812067"><ele>3547.683349609375</ele><time>2025-08-22T03:23:05Z</time></trkpt><trkpt lat="23.466919198745103" lon="120.95344752750765"><ele>3546.25927734375</ele><time>2025-08-22T03:23:41Z</time></trkpt><trkpt lat="23.466921365761674" lon="120.95344962048935"><ele>3546.26708984375</ele><time>2025-08-22T03:25:10Z</time></trkpt><trkpt lat="23.466954042578323" lon="120.95342358320404"><ele>3545.88134765625</ele><time>2025-08-22T03:27:23Z</time></trkpt><trkpt lat="23.466957214110998" lon="120.95339170872575"><ele>3544.253662109375</ele><time>2025-08-22T03:27:30Z</time></trkpt><trkpt lat="23.466909871641544" lon="120.95336167265532"><ele>3542.375</ele><time>2025-08-22T03:27:47Z</time></trkpt><trkpt lat="23.466933413787633" lon="120.9533291346385"><ele>3541.252197265625</ele><time>2025-08-22T03:27:54Z</time></trkpt><trkpt lat="23.466971567086272" lon="120.95327151666291"><ele>3539.653564453125</ele><time>2025-08-22T03:28:05Z</time></trkpt><trkpt lat="23.467006297504348" lon="120.95320988435567"><ele>3535.20654296875</ele><time>2025-08-22T03:28:35Z</time></trkpt><trkpt lat="23.46704630052116" lon="120.95315973887124"><ele>3530.57470703125</ele><time>2025-08-22T03:29:05Z</time></trkpt><trkpt lat="23.467092941814773" lon="120.95316227558185"><ele>3529.09228515625</ele><time>2025-08-22T03:29:15Z</time></trkpt><trkpt lat="23.467063923792935" lon="120.95315220386134"><ele>3526.611328125</ele><time>2025-08-22T03:29:31Z</time></trkpt><trkpt lat="23.46706092686378" lon="120.95310266731529"><ele>3525.705078125</ele><time>2025-08-22T03:29:37Z</time></trkpt><trkpt lat="23.467070905403826" lon="120.95304523549747"><ele>3524.592529296875</ele><time>2025-08-22T03:29:43Z</time></trkpt><trkpt lat="23.467079485972047" lon="120.95298709876651"><ele>3523.0205078125</ele><time>2025-08-22T03:29:50Z</time></trkpt><trkpt lat="23.46708252405" lon="120.95294273553455"><ele>3523.0732421875</ele><time>2025-08-22T03:29:56Z</time></trkpt><trkpt lat="23.467067539852426" lon="120.95294805170735"><ele>3521.06787109375</ele><time>2025-08-22T03:30:00Z</time></trkpt><trkpt lat="23.46703736009282" lon="120.95299737791375"><ele>3521.323974609375</ele><time>2025-08-22T03:30:04Z</time></trkpt><trkpt lat="23.46698960812509" lon="120.95304872481832"><ele>3520.217041015625</ele><time>2025-08-22T03:30:07Z</time></trkpt><trkpt lat="23.466922850794962" lon="120.95309856456795"><ele>3519.915771484375</ele><time>2025-08-22T03:30:13Z</time></trkpt><trkpt lat="23.466863497269372" lon="120.95314170032084"><ele>3519.123046875</ele><time>2025-08-22T03:30:18Z</time></trkpt><trkpt lat="23.466825417212156" lon="120.9531798935658"><ele>3517.5244140625</ele><time>2025-08-22T03:30:22Z</time></trkpt><trkpt lat="23.466781396807683" lon="120.95317394125242"><ele>3517.487548828125</ele><time>2025-08-22T03:30:25Z</time></trkpt><trkpt lat="23.466718248162586" lon="120.9531759411735"><ele>3516.32763671875</ele><time>2025-08-22T03:30:31Z</time></trkpt><trkpt lat="23.466662942472105" lon="120.95320503334555"><ele>3515.349853515625</ele><time>2025-08-22T03:30:37Z</time></trkpt><trkpt lat="23.466636561559017" lon="120.95317058279248"><ele>3514.078857421875</ele><time>2025-08-22T03:30:46Z</time></trkpt><trkpt lat="23.466699580923095" lon="120.95301011870575"><ele>3511.373291015625</ele><time>2025-08-22T03:31:05Z</time></trkpt><trkpt lat="23.466660945579424" lon="120.95297373928881"><ele>3508.41650390625</ele><time>2025-08-22T03:31:23Z</time></trkpt><trkpt lat="23.46666777204903" lon="120.95291595487983"><ele>3505.78759765625</ele><time>2025-08-22T03:31:41Z</time></trkpt><trkpt lat="23.466703341713753" lon="120.95286614417746"><ele>3504.088623046875</ele><time>2025-08-22T03:31:59Z</time></trkpt><trkpt lat="23.466784718983902" lon="120.95279680144601"><ele>3499.73681640625</ele><time>2025-08-22T03:32:17Z</time></trkpt><trkpt lat="23.46680047949512" lon="120.95274867166046"><ele>3490.97216796875</ele><time>2025-08-22T03:32:25Z</time></trkpt><trkpt lat="23.4668198731107" lon="120.95266801710228"><ele>3489.84130859375</ele><time>2025-08-22T03:32:35Z</time></trkpt><trkpt lat="23.466837587891426" lon="120.95261231980766"><ele>3488.48583984375</ele><time>2025-08-22T03:32:47Z</time></trkpt><trkpt lat="23.466814136051656" lon="120.95264912663252"><ele>3487.48193359375</ele><time>2025-08-22T03:32:53Z</time></trkpt><trkpt lat="23.46680563087445" lon="120.95266066856036"><ele>3486.50146484375</ele><time>2025-08-22T03:33:00Z</time></trkpt><trkpt lat="23.46678582137616" lon="120.95265248980655"><ele>3485.77490234375</ele><time>2025-08-22T03:33:10Z</time></trkpt><trkpt lat="23.46677449335636" lon="120.95260429243216"><ele>3484.223876953125</ele><time>2025-08-22T03:33:21Z</time></trkpt><trkpt lat="23.46674011487424" lon="120.95251505367462"><ele>3481.647705078125</ele><time>2025-08-22T03:33:35Z</time></trkpt><trkpt lat="23.4667149052725" lon="120.95253815686335"><ele>3477.232421875</ele><time>2025-08-22T03:34:07Z</time></trkpt><trkpt lat="23.46665843155788" lon="120.95253263182066"><ele>3475.808349609375</ele><time>2025-08-22T03:34:17Z</time></trkpt><trkpt lat="23.466560494991604" lon="120.95256118635042"><ele>3469.997802734375</ele><time>2025-08-22T03:34:59Z</time></trkpt><trkpt lat="23.466506357588255" lon="120.95257718393982"><ele>3466.161376953125</ele><time>2025-08-22T03:35:24Z</time></trkpt><trkpt lat="23.46644712582532" lon="120.95257744933524"><ele>3464.869140625</ele><time>2025-08-22T03:35:35Z</time></trkpt><trkpt lat="23.46640184358986" lon="120.95254827347506"><ele>3464.369873046875</ele><time>2025-08-22T03:35:40Z</time></trkpt><trkpt lat="23.466384609882073" lon="120.95250263460797"><ele>3463.83349609375</ele><time>2025-08-22T03:35:44Z</time></trkpt><trkpt lat="23.46638774943722" lon="120.95243710290471"><ele>3461.2705078125</ele><time>2025-08-22T03:35:51Z</time></trkpt><trkpt lat="23.466434526322317" lon="120.95241195694864"><ele>3459.23583984375</ele><time>2025-08-22T03:36:05Z</time></trkpt><trkpt lat="23.466485471540917" lon="120.95226691792193"><ele>3458.8369140625</ele><time>2025-08-22T03:36:23Z</time></trkpt><trkpt lat="23.466503207883125" lon="120.95222044799901"><ele>3458.63623046875</ele><time>2025-08-22T03:36:29Z</time></trkpt><trkpt lat="23.4665031302347" lon="120.95214591976008"><ele>3458.25830078125</ele><time>2025-08-22T03:36:43Z</time></trkpt><trkpt lat="23.46649887467265" lon="120.95208775638842"><ele>3458.30322265625</ele><time>2025-08-22T03:36:49Z</time></trkpt><trkpt lat="23.466509386177023" lon="120.95203493018627"><ele>3457.671630859375</ele><time>2025-08-22T03:36:54Z</time></trkpt><trkpt lat="23.466520594135414" lon="120.95197711209326"><ele>3457.55810546875</ele><time>2025-08-22T03:36:59Z</time></trkpt><trkpt lat="23.466515142588598" lon="120.95189533884587"><ele>3456.0439453125</ele><time>2025-08-22T03:37:05Z</time></trkpt><trkpt lat="23.46649766574251" lon="120.95185148001353"><ele>3455.52880859375</ele><time>2025-08-22T03:37:11Z</time></trkpt><trkpt lat="23.466452693939445" lon="120.95173602457626"><ele>3454.331787109375</ele><time>2025-08-22T03:37:23Z</time></trkpt><trkpt lat="23.46644727285011" lon="120.95170386572934"><ele>3453.758544921875</ele><time>2025-08-22T03:37:30Z</time></trkpt><trkpt lat="23.466440765874133" lon="120.9516994275419"><ele>3451.985595703125</ele><time>2025-08-22T03:37:45Z</time></trkpt><trkpt lat="23.46640946170619" lon="120.95167016037819"><ele>3448.2255859375</ele><time>2025-08-22T03:38:01Z</time></trkpt><trkpt lat="23.466366213872874" lon="120.951628061765"><ele>3447.26123046875</ele><time>2025-08-22T03:38:08Z</time></trkpt><trkpt lat="23.466336800182116" lon="120.95158732780396"><ele>3446.59521484375</ele><time>2025-08-22T03:38:15Z</time></trkpt><trkpt lat="23.466336251613864" lon="120.95154358532946"><ele>3445.9453125</ele><time>2025-08-22T03:38:19Z</time></trkpt><trkpt lat="23.466330246877124" lon="120.95159001664499"><ele>3442.988525390625</ele><time>2025-08-22T03:38:44Z</time></trkpt><trkpt lat="23.466251066964293" lon="120.95160916524175"><ele>3440.528564453125</ele><time>2025-08-22T03:38:52Z</time></trkpt><trkpt lat="23.466226823859575" lon="120.95159552332392"><ele>3439.281494140625</ele><time>2025-08-22T03:38:58Z</time></trkpt><trkpt lat="23.466212502503804" lon="120.95153155706016"><ele>3438.5654296875</ele><time>2025-08-22T03:39:04Z</time></trkpt><trkpt lat="23.46622939882282" lon="120.95147711446265"><ele>3438.092529296875</ele><time>2025-08-22T03:39:10Z</time></trkpt><trkpt lat="23.466208052911032" lon="120.95147870694949"><ele>3435.394775390625</ele><time>2025-08-22T03:39:20Z</time></trkpt><trkpt lat="23.46620294579519" lon="120.95148151067998"><ele>3435.191162109375</ele><time>2025-08-22T03:39:24Z</time></trkpt><trkpt lat="23.466183502376797" lon="120.95153171011039"><ele>3433.944091796875</ele><time>2025-08-22T03:39:31Z</time></trkpt><trkpt lat="23.466182416648973" lon="120.95153960232778"><ele>3431.740478515625</ele><time>2025-08-22T03:39:39Z</time></trkpt><trkpt lat="23.46617871403915" lon="120.95154664733616"><ele>3431.28076171875</ele><time>2025-08-22T03:39:42Z</time></trkpt><trkpt lat="23.466181790116128" lon="120.95156239478152"><ele>3430.168212890625</ele><time>2025-08-22T03:39:50Z</time></trkpt><trkpt lat="23.46615548250919" lon="120.95142131010647"><ele>3429.1376953125</ele><time>2025-08-22T03:40:02Z</time></trkpt><trkpt lat="23.466147614155297" lon="120.9513121247628"><ele>3427.779541015625</ele><time>2025-08-22T03:40:14Z</time></trkpt><trkpt lat="23.466156022236785" lon="120.9512381420418"><ele>3426.02783203125</ele><time>2025-08-22T03:40:20Z</time></trkpt><trkpt lat="23.466173858640637" lon="120.95118852784091"><ele>3423.47802734375</ele><time>2025-08-22T03:40:30Z</time></trkpt><trkpt lat="23.466187609810717" lon="120.95117161197766"><ele>3424.009033203125</ele><time>2025-08-22T03:40:38Z</time></trkpt><trkpt lat="23.46625309254826" lon="120.95108719992587"><ele>3423.203125</ele><time>2025-08-22T03:40:47Z</time></trkpt><trkpt lat="23.466290482617367" lon="120.95100546669751"><ele>3422.775146484375</ele><time>2025-08-22T03:40:56Z</time></trkpt><trkpt lat="23.466307477649217" lon="120.95092933131058"><ele>3422.14111328125</ele><time>2025-08-22T03:41:02Z</time></trkpt><trkpt lat="23.46631301859396" lon="120.95085774030149"><ele>3421.052490234375</ele><time>2025-08-22T03:41:14Z</time></trkpt><trkpt lat="23.46632598596938" lon="120.95080855772486"><ele>3419.992919921875</ele><time>2025-08-22T03:41:20Z</time></trkpt><trkpt lat="23.466368799567274" lon="120.95067284508755"><ele>3415.421630859375</ele><time>2025-08-22T03:41:44Z</time></trkpt><trkpt lat="23.466375544315568" lon="120.95063207673033"><ele>3414.969970703125</ele><time>2025-08-22T03:41:50Z</time></trkpt><trkpt lat="23.466390563567344" lon="120.95056722316332"><ele>3414.03466796875</ele><time>2025-08-22T03:42:00Z</time></trkpt><trkpt lat="23.466403385276898" lon="120.95049560095373"><ele>3411.944580078125</ele><time>2025-08-22T03:42:04Z</time></trkpt><trkpt lat="23.46640628001122" lon="120.950411460909"><ele>3411.239013671875</ele><time>2025-08-22T03:42:11Z</time></trkpt><trkpt lat="23.466398406495557" lon="120.95034954071939"><ele>3410.0791015625</ele><time>2025-08-22T03:42:15Z</time></trkpt><trkpt lat="23.466390399354978" lon="120.95028822192478"><ele>3408.861083984375</ele><time>2025-08-22T03:42:20Z</time></trkpt><trkpt lat="23.46639939324326" lon="120.95020860818114"><ele>3409.3154296875</ele><time>2025-08-22T03:42:38Z</time></trkpt><trkpt lat="23.466386519016666" lon="120.95018003312977"><ele>3408.559814453125</ele><time>2025-08-22T03:42:45Z</time></trkpt><trkpt lat="23.466287536435974" lon="120.95009187343413"><ele>3407.02734375</ele><time>2025-08-22T03:42:56Z</time></trkpt><trkpt lat="23.46630042571229" lon="120.95002866625562"><ele>3406.646728515625</ele><time>2025-08-22T03:43:08Z</time></trkpt><trkpt lat="23.46634936562948" lon="120.94999664249615"><ele>3405.8408203125</ele><time>2025-08-22T03:43:20Z</time></trkpt><trkpt lat="23.466377988859357" lon="120.94987281945127"><ele>3404.6728515625</ele><time>2025-08-22T03:43:38Z</time></trkpt><trkpt lat="23.466408786458285" lon="120.94982214187476"><ele>3404.686279296875</ele><time>2025-08-22T03:43:44Z</time></trkpt><trkpt lat="23.466443883658314" lon="120.94975832954484"><ele>3404.39013671875</ele><time>2025-08-22T03:43:50Z</time></trkpt><trkpt lat="23.466507382398255" lon="120.94973073800465"><ele>3404.4326171875</ele><time>2025-08-22T03:49:44Z</time></trkpt><trkpt lat="23.46650506551873" lon="120.94980198520972"><ele>3405.848876953125</ele><time>2025-08-22T03:51:21Z</time></trkpt><trkpt lat="23.46649684241628" lon="120.94974516740056"><ele>3406.67578125</ele><time>2025-08-22T03:51:27Z</time></trkpt><trkpt lat="23.466484683972226" lon="120.94977832555912"><ele>3393.485595703125</ele><time>2025-08-22T03:52:37Z</time></trkpt><trkpt lat="23.46653506059337" lon="120.94975075403003"><ele>3393.390380859375</ele><time>2025-08-22T03:54:31Z</time></trkpt><trkpt lat="23.466561603840763" lon="120.94972281249228"><ele>3393.054931640625</ele><time>2025-08-22T03:54:37Z</time></trkpt><trkpt lat="23.466602323843333" lon="120.94968978471442"><ele>3392.1142578125</ele><time>2025-08-22T03:54:42Z</time></trkpt><trkpt lat="23.466644132421667" lon="120.9496607811066"><ele>3391.24755859375</ele><time>2025-08-22T03:54:47Z</time></trkpt><trkpt lat="23.46669146921083" lon="120.94961905550362"><ele>3390.922607421875</ele><time>2025-08-22T03:54:54Z</time></trkpt><trkpt lat="23.466672784214104" lon="120.94957392973696"><ele>3388.6923828125</ele><time>2025-08-22T03:55:08Z</time></trkpt><trkpt lat="23.466638857455976" lon="120.94958342585655"><ele>3387.5087890625</ele><time>2025-08-22T03:55:12Z</time></trkpt><trkpt lat="23.466594575494558" lon="120.94958281245525"><ele>3386.753173828125</ele><time>2025-08-22T03:55:18Z</time></trkpt><trkpt lat="23.466571680326705" lon="120.94954389454475"><ele>3385.71728515625</ele><time>2025-08-22T03:55:25Z</time></trkpt><trkpt lat="23.466591247689067" lon="120.94956429895251"><ele>3383.902099609375</ele><time>2025-08-22T03:56:06Z</time></trkpt><trkpt lat="23.466613886464604" lon="120.949515690889"><ele>3383.133056640625</ele><time>2025-08-22T03:58:06Z</time></trkpt><trkpt lat="23.46662315751049" lon="120.9494592138926"><ele>3383.2626953125</ele><time>2025-08-22T04:00:28Z</time></trkpt><trkpt lat="23.466608457385128" lon="120.94952247964784"><ele>3383.5849609375</ele><time>2025-08-22T04:01:18Z</time></trkpt><trkpt lat="23.466646460642874" lon="120.94950505404377"><ele>3383.48974609375</ele><time>2025-08-22T04:01:57Z</time></trkpt><trkpt lat="23.466636854741406" lon="120.94941193305746"><ele>3379.341552734375</ele><time>2025-08-22T04:02:24Z</time></trkpt><trkpt lat="23.466633824024925" lon="120.94938876132845"><ele>3390.600341796875</ele><time>2025-08-22T04:02:32Z</time></trkpt><trkpt lat="23.466625781332677" lon="120.94934676376403"><ele>3389.33203125</ele><time>2025-08-22T04:02:38Z</time></trkpt><trkpt lat="23.466640788967556" lon="120.94927765031004"><ele>3388.19580078125</ele><time>2025-08-22T04:02:45Z</time></trkpt><trkpt lat="23.466641493967174" lon="120.94918146620904"><ele>3386.71875</ele><time>2025-08-22T04:03:12Z</time></trkpt><trkpt lat="23.46660575228529" lon="120.94915729386634"><ele>3385.130615234375</ele><time>2025-08-22T04:03:18Z</time></trkpt><trkpt lat="23.46658501187795" lon="120.94911450269406"><ele>3384.0078125</ele><time>2025-08-22T04:03:24Z</time></trkpt><trkpt lat="23.46659925912618" lon="120.94911629991668"><ele>3382.1845703125</ele><time>2025-08-22T04:03:29Z</time></trkpt><trkpt lat="23.466623855809317" lon="120.9491348094057"><ele>3382.1845703125</ele><time>2025-08-22T04:03:32Z</time></trkpt><trkpt lat="23.466638107460376" lon="120.94919301033016"><ele>3380.260986328125</ele><time>2025-08-22T04:03:38Z</time></trkpt><trkpt lat="23.46660973755721" lon="120.9492320136971"><ele>3378.649169921875</ele><time>2025-08-22T04:03:44Z</time></trkpt><trkpt lat="23.466612999304733" lon="120.94927892529707"><ele>3377.43115234375</ele><time>2025-08-22T04:03:51Z</time></trkpt><trkpt lat="23.46663073783357" lon="120.94931952324585"><ele>3376.80224609375</ele><time>2025-08-22T04:03:55Z</time></trkpt><trkpt lat="23.466648856587174" lon="120.949356297394"><ele>3375.238037109375</ele><time>2025-08-22T04:03:59Z</time></trkpt><trkpt lat="23.466646324682465" lon="120.94935918072848"><ele>3375.052978515625</ele><time>2025-08-22T04:04:04Z</time></trkpt><trkpt lat="23.46661923873297" lon="120.94931769759353"><ele>3373.869384765625</ele><time>2025-08-22T04:04:06Z</time></trkpt><trkpt lat="23.466567558575402" lon="120.94924908717609"><ele>3373.671142578125</ele><time>2025-08-22T04:04:12Z</time></trkpt><trkpt lat="23.466541040888853" lon="120.94919572561365"><ele>3372.69091796875</ele><time>2025-08-22T04:04:17Z</time></trkpt><trkpt lat="23.46652499569437" lon="120.949140363631"><ele>3372.532470703125</ele><time>2025-08-22T04:04:20Z</time></trkpt><trkpt lat="23.46649310442579" lon="120.94902804518695"><ele>3371.943115234375</ele><time>2025-08-22T04:04:26Z</time></trkpt><trkpt lat="23.46646228018055" lon="120.94895239274952"><ele>3371.364501953125</ele><time>2025-08-22T04:04:30Z</time></trkpt><trkpt lat="23.466435420972278" lon="120.94889324324369"><ele>3370.775146484375</ele><time>2025-08-22T04:04:38Z</time></trkpt><trkpt lat="23.466432841207315" lon="120.94883867581062"><ele>3370.37353515625</ele><time>2025-08-22T04:04:44Z</time></trkpt><trkpt lat="23.466412950505656" lon="120.94883977737449"><ele>3369.13427734375</ele><time>2025-08-22T04:04:52Z</time></trkpt><trkpt lat="23.466369251869658" lon="120.94879573182004"><ele>3368.642822265625</ele><time>2025-08-22T04:05:00Z</time></trkpt><trkpt lat="23.46628940205528" lon="120.94867174362834"><ele>3368.78564453125</ele><time>2025-08-22T04:05:06Z</time></trkpt><trkpt lat="23.466260356990986" lon="120.94862134787415"><ele>3367.73388671875</ele><time>2025-08-22T04:05:15Z</time></trkpt><trkpt lat="23.466144792910608" lon="120.9485433934308"><ele>3365.937255859375</ele><time>2025-08-22T04:05:30Z</time></trkpt><trkpt lat="23.46608963772084" lon="120.94853445855424"><ele>3365.630615234375</ele><time>2025-08-22T04:05:36Z</time></trkpt><trkpt lat="23.466046026724634" lon="120.94853511156121"><ele>3365.279296875</ele><time>2025-08-22T04:05:43Z</time></trkpt><trkpt lat="23.465977043749184" lon="120.94853962237939"><ele>3364.787841796875</ele><time>2025-08-22T04:05:46Z</time></trkpt><trkpt lat="23.465894719797785" lon="120.94853642082387"><ele>3363.638427734375</ele><time>2025-08-22T04:05:52Z</time></trkpt><trkpt lat="23.465836656634487" lon="120.94852341567645"><ele>3363.71240234375</ele><time>2025-08-22T04:05:57Z</time></trkpt><trkpt lat="23.4657839014885" lon="120.94848011995177"><ele>3361.96337890625</ele><time>2025-08-22T04:06:03Z</time></trkpt><trkpt lat="23.465762003102625" lon="120.94840680026346"><ele>3359.955078125</ele><time>2025-08-22T04:06:09Z</time></trkpt><trkpt lat="23.465746120237927" lon="120.94834698236508"><ele>3358.9853515625</ele><time>2025-08-22T04:06:15Z</time></trkpt><trkpt lat="23.46571848153113" lon="120.94829690544982"><ele>3359.00927734375</ele><time>2025-08-22T04:06:21Z</time></trkpt><trkpt lat="23.46571824324571" lon="120.94824269107123"><ele>3358.385498046875</ele><time>2025-08-22T04:06:29Z</time></trkpt><trkpt lat="23.465717183830208" lon="120.94819608259213"><ele>3357.222900390625</ele><time>2025-08-22T04:06:35Z</time></trkpt><trkpt lat="23.46574158749025" lon="120.94814541405226"><ele>3356.84521484375</ele><time>2025-08-22T04:06:41Z</time></trkpt><trkpt lat="23.46573847206694" lon="120.94808955309972"><ele>3355.6904296875</ele><time>2025-08-22T04:06:48Z</time></trkpt><trkpt lat="23.46574549408121" lon="120.94803702410101"><ele>3353.20947265625</ele><time>2025-08-22T04:06:53Z</time></trkpt><trkpt lat="23.465758910320023" lon="120.94797940737733"><ele>3353.584716796875</ele><time>2025-08-22T04:06:58Z</time></trkpt><trkpt lat="23.46578559217031" lon="120.94792220543077"><ele>3352.76806640625</ele><time>2025-08-22T04:07:03Z</time></trkpt><trkpt lat="23.465814273296825" lon="120.9478554357659"><ele>3352.366455078125</ele><time>2025-08-22T04:07:09Z</time></trkpt><trkpt lat="23.46579437233171" lon="120.94778268391048"><ele>3349.76904296875</ele><time>2025-08-22T04:07:24Z</time></trkpt><trkpt lat="23.46578093613394" lon="120.9476972798268"><ele>3348.781005859375</ele><time>2025-08-22T04:07:36Z</time></trkpt><trkpt lat="23.4657734505983" lon="120.9476468620612"><ele>3348.12841796875</ele><time>2025-08-22T04:07:48Z</time></trkpt><trkpt lat="23.465760278461808" lon="120.94759635518054"><ele>3348.2841796875</ele><time>2025-08-22T04:07:51Z</time></trkpt><trkpt lat="23.46574853152116" lon="120.94746813044227"><ele>3347.171875</ele><time>2025-08-22T04:08:00Z</time></trkpt><trkpt lat="23.465742662260837" lon="120.94742312436914"><ele>3346.35009765625</ele><time>2025-08-22T04:08:06Z</time></trkpt><trkpt lat="23.465740305699217" lon="120.9473469747095"><ele>3347.324951171875</ele><time>2025-08-22T04:08:16Z</time></trkpt><trkpt lat="23.4657475461891" lon="120.94729920465504"><ele>3347.494140625</ele><time>2025-08-22T04:08:22Z</time></trkpt><trkpt lat="23.465774541392182" lon="120.94723306754987"><ele>3348.6357421875</ele><time>2025-08-22T04:08:28Z</time></trkpt><trkpt lat="23.46580290655091" lon="120.94715465440979"><ele>3349.412353515625</ele><time>2025-08-22T04:08:37Z</time></trkpt><trkpt lat="23.46581739133234" lon="120.94708961921489"><ele>3350.379638671875</ele><time>2025-08-22T04:08:45Z</time></trkpt><trkpt lat="23.465868277814383" lon="120.9470544640375"><ele>3350.21044921875</ele><time>2025-08-22T04:10:08Z</time></trkpt><trkpt lat="23.46590610501557" lon="120.94704270625527"><ele>3350.176025390625</ele><time>2025-08-22T04:10:14Z</time></trkpt><trkpt lat="23.465910658559288" lon="120.94705142166026"><ele>3350.997802734375</ele><time>2025-08-22T04:10:26Z</time></trkpt><trkpt lat="23.46588723406806" lon="120.94706388080972"><ele>3351.119384765625</ele><time>2025-08-22T04:10:29Z</time></trkpt><trkpt lat="23.465857194663727" lon="120.94704824997041"><ele>3350.7890625</ele><time>2025-08-22T04:10:34Z</time></trkpt><trkpt lat="23.4658386770959" lon="120.94701023018115"><ele>3350.028076171875</ele><time>2025-08-22T04:10:39Z</time></trkpt><trkpt lat="23.465823337333635" lon="120.94695819704694"><ele>3349.78759765625</ele><time>2025-08-22T04:10:43Z</time></trkpt><trkpt lat="23.46582664639441" lon="120.9468988976519"><ele>3349.19580078125</ele><time>2025-08-22T04:10:47Z</time></trkpt><trkpt lat="23.465863139778627" lon="120.94682846072897"><ele>3349.076904296875</ele><time>2025-08-22T04:10:54Z</time></trkpt><trkpt lat="23.465904473546594" lon="120.94677502206339"><ele>3348.524658203125</ele><time>2025-08-22T04:11:02Z</time></trkpt><trkpt lat="23.465947650047365" lon="120.9466990527357"><ele>3348.45849609375</ele><time>2025-08-22T04:11:14Z</time></trkpt><trkpt lat="23.46599010065149" lon="120.94661950641914"><ele>3346.624755859375</ele><time>2025-08-22T04:11:26Z</time></trkpt><trkpt lat="23.46604751100907" lon="120.94654515488827"><ele>3345.150390625</ele><time>2025-08-22T04:11:38Z</time></trkpt><trkpt lat="23.46607476890661" lon="120.94649725889005"><ele>3341.23193359375</ele><time>2025-08-22T04:11:56Z</time></trkpt><trkpt lat="23.466060822240344" lon="120.94643808118394"><ele>3340.381103515625</ele><time>2025-08-22T04:12:08Z</time></trkpt><trkpt lat="23.465999537493634" lon="120.94632441358154"><ele>3340.12744140625</ele><time>2025-08-22T04:12:14Z</time></trkpt><trkpt lat="23.4659686615801" lon="120.94623799610608"><ele>3337.32666015625</ele><time>2025-08-22T04:12:26Z</time></trkpt><trkpt lat="23.465965777127543" lon="120.94621876289544"><ele>3315.554443359375</ele><time>2025-08-22T04:12:34Z</time></trkpt><trkpt lat="23.465905353832657" lon="120.94607216801562"><ele>3315.49365234375</ele><time>2025-08-22T04:12:44Z</time></trkpt><trkpt lat="23.465899094593947" lon="120.94608521823862"><ele>3311.0703125</ele><time>2025-08-22T04:13:30Z</time></trkpt><trkpt lat="23.465868733457484" lon="120.94615982324244"><ele>3315.260986328125</ele><time>2025-08-22T04:13:35Z</time></trkpt><trkpt lat="23.46581616237607" lon="120.94616412966826"><ele>3313.0205078125</ele><time>2025-08-22T04:14:23Z</time></trkpt><trkpt lat="23.4658244379745" lon="120.94618748020812"><ele>3311.63330078125</ele><time>2025-08-22T04:14:40Z</time></trkpt><trkpt lat="23.465820489275576" lon="120.94621921094458"><ele>3310.77978515625</ele><time>2025-08-22T04:14:44Z</time></trkpt><trkpt lat="23.465831900669695" lon="120.94626421432471"><ele>3309.4638671875</ele><time>2025-08-22T04:14:51Z</time></trkpt><trkpt lat="23.465860275012947" lon="120.94630251424803"><ele>3308.684326171875</ele><time>2025-08-22T04:14:59Z</time></trkpt><trkpt lat="23.46588927415367" lon="120.94630420230435"><ele>3309.054443359375</ele><time>2025-08-22T04:15:02Z</time></trkpt><trkpt lat="23.46588560179082" lon="120.94628644425259"><ele>3305.722412109375</ele><time>2025-08-22T04:15:14Z</time></trkpt><trkpt lat="23.46585444289455" lon="120.94626716802682"><ele>3305.21240234375</ele><time>2025-08-22T04:15:19Z</time></trkpt><trkpt lat="23.465821503849877" lon="120.94625361524584"><ele>3304.353759765625</ele><time>2025-08-22T04:15:23Z</time></trkpt><trkpt lat="23.46578451214738" lon="120.9462344931471"><ele>3304.27978515625</ele><time>2025-08-22T04:15:27Z</time></trkpt><trkpt lat="23.465729929337186" lon="120.94620216988169"><ele>3304.237548828125</ele><time>2025-08-22T04:15:34Z</time></trkpt><trkpt lat="23.465693103243268" lon="120.9461572911504"><ele>3303.191162109375</ele><time>2025-08-22T04:15:40Z</time></trkpt><trkpt lat="23.46566641961099" lon="120.94609829509993"><ele>3302.59130859375</ele><time>2025-08-22T04:15:46Z</time></trkpt><trkpt lat="23.465646436805393" lon="120.94602923636283"><ele>3302.543701171875</ele><time>2025-08-22T04:15:51Z</time></trkpt><trkpt lat="23.4656271793222" lon="120.94596794137165"><ele>3301.64013671875</ele><time>2025-08-22T04:15:58Z</time></trkpt><trkpt lat="23.465626722436888" lon="120.94591940272468"><ele>3301.140869140625</ele><time>2025-08-22T04:16:02Z</time></trkpt><trkpt lat="23.46563286367144" lon="120.94586056497606"><ele>3300.641357421875</ele><time>2025-08-22T04:16:08Z</time></trkpt><trkpt lat="23.465651720868532" lon="120.94580805824344"><ele>3298.96875</ele><time>2025-08-22T04:16:13Z</time></trkpt><trkpt lat="23.465674566826713" lon="120.9457543500653"><ele>3299.087646484375</ele><time>2025-08-22T04:16:17Z</time></trkpt><trkpt lat="23.465681815949626" lon="120.9456992124455"><ele>3298.701904296875</ele><time>2025-08-22T04:16:23Z</time></trkpt><trkpt lat="23.465668599164008" lon="120.94565375097835"><ele>3297.668701171875</ele><time>2025-08-22T04:16:30Z</time></trkpt><trkpt lat="23.46566088852743" lon="120.94560855894508"><ele>3297.306884765625</ele><time>2025-08-22T04:16:34Z</time></trkpt><trkpt lat="23.465651785960585" lon="120.94556647856771"><ele>3296.067626953125</ele><time>2025-08-22T04:16:37Z</time></trkpt><trkpt lat="23.465635547406865" lon="120.94549996314198"><ele>3295.779541015625</ele><time>2025-08-22T04:16:41Z</time></trkpt><trkpt lat="23.4655997969292" lon="120.94547006027716"><ele>3293.787353515625</ele><time>2025-08-22T04:16:51Z</time></trkpt><trkpt lat="23.465578978293294" lon="120.94549894952907"><ele>3292.273193359375</ele><time>2025-08-22T04:16:56Z</time></trkpt><trkpt lat="23.46555743721002" lon="120.9455380638314"><ele>3290.84375</ele><time>2025-08-22T04:17:01Z</time></trkpt><trkpt lat="23.465559054858925" lon="120.94558629435306"><ele>3291.01025390625</ele><time>2025-08-22T04:17:07Z</time></trkpt><trkpt lat="23.465573778097976" lon="120.94563647186948"><ele>3290.185791015625</ele><time>2025-08-22T04:17:12Z</time></trkpt><trkpt lat="23.465588239964678" lon="120.9456916803063"><ele>3289.575439453125</ele><time>2025-08-22T04:17:17Z</time></trkpt><trkpt lat="23.465600477435423" lon="120.94574449797247"><ele>3289.615234375</ele><time>2025-08-22T04:17:23Z</time></trkpt><trkpt lat="23.465611633154555" lon="120.94579203001521"><ele>3289.496337890625</ele><time>2025-08-22T04:17:29Z</time></trkpt><trkpt lat="23.46562829790303" lon="120.9458345154822"><ele>3288.79345703125</ele><time>2025-08-22T04:17:34Z</time></trkpt><trkpt lat="23.465654004112153" lon="120.94585309456147"><ele>3288.391845703125</ele><time>2025-08-22T04:17:37Z</time></trkpt><trkpt lat="23.465690053938335" lon="120.94587110667285"><ele>3286.716552734375</ele><time>2025-08-22T04:17:41Z</time></trkpt><trkpt lat="23.4656965278496" lon="120.94589600905486"><ele>3287.05224609375</ele><time>2025-08-22T04:17:44Z</time></trkpt><trkpt lat="23.465685862166552" lon="120.94593902087779"><ele>3285.564453125</ele><time>2025-08-22T04:17:48Z</time></trkpt><trkpt lat="23.465660314645486" lon="120.94599182307766"><ele>3285.860595703125</ele><time>2025-08-22T04:17:51Z</time></trkpt><trkpt lat="23.465633447847708" lon="120.94607162024793"><ele>3284.86181640625</ele><time>2025-08-22T04:17:58Z</time></trkpt><trkpt lat="23.46561231076283" lon="120.9461417221195"><ele>3283.709716796875</ele><time>2025-08-22T04:18:04Z</time></trkpt><trkpt lat="23.465586770782927" lon="120.94622329027881"><ele>3282.1796875</ele><time>2025-08-22T04:18:15Z</time></trkpt><trkpt lat="23.465542734668237" lon="120.94626337552518"><ele>3281.63818359375</ele><time>2025-08-22T04:18:25Z</time></trkpt><trkpt lat="23.465506097013815" lon="120.9462633872109"><ele>3281.041015625</ele><time>2025-08-22T04:18:29Z</time></trkpt><trkpt lat="23.46548952210585" lon="120.94623323170339"><ele>3279.947021484375</ele><time>2025-08-22T04:18:34Z</time></trkpt><trkpt lat="23.46551200414866" lon="120.94619737032718"><ele>3279.8544921875</ele><time>2025-08-22T04:18:39Z</time></trkpt><trkpt lat="23.465521580393087" lon="120.94614667007247"><ele>3279.003662109375</ele><time>2025-08-22T04:18:45Z</time></trkpt><trkpt lat="23.46550676825029" lon="120.94610806875187"><ele>3278.631103515625</ele><time>2025-08-22T04:18:49Z</time></trkpt><trkpt lat="23.46549754479863" lon="120.94605082348053"><ele>3277.621826171875</ele><time>2025-08-22T04:18:57Z</time></trkpt><trkpt lat="23.46547522233302" lon="120.94600220338093"><ele>3277.685302734375</ele><time>2025-08-22T04:19:03Z</time></trkpt><trkpt lat="23.465441113474878" lon="120.94596864271152"><ele>3277.204345703125</ele><time>2025-08-22T04:19:07Z</time></trkpt><trkpt lat="23.465393365675403" lon="120.94592285407583"><ele>3276.741943359375</ele><time>2025-08-22T04:19:14Z</time></trkpt><trkpt lat="23.465373010637457" lon="120.94586599149805"><ele>3276.72607421875</ele><time>2025-08-22T04:19:23Z</time></trkpt><trkpt lat="23.465332271260433" lon="120.94580359099088"><ele>3275.502685546875</ele><time>2025-08-22T04:19:35Z</time></trkpt><trkpt lat="23.465296432233387" lon="120.94575344985812"><ele>3274.21337890625</ele><time>2025-08-22T04:19:43Z</time></trkpt><trkpt lat="23.465265368763294" lon="120.94571303882744"><ele>3273.1220703125</ele><time>2025-08-22T04:19:50Z</time></trkpt><trkpt lat="23.465268222044582" lon="120.94566783862906"><ele>3272.86572265625</ele><time>2025-08-22T04:19:56Z</time></trkpt><trkpt lat="23.46529028467531" lon="120.94562833744534"><ele>3271.748046875</ele><time>2025-08-22T04:20:00Z</time></trkpt><trkpt lat="23.46532666642649" lon="120.9455752816829"><ele>3271.282958984375</ele><time>2025-08-22T04:20:04Z</time></trkpt><trkpt lat="23.465367465269328" lon="120.9455211495246"><ele>3269.69775390625</ele><time>2025-08-22T04:20:10Z</time></trkpt><trkpt lat="23.46536022442994" lon="120.94546627348912"><ele>3269.7373046875</ele><time>2025-08-22T04:20:17Z</time></trkpt><trkpt lat="23.46535895009288" lon="120.94534608699824"><ele>3266.2177734375</ele><time>2025-08-22T04:20:41Z</time></trkpt><trkpt lat="23.46535246666801" lon="120.94527480758158"><ele>3263.974609375</ele><time>2025-08-22T04:20:47Z</time></trkpt><trkpt lat="23.465354346987823" lon="120.9452429504579"><ele>3266.49267578125</ele><time>2025-08-22T04:21:02Z</time></trkpt><trkpt lat="23.465344495714604" lon="120.94516879099295"><ele>3267.01318359375</ele><time>2025-08-22T04:21:08Z</time></trkpt><trkpt lat="23.465351684326677" lon="120.94510132187806"><ele>3265.599609375</ele><time>2025-08-22T04:21:18Z</time></trkpt><trkpt lat="23.46536911547136" lon="120.9449996163084"><ele>3264.75927734375</ele><time>2025-08-22T04:21:29Z</time></trkpt><trkpt lat="23.46538127136454" lon="120.94492948754608"><ele>3263.50146484375</ele><time>2025-08-22T04:21:36Z</time></trkpt><trkpt lat="23.46541171979597" lon="120.94486939900924"><ele>3263.50146484375</ele><time>2025-08-22T04:21:41Z</time></trkpt><trkpt lat="23.465454742254895" lon="120.94482757061024"><ele>3262.79345703125</ele><time>2025-08-22T04:21:47Z</time></trkpt><trkpt lat="23.4654890000548" lon="120.94476879748255"><ele>3262.975830078125</ele><time>2025-08-22T04:21:53Z</time></trkpt><trkpt lat="23.465506114901938" lon="120.94471926718519"><ele>3262.13818359375</ele><time>2025-08-22T04:21:59Z</time></trkpt><trkpt lat="23.465564513131156" lon="120.9445913137443"><ele>3259.4482421875</ele><time>2025-08-22T04:22:11Z</time></trkpt><trkpt lat="23.465635018790273" lon="120.94449440785829"><ele>3258.61328125</ele><time>2025-08-22T04:22:23Z</time></trkpt><trkpt lat="23.46568501972562" lon="120.94442555661284"><ele>3254.549560546875</ele><time>2025-08-22T04:22:41Z</time></trkpt><trkpt lat="23.465699171493096" lon="120.94440171929486"><ele>3253.740966796875</ele><time>2025-08-22T04:22:45Z</time></trkpt><trkpt lat="23.46576308809727" lon="120.94429095922563"><ele>3253.381591796875</ele><time>2025-08-22T04:22:53Z</time></trkpt><trkpt lat="23.465805338790826" lon="120.94420307316003"><ele>3251.50830078125</ele><time>2025-08-22T04:23:11Z</time></trkpt><trkpt lat="23.465768701973673" lon="120.94417980791663"><ele>3249.94921875</ele><time>2025-08-22T04:23:29Z</time></trkpt><trkpt lat="23.465680159315507" lon="120.94416922996298"><ele>3249.938720703125</ele><time>2025-08-22T04:23:41Z</time></trkpt><trkpt lat="23.465552562300253" lon="120.94414714546414"><ele>3249.862060546875</ele><time>2025-08-22T04:23:53Z</time></trkpt><trkpt lat="23.46554320643275" lon="120.94414455737916"><ele>3249.085205078125</ele><time>2025-08-22T04:24:00Z</time></trkpt><trkpt lat="23.465487151004517" lon="120.94409111596339"><ele>3249.251708984375</ele><time>2025-08-22T04:24:05Z</time></trkpt><trkpt lat="23.465460393783825" lon="120.94400301348756"><ele>3248.32958984375</ele><time>2025-08-22T04:24:11Z</time></trkpt><trkpt lat="23.465459451797763" lon="120.94398553524523"><ele>3246.591064453125</ele><time>2025-08-22T04:24:18Z</time></trkpt><trkpt lat="23.465388475121294" lon="120.94389640712609"><ele>3245.589599609375</ele><time>2025-08-22T04:24:35Z</time></trkpt><trkpt lat="23.465341034052646" lon="120.94386723120823"><ele>3243.26171875</ele><time>2025-08-22T04:24:41Z</time></trkpt><trkpt lat="23.465296757972155" lon="120.94384668701187"><ele>3241.77685546875</ele><time>2025-08-22T04:24:47Z</time></trkpt><trkpt lat="23.465221037124206" lon="120.94384698158994"><ele>3238.788330078125</ele><time>2025-08-22T04:25:11Z</time></trkpt><trkpt lat="23.46517547555402" lon="120.94375358755576"><ele>3237.739501953125</ele><time>2025-08-22T04:25:23Z</time></trkpt><trkpt lat="23.46514834992319" lon="120.94367143238121"><ele>3236.243896484375</ele><time>2025-08-22T04:25:29Z</time></trkpt><trkpt lat="23.46515116322463" lon="120.94363660492665"><ele>3235.92138671875</ele><time>2025-08-22T04:25:35Z</time></trkpt><trkpt lat="23.465147231554315" lon="120.94351813565932"><ele>3233.4140625</ele><time>2025-08-22T04:25:47Z</time></trkpt><trkpt lat="23.465114695096506" lon="120.94349260767795"><ele>3231.6357421875</ele><time>2025-08-22T04:26:06Z</time></trkpt><trkpt lat="23.465061059173717" lon="120.94350847230116"><ele>3231.57763671875</ele><time>2025-08-22T04:26:11Z</time></trkpt><trkpt lat="23.465044385110378" lon="120.9434021069944"><ele>3230.148193359375</ele><time>2025-08-22T04:26:17Z</time></trkpt><trkpt lat="23.465048306294555" lon="120.94337727778861"><ele>3228.62890625</ele><time>2025-08-22T04:26:23Z</time></trkpt><trkpt lat="23.465066640037346" lon="120.94323107394297"><ele>3232.674072265625</ele><time>2025-08-22T04:26:47Z</time></trkpt><trkpt lat="23.465113271782986" lon="120.94316662605036"><ele>3232.827392578125</ele><time>2025-08-22T04:26:59Z</time></trkpt><trkpt lat="23.465173405291136" lon="120.94312499616346"><ele>3234.3837890625</ele><time>2025-08-22T04:27:11Z</time></trkpt><trkpt lat="23.46523098979849" lon="120.94307469724393"><ele>3234.941162109375</ele><time>2025-08-22T04:27:23Z</time></trkpt><trkpt lat="23.465211471803123" lon="120.94301694282622"><ele>3235.377197265625</ele><time>2025-08-22T04:28:59Z</time></trkpt><trkpt lat="23.465234228936918" lon="120.94297225326063"><ele>3235.723388671875</ele><time>2025-08-22T04:29:12Z</time></trkpt><trkpt lat="23.465239918436307" lon="120.94286602645822"><ele>3232.827392578125</ele><time>2025-08-22T04:29:30Z</time></trkpt><trkpt lat="23.465241938296504" lon="120.94282578787202"><ele>3225.59814453125</ele><time>2025-08-22T04:29:50Z</time></trkpt><trkpt lat="23.4652353177378" lon="120.94282526225065"><ele>3229.6328125</ele><time>2025-08-22T04:30:12Z</time></trkpt><trkpt lat="23.46522055340343" lon="120.94283079030645"><ele>3229.65673828125</ele><time>2025-08-22T04:30:15Z</time></trkpt><trkpt lat="23.46520456665744" lon="120.94282971273961"><ele>3230.031982421875</ele><time>2025-08-22T04:30:18Z</time></trkpt><trkpt lat="23.465191651544426" lon="120.94282209668371"><ele>3229.5166015625</ele><time>2025-08-22T04:30:24Z</time></trkpt><trkpt lat="23.465193726138946" lon="120.94273835032101"><ele>3229.2734375</ele><time>2025-08-22T04:30:27Z</time></trkpt><trkpt lat="23.46520708064665" lon="120.94263540721718"><ele>3228.137451171875</ele><time>2025-08-22T04:30:31Z</time></trkpt><trkpt lat="23.46522342474711" lon="120.94254291364625"><ele>3227.740966796875</ele><time>2025-08-22T04:30:37Z</time></trkpt><trkpt lat="23.465226542765496" lon="120.94246594844465"><ele>3227.14111328125</ele><time>2025-08-22T04:30:40Z</time></trkpt><trkpt lat="23.465218216024784" lon="120.94240210339161"><ele>3226.956298828125</ele><time>2025-08-22T04:30:43Z</time></trkpt><trkpt lat="23.46519128640862" lon="120.94229181757883"><ele>3226.68408203125</ele><time>2025-08-22T04:30:47Z</time></trkpt><trkpt lat="23.465138639403975" lon="120.94220935353687"><ele>3225.8359375</ele><time>2025-08-22T04:31:00Z</time></trkpt><trkpt lat="23.4651167012477" lon="120.94215204315866"><ele>3224.652099609375</ele><time>2025-08-22T04:31:11Z</time></trkpt><trkpt lat="23.465125557197357" lon="120.9421046639261"><ele>3223.526611328125</ele><time>2025-08-22T04:31:16Z</time></trkpt><trkpt lat="23.46512367137366" lon="120.9420549741343"><ele>3223.22802734375</ele><time>2025-08-22T04:31:22Z</time></trkpt><trkpt lat="23.465142194615623" lon="120.94197070268787"><ele>3221.772216796875</ele><time>2025-08-22T04:31:44Z</time></trkpt><trkpt lat="23.465168809357095" lon="120.94194355925859"><ele>3221.5</ele><time>2025-08-22T04:31:49Z</time></trkpt><trkpt lat="23.465201899128658" lon="120.94191312972671"><ele>3221.7880859375</ele><time>2025-08-22T04:31:54Z</time></trkpt><trkpt lat="23.46522796264574" lon="120.94187068608628"><ele>3221.64794921875</ele><time>2025-08-22T04:32:00Z</time></trkpt><trkpt lat="23.465259917328098" lon="120.94181849096051"><ele>3221.87255859375</ele><time>2025-08-22T04:32:05Z</time></trkpt><trkpt lat="23.46529664331316" lon="120.94176708678367"><ele>3221.6162109375</ele><time>2025-08-22T04:32:09Z</time></trkpt><trkpt lat="23.465322328512574" lon="120.94171497562598"><ele>3221.70068359375</ele><time>2025-08-22T04:32:13Z</time></trkpt><trkpt lat="23.465348824909285" lon="120.94165687590565"><ele>3221.489501953125</ele><time>2025-08-22T04:32:19Z</time></trkpt><trkpt lat="23.465371646832846" lon="120.94159746506084"><ele>3221.10888671875</ele><time>2025-08-22T04:32:24Z</time></trkpt><trkpt lat="23.46539569294326" lon="120.94153738750916"><ele>3220.65966796875</ele><time>2025-08-22T04:32:28Z</time></trkpt><trkpt lat="23.465439856418392" lon="120.94147951415462"><ele>3228.150634765625</ele><time>2025-08-22T04:32:39Z</time></trkpt><trkpt lat="23.465488380384617" lon="120.94144844679941"><ele>3226.475341796875</ele><time>2025-08-22T04:32:49Z</time></trkpt><trkpt lat="23.465529858060066" lon="120.94139485197006"><ele>3223.65869140625</ele><time>2025-08-22T04:33:08Z</time></trkpt><trkpt lat="23.465569048960546" lon="120.94137484396579"><ele>3222.85009765625</ele><time>2025-08-22T04:33:14Z</time></trkpt><trkpt lat="23.46562214149524" lon="120.94136212358602"><ele>3222.14208984375</ele><time>2025-08-22T04:33:22Z</time></trkpt><trkpt lat="23.465680131703174" lon="120.9413722516347"><ele>3221.21728515625</ele><time>2025-08-22T04:33:28Z</time></trkpt><trkpt lat="23.465726177423974" lon="120.94140037468945"><ele>3221.8935546875</ele><time>2025-08-22T04:33:32Z</time></trkpt><trkpt lat="23.465774310861082" lon="120.94143618991033"><ele>3221.9384765625</ele><time>2025-08-22T04:33:40Z</time></trkpt><trkpt lat="23.46581833979433" lon="120.94147144941017"><ele>3221.61083984375</ele><time>2025-08-22T04:33:46Z</time></trkpt><trkpt lat="23.465856650814978" lon="120.94151087018133"><ele>3221.49462890625</ele><time>2025-08-22T04:33:51Z</time></trkpt><trkpt lat="23.465896644287135" lon="120.94153583347774"><ele>3221.330810546875</ele><time>2025-08-22T04:33:58Z</time></trkpt><trkpt lat="23.465947397216404" lon="120.94153638992309"><ele>3221.4814453125</ele><time>2025-08-22T04:34:04Z</time></trkpt><trkpt lat="23.46599989619455" lon="120.94152340255313"><ele>3222.068115234375</ele><time>2025-08-22T04:34:12Z</time></trkpt><trkpt lat="23.46605099439009" lon="120.94149906962832"><ele>3222.255615234375</ele><time>2025-08-22T04:34:20Z</time></trkpt><trkpt lat="23.46610955002135" lon="120.94145318456839"><ele>3220.50390625</ele><time>2025-08-22T04:34:37Z</time></trkpt><trkpt lat="23.466155828520314" lon="120.94142685743883"><ele>3219.462890625</ele><time>2025-08-22T04:34:42Z</time></trkpt><trkpt lat="23.466195036550516" lon="120.94140135355357"><ele>3219.859130859375</ele><time>2025-08-22T04:34:47Z</time></trkpt><trkpt lat="23.46623897695093" lon="120.9413622083472"><ele>3219.724365234375</ele><time>2025-08-22T04:34:53Z</time></trkpt><trkpt lat="23.4662862149183" lon="120.94131491482081"><ele>3219.90673828125</ele><time>2025-08-22T04:35:00Z</time></trkpt><trkpt lat="23.466332798916692" lon="120.94128320235974"><ele>3219.087646484375</ele><time>2025-08-22T04:35:06Z</time></trkpt><trkpt lat="23.466379777693888" lon="120.94126080642418"><ele>3217.829833984375</ele><time>2025-08-22T04:35:11Z</time></trkpt><trkpt lat="23.46642543540943" lon="120.9412357645343"><ele>3217.7822265625</ele><time>2025-08-22T04:35:16Z</time></trkpt><trkpt lat="23.466488798689873" lon="120.94120197766783"><ele>3217.179931640625</ele><time>2025-08-22T04:35:27Z</time></trkpt><trkpt lat="23.466544180507906" lon="120.94119825272175"><ele>3216.321044921875</ele><time>2025-08-22T04:35:36Z</time></trkpt><trkpt lat="23.46659087932431" lon="120.94118818174363"><ele>3215.478271484375</ele><time>2025-08-22T04:35:44Z</time></trkpt><trkpt lat="23.466643567609612" lon="120.94116259187753"><ele>3214.984130859375</ele><time>2025-08-22T04:35:51Z</time></trkpt><trkpt lat="23.46667802490756" lon="120.94112490409542"><ele>3215.37255859375</ele><time>2025-08-22T04:35:58Z</time></trkpt><trkpt lat="23.466697585595547" lon="120.94107498361583"><ele>3215.266845703125</ele><time>2025-08-22T04:36:03Z</time></trkpt><trkpt lat="23.46669607771751" lon="120.94101469390772"><ele>3214.001220703125</ele><time>2025-08-22T04:36:12Z</time></trkpt><trkpt lat="23.466695183836826" lon="120.94096861551513"><ele>3214.1650390625</ele><time>2025-08-22T04:36:16Z</time></trkpt><trkpt lat="23.466700936457684" lon="120.94090919771938"><ele>3213.623291015625</ele><time>2025-08-22T04:36:20Z</time></trkpt><trkpt lat="23.46671647795458" lon="120.94085117926939"><ele>3213.29296875</ele><time>2025-08-22T04:36:26Z</time></trkpt><trkpt lat="23.4667348305403" lon="120.94079007278751"><ele>3212.421142578125</ele><time>2025-08-22T04:36:33Z</time></trkpt><trkpt lat="23.466753011487334" lon="120.94073065373163"><ele>3211.7578125</ele><time>2025-08-22T04:36:40Z</time></trkpt><trkpt lat="23.466752446056855" lon="120.94066902090822"><ele>3210.39990234375</ele><time>2025-08-22T04:36:48Z</time></trkpt><trkpt lat="23.466774028863252" lon="120.94061481592878"><ele>3209.0576171875</ele><time>2025-08-22T04:36:56Z</time></trkpt><trkpt lat="23.46681735384959" lon="120.94055873093959"><ele>3206.927734375</ele><time>2025-08-22T04:37:10Z</time></trkpt><trkpt lat="23.466847990968784" lon="120.94049023517178"><ele>3203.376708984375</ele><time>2025-08-22T04:37:30Z</time></trkpt><trkpt lat="23.466879620223427" lon="120.94045332932463"><ele>3201.513916015625</ele><time>2025-08-22T04:37:36Z</time></trkpt><trkpt lat="23.466884300473417" lon="120.94040175160141"><ele>3201.019775390625</ele><time>2025-08-22T04:37:46Z</time></trkpt><trkpt lat="23.46691659812748" lon="120.94032540548353"><ele>3197.661376953125</ele><time>2025-08-22T04:38:04Z</time></trkpt><trkpt lat="23.466952007602245" lon="120.94030317768294"><ele>3195.201416015625</ele><time>2025-08-22T04:38:13Z</time></trkpt><trkpt lat="23.46698580485066" lon="120.94028792491677"><ele>3193.88818359375</ele><time>2025-08-22T04:38:21Z</time></trkpt><trkpt lat="23.467023361098068" lon="120.94028670393195"><ele>3194.688720703125</ele><time>2025-08-22T04:38:25Z</time></trkpt><trkpt lat="23.467102893191196" lon="120.94026061742595"><ele>3193.2724609375</ele><time>2025-08-22T04:38:39Z</time></trkpt><trkpt lat="23.46714353719652" lon="120.94022506232997"><ele>3191.943603515625</ele><time>2025-08-22T04:38:46Z</time></trkpt><trkpt lat="23.4671896051311" lon="120.9402259953186"><ele>3191.42041015625</ele><time>2025-08-22T04:38:54Z</time></trkpt><trkpt lat="23.46724663522817" lon="120.94021652499048"><ele>3191.156005859375</ele><time>2025-08-22T04:39:01Z</time></trkpt><trkpt lat="23.467295764023934" lon="120.94019337704611"><ele>3191.039794921875</ele><time>2025-08-22T04:39:07Z</time></trkpt><trkpt lat="23.467337676213493" lon="120.9401638346096"><ele>3190.4716796875</ele><time>2025-08-22T04:39:10Z</time></trkpt><trkpt lat="23.46738609104391" lon="120.94012891942519"><ele>3189.82958984375</ele><time>2025-08-22T04:39:16Z</time></trkpt><trkpt lat="23.467469007699954" lon="120.94009118659247"><ele>3187.655029296875</ele><time>2025-08-22T04:39:37Z</time></trkpt><trkpt lat="23.467522400918668" lon="120.94007913389659"><ele>3187.9775390625</ele><time>2025-08-22T04:39:45Z</time></trkpt><trkpt lat="23.46758414985673" lon="120.94007252990386"><ele>3188.104248046875</ele><time>2025-08-22T04:39:58Z</time></trkpt><trkpt lat="23.467629238771863" lon="120.94003837744317"><ele>3188.096435546875</ele><time>2025-08-22T04:40:10Z</time></trkpt><trkpt lat="23.467676505820556" lon="120.94001967659877"><ele>3188.66455078125</ele><time>2025-08-22T04:40:39Z</time></trkpt><trkpt lat="23.467735237698797" lon="120.93997215681543"><ele>3188.96044921875</ele><time>2025-08-22T04:41:04Z</time></trkpt><trkpt lat="23.46774444074657" lon="120.93992198702578"><ele>3189.26953125</ele><time>2025-08-22T04:42:11Z</time></trkpt><trkpt lat="23.46774202645546" lon="120.93986901792681"><ele>3189.203369140625</ele><time>2025-08-22T04:42:22Z</time></trkpt><trkpt lat="23.467705343002592" lon="120.93982334992421"><ele>3191.161376953125</ele><time>2025-08-22T04:42:46Z</time></trkpt><trkpt lat="23.46767458100089" lon="120.93984480679119"><ele>3190.846923828125</ele><time>2025-08-22T04:43:16Z</time></trkpt><trkpt lat="23.467708664778566" lon="120.93987908725025"><ele>3190.905029296875</ele><time>2025-08-22T04:43:35Z</time></trkpt><trkpt lat="23.467819236066024" lon="120.9399163994071"><ele>3192.41650390625</ele><time>2025-08-22T04:44:16Z</time></trkpt><trkpt lat="23.467818330422602" lon="120.93997132523657"><ele>3192.72021484375</ele><time>2025-08-22T04:44:53Z</time></trkpt><trkpt lat="23.467893156269056" lon="120.9399498739419"><ele>3192.395263671875</ele><time>2025-08-22T04:45:52Z</time></trkpt><trkpt lat="23.467928445347052" lon="120.93987922388366"><ele>3192.7705078125</ele><time>2025-08-22T04:46:27Z</time></trkpt><trkpt lat="23.467948622537364" lon="120.93984951999147"><ele>3196.485595703125</ele><time>2025-08-22T04:46:49Z</time></trkpt><trkpt lat="23.467962532162343" lon="120.93982044264702"><ele>3196.704833984375</ele><time>2025-08-22T04:46:58Z</time></trkpt><trkpt lat="23.467955649662926" lon="120.93973652870919"><ele>3197.25439453125</ele><time>2025-08-22T04:47:20Z</time></trkpt><trkpt lat="23.467985207941965" lon="120.93969019337857"><ele>3197.986328125</ele><time>2025-08-22T04:47:32Z</time></trkpt><trkpt lat="23.468022630955623" lon="120.93965112507362"><ele>3198.271728515625</ele><time>2025-08-22T04:47:38Z</time></trkpt><trkpt lat="23.468075762701083" lon="120.93961848437007"><ele>3199.653564453125</ele><time>2025-08-22T04:47:47Z</time></trkpt><trkpt lat="23.468120663494066" lon="120.93964600357879"><ele>3200.0869140625</ele><time>2025-08-22T04:48:03Z</time></trkpt><trkpt lat="23.468172851025173" lon="120.9396910474747"><ele>3202.023681640625</ele><time>2025-08-22T04:48:53Z</time></trkpt><trkpt lat="23.468191704566504" lon="120.93972461570378"><ele>3202.171630859375</ele><time>2025-08-22T04:49:13Z</time></trkpt><trkpt lat="23.468189915301892" lon="120.93970912453726"><ele>3202.087158203125</ele><time>2025-08-22T04:49:49Z</time></trkpt><trkpt lat="23.468183199954463" lon="120.9396645566964"><ele>3201.92333984375</ele><time>2025-08-22T04:50:07Z</time></trkpt><trkpt lat="23.46817928816192" lon="120.93980035333526"><ele>3201.8125</ele><time>2025-08-22T04:50:47Z</time></trkpt><trkpt lat="23.468085353618243" lon="120.93975764081644"><ele>3202.0712890625</ele><time>2025-08-22T04:50:55Z</time></trkpt><trkpt lat="23.468097712957686" lon="120.93974470611748"><ele>3202.1796875</ele><time>2025-08-22T04:51:01Z</time></trkpt><trkpt lat="23.46812609097014" lon="120.9397637143889"><ele>3201.984130859375</ele><time>2025-08-22T04:51:13Z</time></trkpt><trkpt lat="23.468152166964018" lon="120.9397465854887"><ele>3204.845703125</ele><time>2025-08-22T04:52:08Z</time></trkpt><trkpt lat="23.468274988617953" lon="120.93963069873172"><ele>3203.580078125</ele><time>2025-08-22T04:52:28Z</time></trkpt><trkpt lat="23.46829732896577" lon="120.93965763822376"><ele>3204.08740234375</ele><time>2025-08-22T04:52:31Z</time></trkpt><trkpt lat="23.46833195177265" lon="120.93965407075146"><ele>3205.202392578125</ele><time>2025-08-22T04:52:36Z</time></trkpt><trkpt lat="23.46836808393551" lon="120.93962835529794"><ele>3198.020751953125</ele><time>2025-08-22T04:52:40Z</time></trkpt><trkpt lat="23.4684021667679" lon="120.93959604474352"><ele>3197.576904296875</ele><time>2025-08-22T04:52:45Z</time></trkpt><trkpt lat="23.468448933544423" lon="120.9395570805801"><ele>3197.5478515625</ele><time>2025-08-22T04:52:51Z</time></trkpt><trkpt lat="23.468504083793434" lon="120.93950488829931"><ele>3199.75927734375</ele><time>2025-08-22T04:52:59Z</time></trkpt><trkpt lat="23.46854630248319" lon="120.93945894953877"><ele>3201.437255859375</ele><time>2025-08-22T04:53:05Z</time></trkpt><trkpt lat="23.468582373111367" lon="120.93941361082824"><ele>3197.8779296875</ele><time>2025-08-22T04:53:10Z</time></trkpt><trkpt lat="23.468614898936707" lon="120.93938857950775"><ele>3198.356201171875</ele><time>2025-08-22T04:53:15Z</time></trkpt><trkpt lat="23.468618395843453" lon="120.93938671451967"><ele>3194.604248046875</ele><time>2025-08-22T04:53:23Z</time></trkpt><trkpt lat="23.468647530888198" lon="120.93937307560071"><ele>3196.36669921875</ele><time>2025-08-22T04:53:26Z</time></trkpt><trkpt lat="23.46870367284293" lon="120.93934133249886"><ele>3196.443359375</ele><time>2025-08-22T04:53:30Z</time></trkpt><trkpt lat="23.46879389830203" lon="120.93928949816689"><ele>3195.5185546875</ele><time>2025-08-22T04:53:35Z</time></trkpt><trkpt lat="23.468856881388373" lon="120.93923940307067"><ele>3197.02978515625</ele><time>2025-08-22T04:53:39Z</time></trkpt><trkpt lat="23.468914300637895" lon="120.93918554558628"><ele>3198.1396484375</ele><time>2025-08-22T04:53:45Z</time></trkpt><trkpt lat="23.468952957847858" lon="120.93912376592664"><ele>3202.747802734375</ele><time>2025-08-22T04:53:50Z</time></trkpt><trkpt lat="23.468983357343685" lon="120.93906693012562"><ele>3185.092041015625</ele><time>2025-08-22T04:53:56Z</time></trkpt><trkpt lat="23.46901266172845" lon="120.93900979702646"><ele>3198.205810546875</ele><time>2025-08-22T04:54:01Z</time></trkpt><trkpt lat="23.469039324843585" lon="120.93895516729037"><ele>3196.623046875</ele><time>2025-08-22T04:54:05Z</time></trkpt><trkpt lat="23.469081677812426" lon="120.93887070000073"><ele>3192.51953125</ele><time>2025-08-22T04:54:17Z</time></trkpt><trkpt lat="23.469100124097963" lon="120.93885104615619"><ele>3197.83837890625</ele><time>2025-08-22T04:54:23Z</time></trkpt><trkpt lat="23.46914796054112" lon="120.93879923971056"><ele>3188.640625</ele><time>2025-08-22T04:54:30Z</time></trkpt><trkpt lat="23.46922539155505" lon="120.93867746017695"><ele>3188.516357421875</ele><time>2025-08-22T04:54:48Z</time></trkpt><trkpt lat="23.4692370555397" lon="120.93862129558437"><ele>3190.88916015625</ele><time>2025-08-22T04:55:00Z</time></trkpt><trkpt lat="23.469242938329497" lon="120.93856667119539"><ele>3191.2802734375</ele><time>2025-08-22T04:55:06Z</time></trkpt><trkpt lat="23.46924887143516" lon="120.93851258800076"><ele>3188.489990234375</ele><time>2025-08-22T04:55:10Z</time></trkpt><trkpt lat="23.469239274079417" lon="120.93846436614227"><ele>3186.701171875</ele><time>2025-08-22T04:55:16Z</time></trkpt><trkpt lat="23.46921748497737" lon="120.93840827031264"><ele>3188.873291015625</ele><time>2025-08-22T04:55:24Z</time></trkpt><trkpt lat="23.469206623149592" lon="120.93836985841594"><ele>3186.503173828125</ele><time>2025-08-22T04:55:29Z</time></trkpt><trkpt lat="23.469216485104454" lon="120.93825708514434"><ele>3186.71435546875</ele><time>2025-08-22T04:55:48Z</time></trkpt><trkpt lat="23.469216904342098" lon="120.93817724736054"><ele>3181.815673828125</ele><time>2025-08-22T04:55:54Z</time></trkpt><trkpt lat="23.46919556999115" lon="120.93808235903747"><ele>3183.68115234375</ele><time>2025-08-22T04:56:00Z</time></trkpt><trkpt lat="23.469167702879048" lon="120.93797455199133"><ele>3183.094482421875</ele><time>2025-08-22T04:56:06Z</time></trkpt><trkpt lat="23.469124313446347" lon="120.93784483094915"><ele>3180.1748046875</ele><time>2025-08-22T04:56:18Z</time></trkpt><trkpt lat="23.46907483867797" lon="120.93777231683238"><ele>3184.27294921875</ele><time>2025-08-22T04:56:30Z</time></trkpt><trkpt lat="23.46906745473001" lon="120.93773927243174"><ele>3183.184326171875</ele><time>2025-08-22T04:56:36Z</time></trkpt><trkpt lat="23.46906908651039" lon="120.93767479932869"><ele>3180.589599609375</ele><time>2025-08-22T04:56:40Z</time></trkpt><trkpt lat="23.469008229744816" lon="120.93756493824229"><ele>3179.273681640625</ele><time>2025-08-22T04:56:48Z</time></trkpt><trkpt lat="23.468936953704294" lon="120.93746590714785"><ele>3180.64501953125</ele><time>2025-08-22T04:56:59Z</time></trkpt><trkpt lat="23.468879464752014" lon="120.93734775048311"><ele>3182.58447265625</ele><time>2025-08-22T04:57:12Z</time></trkpt><trkpt lat="23.46884865450596" lon="120.93727551337506"><ele>3177.36865234375</ele><time>2025-08-22T04:57:18Z</time></trkpt><trkpt lat="23.46882586447607" lon="120.93723016788479"><ele>3179.176025390625</ele><time>2025-08-22T04:57:24Z</time></trkpt><trkpt lat="23.46877702748241" lon="120.93715366854927"><ele>3175.14404296875</ele><time>2025-08-22T04:57:29Z</time></trkpt><trkpt lat="23.468770105638065" lon="120.93714245960773"><ele>3175.046142578125</ele><time>2025-08-22T04:57:35Z</time></trkpt><trkpt lat="23.46875286193111" lon="120.93711127794785"><ele>3178.404541015625</ele><time>2025-08-22T04:57:38Z</time></trkpt><trkpt lat="23.468699466042995" lon="120.93702479414573"><ele>3173.933837890625</ele><time>2025-08-22T04:57:43Z</time></trkpt><trkpt lat="23.46866353975351" lon="120.9369028464489"><ele>3179.79443359375</ele><time>2025-08-22T04:57:51Z</time></trkpt><trkpt lat="23.46866869658533" lon="120.93684323949753"><ele>3176.17431640625</ele><time>2025-08-22T04:57:59Z</time></trkpt><trkpt lat="23.468679346251268" lon="120.9367851001416"><ele>3172.65478515625</ele><time>2025-08-22T04:58:08Z</time></trkpt><trkpt lat="23.468689304811576" lon="120.93672713029495"><ele>3172.007568359375</ele><time>2025-08-22T04:58:15Z</time></trkpt><trkpt lat="23.46868180283301" lon="120.93667128510947"><ele>3173.653564453125</ele><time>2025-08-22T04:58:19Z</time></trkpt><trkpt lat="23.46868429576075" lon="120.93660203881696"><ele>3174.570556640625</ele><time>2025-08-22T04:58:24Z</time></trkpt><trkpt lat="23.468683776846078" lon="120.93653979945412"><ele>3173.164794921875</ele><time>2025-08-22T04:58:28Z</time></trkpt><trkpt lat="23.46870004972838" lon="120.93649632471079"><ele>3172.3193359375</ele><time>2025-08-22T04:58:33Z</time></trkpt><trkpt lat="23.46869861197608" lon="120.93648627985836"><ele>3173.281005859375</ele><time>2025-08-22T04:58:43Z</time></trkpt><trkpt lat="23.468663863872703" lon="120.93643093607261"><ele>3173.281005859375</ele><time>2025-08-22T04:58:49Z</time></trkpt><trkpt lat="23.468636520137817" lon="120.93640510720192"><ele>3172.23486328125</ele><time>2025-08-22T04:58:56Z</time></trkpt><trkpt lat="23.468574298013593" lon="120.93634805486317"><ele>3170.821044921875</ele><time>2025-08-22T04:59:08Z</time></trkpt><trkpt lat="23.468468172272026" lon="120.93627111790269"><ele>3170.34814453125</ele><time>2025-08-22T04:59:20Z</time></trkpt><trkpt lat="23.4683965891322" lon="120.93624966413927"><ele>3171.4208984375</ele><time>2025-08-22T04:59:26Z</time></trkpt><trkpt lat="23.468341626802527" lon="120.9362510388366"><ele>3169.027099609375</ele><time>2025-08-22T04:59:36Z</time></trkpt><trkpt lat="23.468306315654072" lon="120.93620471167664"><ele>3170.073486328125</ele><time>2025-08-22T04:59:44Z</time></trkpt><trkpt lat="23.468244722364407" lon="120.93613207120936"><ele>3164.487548828125</ele><time>2025-08-22T04:59:56Z</time></trkpt><trkpt lat="23.46822029087923" lon="120.93608968636148"><ele>3160.651123046875</ele><time>2025-08-22T05:00:08Z</time></trkpt><trkpt lat="23.46818956940627" lon="120.93601744785946"><ele>3163.515380859375</ele><time>2025-08-22T05:00:14Z</time></trkpt><trkpt lat="23.46817773569747" lon="120.93600300465563"><ele>3166.078369140625</ele><time>2025-08-22T05:00:20Z</time></trkpt><trkpt lat="23.468067699002756" lon="120.93588915234082"><ele>3164.987060546875</ele><time>2025-08-22T05:00:26Z</time></trkpt><trkpt lat="23.46801946382304" lon="120.93585410995544"><ele>3161.525634765625</ele><time>2025-08-22T05:00:32Z</time></trkpt><trkpt lat="23.467912039815015" lon="120.93577860663078"><ele>3162.22314453125</ele><time>2025-08-22T05:00:38Z</time></trkpt><trkpt lat="23.467853579007" lon="120.93573199727219"><ele>3158.74072265625</ele><time>2025-08-22T05:00:44Z</time></trkpt><trkpt lat="23.46783630878071" lon="120.93571742821136"><ele>3159.850341796875</ele><time>2025-08-22T05:00:56Z</time></trkpt><trkpt lat="23.46777948825079" lon="120.93566153022"><ele>3163.087158203125</ele><time>2025-08-22T05:01:01Z</time></trkpt><trkpt lat="23.467672513675012" lon="120.9356557365598"><ele>3159.115966796875</ele><time>2025-08-22T05:01:14Z</time></trkpt><trkpt lat="23.467596546054125" lon="120.93565777279406"><ele>3159.42236328125</ele><time>2025-08-22T05:01:26Z</time></trkpt><trkpt lat="23.46753551795945" lon="120.93563660481954"><ele>3159.45947265625</ele><time>2025-08-22T05:01:38Z</time></trkpt><trkpt lat="23.46751092677337" lon="120.93562433743041"><ele>3157.65478515625</ele><time>2025-08-22T05:01:50Z</time></trkpt><trkpt lat="23.46741537979083" lon="120.93559940553995"><ele>3157.36669921875</ele><time>2025-08-22T05:02:08Z</time></trkpt><trkpt lat="23.4673175703606" lon="120.93554632198787"><ele>3152.97265625</ele><time>2025-08-22T05:02:20Z</time></trkpt><trkpt lat="23.467258874108822" lon="120.93550364801897"><ele>3156.130126953125</ele><time>2025-08-22T05:02:32Z</time></trkpt><trkpt lat="23.467163071595046" lon="120.9354583144736"><ele>3141.24365234375</ele><time>2025-08-22T05:02:44Z</time></trkpt><trkpt lat="23.467143245420885" lon="120.93544348380249"><ele>3140.9951171875</ele><time>2025-08-22T05:02:53Z</time></trkpt><trkpt lat="23.467067187753976" lon="120.93539109294413"><ele>3138.35546875</ele><time>2025-08-22T05:03:05Z</time></trkpt><trkpt lat="23.466991478977942" lon="120.93533867234991"><ele>3136.587890625</ele><time>2025-08-22T05:03:13Z</time></trkpt><trkpt lat="23.466952278395595" lon="120.93532235978725"><ele>3136.51123046875</ele><time>2025-08-22T05:03:16Z</time></trkpt><trkpt lat="23.46690165896759" lon="120.93531092111446"><ele>3137.029052734375</ele><time>2025-08-22T05:03:22Z</time></trkpt><trkpt lat="23.466848007443854" lon="120.93527168694847"><ele>3136.3447265625</ele><time>2025-08-22T05:03:30Z</time></trkpt><trkpt lat="23.466809539713868" lon="120.93523434880369"><ele>3134.484619140625</ele><time>2025-08-22T05:03:36Z</time></trkpt><trkpt lat="23.466784479835237" lon="120.93518562467871"><ele>3126.15625</ele><time>2025-08-22T05:03:43Z</time></trkpt><trkpt lat="23.46680281847259" lon="120.93515138499032"><ele>3130.92822265625</ele><time>2025-08-22T05:03:48Z</time></trkpt><trkpt lat="23.46684274804419" lon="120.93512118922818"><ele>3132.608642578125</ele><time>2025-08-22T05:03:54Z</time></trkpt><trkpt lat="23.466897558830016" lon="120.9350968505742"><ele>3131.459228515625</ele><time>2025-08-22T05:04:00Z</time></trkpt><trkpt lat="23.466945654086842" lon="120.9350706973506"><ele>3131.543701171875</ele><time>2025-08-22T05:04:14Z</time></trkpt><trkpt lat="23.46700581272865" lon="120.93498521698585"><ele>3130.925537109375</ele><time>2025-08-22T05:04:32Z</time></trkpt><trkpt lat="23.467070464994123" lon="120.9348637817804"><ele>3128.43115234375</ele><time>2025-08-22T05:04:38Z</time></trkpt><trkpt lat="23.46709785713638" lon="120.93482298385793"><ele>3130.25439453125</ele><time>2025-08-22T05:04:44Z</time></trkpt><trkpt lat="23.46717336763779" lon="120.93469174249996"><ele>3130.362548828125</ele><time>2025-08-22T05:04:56Z</time></trkpt><trkpt lat="23.46722080512522" lon="120.93461175443153"><ele>3127.252685546875</ele><time>2025-08-22T05:05:07Z</time></trkpt><trkpt lat="23.467270906221085" lon="120.93453448254463"><ele>3122.139892578125</ele><time>2025-08-22T05:05:20Z</time></trkpt><trkpt lat="23.46730963983991" lon="120.9344768460379"><ele>3124.853515625</ele><time>2025-08-22T05:05:26Z</time></trkpt><trkpt lat="23.467362502959297" lon="120.9343961409081"><ele>3125.35546875</ele><time>2025-08-22T05:05:38Z</time></trkpt><trkpt lat="23.467411025754995" lon="120.93430999463986"><ele>3122.58642578125</ele><time>2025-08-22T05:05:49Z</time></trkpt><trkpt lat="23.46740994074191" lon="120.9342654065691"><ele>3122.28515625</ele><time>2025-08-22T05:05:59Z</time></trkpt><trkpt lat="23.46738786806796" lon="120.93423193248904"><ele>3119.341796875</ele><time>2025-08-22T05:06:03Z</time></trkpt><trkpt lat="23.46735352668273" lon="120.93419530729948"><ele>3121.46875</ele><time>2025-08-22T05:06:09Z</time></trkpt><trkpt lat="23.467336235357475" lon="120.93413652901924"><ele>3120.269287109375</ele><time>2025-08-22T05:06:16Z</time></trkpt><trkpt lat="23.467335063243528" lon="120.93406038836373"><ele>3120.528076171875</ele><time>2025-08-22T05:06:30Z</time></trkpt><trkpt lat="23.467357556440774" lon="120.93401041945087"><ele>3120.01806640625</ele><time>2025-08-22T05:06:36Z</time></trkpt><trkpt lat="23.467385859229154" lon="120.93396956682257"><ele>3118.01806640625</ele><time>2025-08-22T05:06:41Z</time></trkpt><trkpt lat="23.467420099585734" lon="120.93392229548755"><ele>3119.122314453125</ele><time>2025-08-22T05:06:48Z</time></trkpt><trkpt lat="23.467451654811978" lon="120.9338487803788"><ele>3117.959716796875</ele><time>2025-08-22T05:06:56Z</time></trkpt><trkpt lat="23.46744811041439" lon="120.93381323706285"><ele>3117.14599609375</ele><time>2025-08-22T05:07:04Z</time></trkpt><trkpt lat="23.46742723419302" lon="120.9337958206631"><ele>3116.82373046875</ele><time>2025-08-22T05:07:08Z</time></trkpt><trkpt lat="23.467403355022533" lon="120.93380012387094"><ele>3117.177734375</ele><time>2025-08-22T05:07:15Z</time></trkpt><trkpt lat="23.46734488816931" lon="120.93375542210644"><ele>3118.665283203125</ele><time>2025-08-22T05:07:31Z</time></trkpt><trkpt lat="23.46734254743372" lon="120.93374495711734"><ele>3119.267822265625</ele><time>2025-08-22T05:07:37Z</time></trkpt><trkpt lat="23.467333511528224" lon="120.93370900277685"><ele>3118.047119140625</ele><time>2025-08-22T05:07:43Z</time></trkpt><trkpt lat="23.46728658810883" lon="120.93362756784511"><ele>3117.526611328125</ele><time>2025-08-22T05:07:55Z</time></trkpt><trkpt lat="23.467210883364302" lon="120.93349912384707"><ele>3114.384765625</ele><time>2025-08-22T05:08:08Z</time></trkpt><trkpt lat="23.467209270538305" lon="120.93349182586837"><ele>3112.55908203125</ele><time>2025-08-22T05:08:14Z</time></trkpt><trkpt lat="23.467206748517057" lon="120.93346487218635"><ele>3114.471923828125</ele><time>2025-08-22T05:08:18Z</time></trkpt><trkpt lat="23.467185884268975" lon="120.93339955435054"><ele>3111.399169921875</ele><time>2025-08-22T05:08:21Z</time></trkpt><trkpt lat="23.467100085921913" lon="120.93327579209446"><ele>3112.889404296875</ele><time>2025-08-22T05:08:32Z</time></trkpt><trkpt lat="23.467038621293778" lon="120.93322269122977"><ele>3112.022705078125</ele><time>2025-08-22T05:08:44Z</time></trkpt><trkpt lat="23.466980742648282" lon="120.93313946279675"><ele>3109.02099609375</ele><time>2025-08-22T05:08:56Z</time></trkpt><trkpt lat="23.466949963318324" lon="120.93301628397275"><ele>3111.1083984375</ele><time>2025-08-22T05:09:08Z</time></trkpt><trkpt lat="23.466957185269113" lon="120.9329494966463"><ele>3111.6552734375</ele><time>2025-08-22T05:09:14Z</time></trkpt><trkpt lat="23.46697534315564" lon="120.9328715843454"><ele>3111.671142578125</ele><time>2025-08-22T05:09:26Z</time></trkpt><trkpt lat="23.466939609805923" lon="120.93273210103983"><ele>3106.119873046875</ele><time>2025-08-22T05:09:56Z</time></trkpt><trkpt lat="23.466887149182934" lon="120.93271097208037"><ele>3106.198974609375</ele><time>2025-08-22T05:10:08Z</time></trkpt><trkpt lat="23.46681566294805" lon="120.93269926242733"><ele>3107.546630859375</ele><time>2025-08-22T05:10:26Z</time></trkpt><trkpt lat="23.466718155486866" lon="120.93270579285257"><ele>3104.637451171875</ele><time>2025-08-22T05:10:44Z</time></trkpt><trkpt lat="23.46665962966743" lon="120.93271750881902"><ele>3103.60693359375</ele><time>2025-08-22T05:10:55Z</time></trkpt><trkpt lat="23.466598247611284" lon="120.93275444851673"><ele>3102.06396484375</ele><time>2025-08-22T05:11:08Z</time></trkpt><trkpt lat="23.4665643406729" lon="120.93276870871851"><ele>3104.8857421875</ele><time>2025-08-22T05:11:14Z</time></trkpt><trkpt lat="23.466507618957923" lon="120.9327546814485"><ele>3101.752197265625</ele><time>2025-08-22T05:11:20Z</time></trkpt><trkpt lat="23.466448755831504" lon="120.9327145018979"><ele>3104.753662109375</ele><time>2025-08-22T05:11:25Z</time></trkpt><trkpt lat="23.466413414732493" lon="120.93268123856768"><ele>3095.701416015625</ele><time>2025-08-22T05:11:39Z</time></trkpt><trkpt lat="23.466362957253022" lon="120.93266552480995"><ele>3102.9833984375</ele><time>2025-08-22T05:11:50Z</time></trkpt><trkpt lat="23.466250389369137" lon="120.9326319414708"><ele>3100.5869140625</ele><time>2025-08-22T05:12:02Z</time></trkpt><trkpt lat="23.466225250658404" lon="120.93257033147833"><ele>3115.428466796875</ele><time>2025-08-22T05:13:09Z</time></trkpt><trkpt lat="23.466245370737887" lon="120.93254403401156"><ele>3119.730224609375</ele><time>2025-08-22T05:13:15Z</time></trkpt><trkpt lat="23.466254030097872" lon="120.93247490080915"><ele>3120.136962890625</ele><time>2025-08-22T05:13:26Z</time></trkpt><trkpt lat="23.466217930700477" lon="120.93239619830246"><ele>3120.5888671875</ele><time>2025-08-22T05:13:44Z</time></trkpt><trkpt lat="23.46617691239054" lon="120.93235820763358"><ele>3122.16357421875</ele><time>2025-08-22T05:13:56Z</time></trkpt><trkpt lat="23.466100393794427" lon="120.93233197656114"><ele>3122.126708984375</ele><time>2025-08-22T05:14:08Z</time></trkpt><trkpt lat="23.466043821534665" lon="120.93231559147871"><ele>3122.126708984375</ele><time>2025-08-22T05:14:14Z</time></trkpt><trkpt lat="23.46593480265369" lon="120.932261507941"><ele>3116.6650390625</ele><time>2025-08-22T05:14:26Z</time></trkpt><trkpt lat="23.46587118703356" lon="120.93222002392864"><ele>3121.0380859375</ele><time>2025-08-22T05:14:32Z</time></trkpt><trkpt lat="23.46579710709046" lon="120.93218475002942"><ele>3120.224365234375</ele><time>2025-08-22T05:14:37Z</time></trkpt><trkpt lat="23.465734740579265" lon="120.93215590174468"><ele>3121.164794921875</ele><time>2025-08-22T05:14:43Z</time></trkpt><trkpt lat="23.465644817467286" lon="120.93211300495996"><ele>3117.82763671875</ele><time>2025-08-22T05:14:56Z</time></trkpt><trkpt lat="23.46558442761473" lon="120.93208253606552"><ele>3114.445556640625</ele><time>2025-08-22T05:15:08Z</time></trkpt><trkpt lat="23.465501615384415" lon="120.93206699421852"><ele>3117.47900390625</ele><time>2025-08-22T05:15:20Z</time></trkpt><trkpt lat="23.465405782433383" lon="120.93203685204134"><ele>3115.851318359375</ele><time>2025-08-22T05:15:32Z</time></trkpt><trkpt lat="23.465311391975973" lon="120.93199890667933"><ele>3115.77734375</ele><time>2025-08-22T05:15:44Z</time></trkpt><trkpt lat="23.465245626947397" lon="120.93196483157216"><ele>3111.132080078125</ele><time>2025-08-22T05:15:56Z</time></trkpt><trkpt lat="23.46521582269844" lon="120.93191735704247"><ele>3111.330322265625</ele><time>2025-08-22T05:16:08Z</time></trkpt><trkpt lat="23.465223390017574" lon="120.93185623505602"><ele>3110.9921875</ele><time>2025-08-22T05:16:14Z</time></trkpt><trkpt lat="23.4652054058958" lon="120.93179198357932"><ele>3108.386962890625</ele><time>2025-08-22T05:16:34Z</time></trkpt><trkpt lat="23.46516876755678" lon="120.93182409555972"><ele>3104.259521484375</ele><time>2025-08-22T05:16:56Z</time></trkpt><trkpt lat="23.465116356873004" lon="120.93187523203304"><ele>3100.6767578125</ele><time>2025-08-22T05:17:50Z</time></trkpt><trkpt lat="23.465083166856743" lon="120.93184925377105"><ele>3097.051513671875</ele><time>2025-08-22T05:18:20Z</time></trkpt><trkpt lat="23.46501190228323" lon="120.93187974619025"><ele>3093.479248046875</ele><time>2025-08-22T05:18:56Z</time></trkpt><trkpt lat="23.46496657102843" lon="120.93192225491079"><ele>3091.89111328125</ele><time>2025-08-22T05:19:14Z</time></trkpt><trkpt lat="23.464880749746705" lon="120.93192331880523"><ele>3081.330078125</ele><time>2025-08-22T05:20:20Z</time></trkpt><trkpt lat="23.464858122231977" lon="120.93188757121693"><ele>3080.38671875</ele><time>2025-08-22T05:20:26Z</time></trkpt><trkpt lat="23.464783230375556" lon="120.93191615504566"><ele>3075.7548828125</ele><time>2025-08-22T05:20:56Z</time></trkpt><trkpt lat="23.46472144575951" lon="120.93188832252011"><ele>3065.52392578125</ele><time>2025-08-22T05:21:50Z</time></trkpt><trkpt lat="23.464718961946613" lon="120.93185523342017"><ele>3067.006103515625</ele><time>2025-08-22T05:21:55Z</time></trkpt><trkpt lat="23.464702079481633" lon="120.93183747070356"><ele>3068.2666015625</ele><time>2025-08-22T05:22:08Z</time></trkpt><trkpt lat="23.464632489736058" lon="120.93175952552829"><ele>3067.93896484375</ele><time>2025-08-22T05:22:14Z</time></trkpt><trkpt lat="23.464614021308353" lon="120.9317318673661"><ele>3068.599609375</ele><time>2025-08-22T05:22:25Z</time></trkpt><trkpt lat="23.4645943638602" lon="120.93166614944286"><ele>3068.45166015625</ele><time>2025-08-22T05:22:28Z</time></trkpt><trkpt lat="23.464561555577387" lon="120.93152638519551"><ele>3068.779296875</ele><time>2025-08-22T05:22:41Z</time></trkpt><trkpt lat="23.464572615208397" lon="120.93147452558615"><ele>3040.17919921875</ele><time>2025-08-22T05:22:53Z</time></trkpt><trkpt lat="23.464631455813308" lon="120.93137077691263"><ele>3039.206787109375</ele><time>2025-08-22T05:23:04Z</time></trkpt><trkpt lat="23.46468611960128" lon="120.93128351752435"><ele>3037.26220703125</ele><time>2025-08-22T05:23:23Z</time></trkpt><trkpt lat="23.46467337555037" lon="120.93123035104107"><ele>3032.730712890625</ele><time>2025-08-22T05:23:34Z</time></trkpt><trkpt lat="23.46467201042974" lon="120.93122429608181"><ele>3034.884033203125</ele><time>2025-08-22T05:23:38Z</time></trkpt><trkpt lat="23.46466453226751" lon="120.93121840668944"><ele>3034.973876953125</ele><time>2025-08-22T05:23:41Z</time></trkpt><trkpt lat="23.46463538032527" lon="120.9311996139776"><ele>3036.760009765625</ele><time>2025-08-22T05:23:44Z</time></trkpt><trkpt lat="23.464550804742863" lon="120.93110559934479"><ele>3029.744873046875</ele><time>2025-08-22T05:24:02Z</time></trkpt><trkpt lat="23.464480374728307" lon="120.93102031135956"><ele>3029.795166015625</ele><time>2025-08-22T05:24:11Z</time></trkpt><trkpt lat="23.46445101344728" lon="120.93096933966592"><ele>3031.536376953125</ele><time>2025-08-22T05:24:17Z</time></trkpt><trkpt lat="23.464416779007905" lon="120.93095379258546"><ele>3030.88623046875</ele><time>2025-08-22T05:24:23Z</time></trkpt><trkpt lat="23.46430664238903" lon="120.93094215635999"><ele>3031.3857421875</ele><time>2025-08-22T05:24:35Z</time></trkpt><trkpt lat="23.46424676101024" lon="120.93090433444262"><ele>3029.4384765625</ele><time>2025-08-22T05:24:46Z</time></trkpt><trkpt lat="23.464208495120634" lon="120.93081198457094"><ele>3027.17138671875</ele><time>2025-08-22T05:24:59Z</time></trkpt><trkpt lat="23.464204145322913" lon="120.93080454309394"><ele>3025.126220703125</ele><time>2025-08-22T05:25:17Z</time></trkpt><trkpt lat="23.46421826141736" lon="120.93083412784608"><ele>3026.159423828125</ele><time>2025-08-22T05:25:21Z</time></trkpt><trkpt lat="23.464139339764813" lon="120.93080897886236"><ele>3026.02978515625</ele><time>2025-08-22T05:25:27Z</time></trkpt><trkpt lat="23.4640948827515" lon="120.93078742680835"><ele>3026.087890625</ele><time>2025-08-22T05:25:33Z</time></trkpt><trkpt lat="23.464010459084317" lon="120.9306857941716"><ele>3029.139892578125</ele><time>2025-08-22T05:26:57Z</time></trkpt><trkpt lat="23.46397762731919" lon="120.93063140589787"><ele>3031.39892578125</ele><time>2025-08-22T05:27:08Z</time></trkpt><trkpt lat="23.464000321705903" lon="120.93068335373276"><ele>3030.33154296875</ele><time>2025-08-22T05:28:12Z</time></trkpt><trkpt lat="23.46395855606642" lon="120.93066821925112"><ele>3025.40087890625</ele><time>2025-08-22T05:28:44Z</time></trkpt><trkpt lat="23.463940781297147" lon="120.93062993602707"><ele>3027.054931640625</ele><time>2025-08-22T05:28:49Z</time></trkpt><trkpt lat="23.46393192893078" lon="120.93057368880982"><ele>3027.4619140625</ele><time>2025-08-22T05:28:54Z</time></trkpt><trkpt lat="23.463939643694534" lon="120.93051956988752"><ele>3027.12646484375</ele><time>2025-08-22T05:28:59Z</time></trkpt><trkpt lat="23.463960178376478" lon="120.93046532593951"><ele>3028.84375</ele><time>2025-08-22T05:29:05Z</time></trkpt><trkpt lat="23.463993023726644" lon="120.93041351085199"><ele>3027.895263671875</ele><time>2025-08-22T05:29:12Z</time></trkpt><trkpt lat="23.46401821032147" lon="120.93034973415102"><ele>3028.603515625</ele><time>2025-08-22T05:29:21Z</time></trkpt><trkpt lat="23.464022470777408" lon="120.93028075791716"><ele>3028.299560546875</ele><time>2025-08-22T05:29:34Z</time></trkpt><trkpt lat="23.46404009055018" lon="120.93023691730117"><ele>3024.634765625</ele><time>2025-08-22T05:29:37Z</time></trkpt><trkpt lat="23.464086452432806" lon="120.93016977482434"><ele>3024.634765625</ele><time>2025-08-22T05:29:43Z</time></trkpt><trkpt lat="23.464169872984108" lon="120.93013003216875"><ele>3026.249267578125</ele><time>2025-08-22T05:29:55Z</time></trkpt><trkpt lat="23.464262913167364" lon="120.93011832373695"><ele>3023.609619140625</ele><time>2025-08-22T05:30:25Z</time></trkpt><trkpt lat="23.46427984354197" lon="120.93012530489507"><ele>3020.9619140625</ele><time>2025-08-22T05:30:37Z</time></trkpt><trkpt lat="23.464369276763925" lon="120.93013541036187"><ele>3015.89404296875</ele><time>2025-08-22T05:30:43Z</time></trkpt><trkpt lat="23.464475541130376" lon="120.93006383773482"><ele>3019.75439453125</ele><time>2025-08-22T05:30:55Z</time></trkpt><trkpt lat="23.46448940869395" lon="120.93006280347036"><ele>3013.22021484375</ele><time>2025-08-22T05:31:07Z</time></trkpt><trkpt lat="23.464596890644074" lon="120.93001366378384"><ele>3015.981201171875</ele><time>2025-08-22T05:31:13Z</time></trkpt><trkpt lat="23.464683096409775" lon="120.92997190058887"><ele>3015.60595703125</ele><time>2025-08-22T05:31:25Z</time></trkpt><trkpt lat="23.46473655500169" lon="120.92992202617555"><ele>3015.75927734375</ele><time>2025-08-22T05:31:31Z</time></trkpt><trkpt lat="23.464789063358698" lon="120.92986031525233"><ele>3013.29150390625</ele><time>2025-08-22T05:31:43Z</time></trkpt><trkpt lat="23.46482821537906" lon="120.9297657774861"><ele>3012.897705078125</ele><time>2025-08-22T05:31:55Z</time></trkpt><trkpt lat="23.46483129914226" lon="120.92974839789615"><ele>3013.885986328125</ele><time>2025-08-22T05:32:01Z</time></trkpt><trkpt lat="23.46484405002109" lon="120.92968840538381"><ele>3011.0244140625</ele><time>2025-08-22T05:32:07Z</time></trkpt><trkpt lat="23.464920920209405" lon="120.9296093133831"><ele>3011.96240234375</ele><time>2025-08-22T05:32:19Z</time></trkpt><trkpt lat="23.46501647965791" lon="120.92957272778303"><ele>3010.2978515625</ele><time>2025-08-22T05:32:25Z</time></trkpt><trkpt lat="23.465034849568855" lon="120.92955589834884"><ele>3007.507568359375</ele><time>2025-08-22T05:32:32Z</time></trkpt><trkpt lat="23.46508188382672" lon="120.92949024440198"><ele>3011.632080078125</ele><time>2025-08-22T05:32:43Z</time></trkpt><trkpt lat="23.46516268549604" lon="120.92942923863995"><ele>3012.762939453125</ele><time>2025-08-22T05:32:49Z</time></trkpt><trkpt lat="23.465234076854923" lon="120.92938466700862"><ele>3027.451416015625</ele><time>2025-08-22T05:33:19Z</time></trkpt><trkpt lat="23.465294308562104" lon="120.9293392857273"><ele>3027.74462890625</ele><time>2025-08-22T05:33:25Z</time></trkpt><trkpt lat="23.465316924739916" lon="120.92928891612223"><ele>3025.189697265625</ele><time>2025-08-22T05:33:31Z</time></trkpt><trkpt lat="23.46536255009335" lon="120.92918926354794"><ele>3028.51611328125</ele><time>2025-08-22T05:33:43Z</time></trkpt><trkpt lat="23.46536948372006" lon="120.92913231097988"><ele>3026.60595703125</ele><time>2025-08-22T05:33:49Z</time></trkpt><trkpt lat="23.465389457123468" lon="120.92901009493472"><ele>3025.427490234375</ele><time>2025-08-22T05:34:01Z</time></trkpt><trkpt lat="23.46541570812861" lon="120.9289188630905"><ele>3027.028564453125</ele><time>2025-08-22T05:34:07Z</time></trkpt><trkpt lat="23.465474122670322" lon="120.92885620507154"><ele>3022.48388671875</ele><time>2025-08-22T05:34:13Z</time></trkpt><trkpt lat="23.465490032297804" lon="120.928841981831"><ele>3021.247314453125</ele><time>2025-08-22T05:34:19Z</time></trkpt><trkpt lat="23.465567967797437" lon="120.92877071493473"><ele>3022.10595703125</ele><time>2025-08-22T05:34:25Z</time></trkpt><trkpt lat="23.46563324291267" lon="120.92873214623742"><ele>3024.600341796875</ele><time>2025-08-22T05:34:37Z</time></trkpt><trkpt lat="23.465719996061782" lon="120.92867720529735"><ele>3018.227294921875</ele><time>2025-08-22T05:35:01Z</time></trkpt><trkpt lat="23.465751221321803" lon="120.92865013023757"><ele>3014.366943359375</ele><time>2025-08-22T05:35:13Z</time></trkpt><trkpt lat="23.465790782137834" lon="120.92859686238815"><ele>3004.8017578125</ele><time>2025-08-22T05:35:19Z</time></trkpt><trkpt lat="23.46582983252423" lon="120.92851333444057"><ele>3017.962890625</ele><time>2025-08-22T05:35:25Z</time></trkpt><trkpt lat="23.465861086232824" lon="120.92844854393657"><ele>3017.701416015625</ele><time>2025-08-22T05:35:31Z</time></trkpt><trkpt lat="23.465914057763253" lon="120.92836245857768"><ele>3017.040771484375</ele><time>2025-08-22T05:35:43Z</time></trkpt><trkpt lat="23.465945776030182" lon="120.92833318830559"><ele>3018.404296875</ele><time>2025-08-22T05:35:49Z</time></trkpt><trkpt lat="23.466026886167374" lon="120.92825433265202"><ele>3016.20068359375</ele><time>2025-08-22T05:36:07Z</time></trkpt><trkpt lat="23.4660582245468" lon="120.92820471770709"><ele>3017.664306640625</ele><time>2025-08-22T05:36:13Z</time></trkpt><trkpt lat="23.466077809317312" lon="120.92813571236553"><ele>3017.664306640625</ele><time>2025-08-22T05:36:19Z</time></trkpt><trkpt lat="23.466090696999853" lon="120.92807562760228"><ele>3013.198974609375</ele><time>2025-08-22T05:36:25Z</time></trkpt><trkpt lat="23.466097552864046" lon="120.92806210273876"><ele>3013.4130859375</ele><time>2025-08-22T05:36:37Z</time></trkpt><trkpt lat="23.466144537434143" lon="120.92789382915866"><ele>3002.510986328125</ele><time>2025-08-22T05:36:55Z</time></trkpt><trkpt lat="23.466149796629402" lon="120.92782650559892"><ele>3004.17822265625</ele><time>2025-08-22T05:37:01Z</time></trkpt><trkpt lat="23.46618671635228" lon="120.92776868510515"><ele>3009.2724609375</ele><time>2025-08-22T05:37:07Z</time></trkpt><trkpt lat="23.466236503733544" lon="120.92767948121657"><ele>3008.966064453125</ele><time>2025-08-22T05:37:19Z</time></trkpt><trkpt lat="23.466290789600762" lon="120.9276148405987"><ele>3009.4970703125</ele><time>2025-08-22T05:37:25Z</time></trkpt><trkpt lat="23.46635579380314" lon="120.92752299425172"><ele>3008.305419921875</ele><time>2025-08-22T05:37:37Z</time></trkpt><trkpt lat="23.46637760463601" lon="120.92748078392395"><ele>3005.0712890625</ele><time>2025-08-22T05:37:43Z</time></trkpt><trkpt lat="23.46642330435974" lon="120.9273900158746"><ele>3006.16259765625</ele><time>2025-08-22T05:37:49Z</time></trkpt><trkpt lat="23.466477817359536" lon="120.92730337799317"><ele>3007.533935546875</ele><time>2025-08-22T05:38:01Z</time></trkpt><trkpt lat="23.46654188090817" lon="120.92724502250205"><ele>3006.38720703125</ele><time>2025-08-22T05:38:13Z</time></trkpt><trkpt lat="23.46660146978079" lon="120.9271935798001"><ele>3003.77392578125</ele><time>2025-08-22T05:38:25Z</time></trkpt><trkpt lat="23.466648300866748" lon="120.927164990848"><ele>3001.739501953125</ele><time>2025-08-22T05:38:43Z</time></trkpt><trkpt lat="23.466691773331384" lon="120.92710483780304"><ele>3004.47412109375</ele><time>2025-08-22T05:38:49Z</time></trkpt><trkpt lat="23.466719445044752" lon="120.92705201257127"><ele>3001.446044921875</ele><time>2025-08-22T05:38:55Z</time></trkpt><trkpt lat="23.466741460398936" lon="120.92696054157179"><ele>3000.508056640625</ele><time>2025-08-22T05:39:07Z</time></trkpt><trkpt lat="23.46675864616399" lon="120.92688487607383"><ele>2998.5263671875</ele><time>2025-08-22T05:39:13Z</time></trkpt><trkpt lat="23.46679695843337" lon="120.92681911274944"><ele>2999.23974609375</ele><time>2025-08-22T05:39:19Z</time></trkpt><trkpt lat="23.46682434844934" lon="120.92677185276912"><ele>3001.52001953125</ele><time>2025-08-22T05:39:25Z</time></trkpt><trkpt lat="23.46690267322577" lon="120.92671395234223"><ele>2994.438720703125</ele><time>2025-08-22T05:39:37Z</time></trkpt><trkpt lat="23.466930968031022" lon="120.92669336699085"><ele>2998.01123046875</ele><time>2025-08-22T05:39:49Z</time></trkpt><trkpt lat="23.46699287459806" lon="120.92660940300772"><ele>2999.1474609375</ele><time>2025-08-22T05:39:55Z</time></trkpt><trkpt lat="23.467042034744928" lon="120.92656342943862"><ele>2993.186279296875</ele><time>2025-08-22T05:40:07Z</time></trkpt><trkpt lat="23.467110366866393" lon="120.92654464019485"><ele>2992.813720703125</ele><time>2025-08-22T05:40:13Z</time></trkpt><trkpt lat="23.467188952664916" lon="120.92650497267708"><ele>2995.69384765625</ele><time>2025-08-22T05:40:19Z</time></trkpt><trkpt lat="23.467250050856435" lon="120.92644597202525"><ele>2995.69384765625</ele><time>2025-08-22T05:40:25Z</time></trkpt><trkpt lat="23.467304859074446" lon="120.92640297915052"><ele>2992.681640625</ele><time>2025-08-22T05:40:37Z</time></trkpt><trkpt lat="23.467391797371857" lon="120.92637910930823"><ele>2990.531005859375</ele><time>2025-08-22T05:40:55Z</time></trkpt><trkpt lat="23.467448236019038" lon="120.92640181521345"><ele>2990.678955078125</ele><time>2025-08-22T05:41:13Z</time></trkpt><trkpt lat="23.46747599552917" lon="120.92641210080383"><ele>2990.83740234375</ele><time>2025-08-22T05:41:31Z</time></trkpt><trkpt lat="23.467570604554066" lon="120.92644544814121"><ele>2986.979736328125</ele><time>2025-08-22T05:41:38Z</time></trkpt><trkpt lat="23.46765593096028" lon="120.92643349929796"><ele>2990.322265625</ele><time>2025-08-22T05:41:49Z</time></trkpt><trkpt lat="23.467754337040326" lon="120.92644143423949"><ele>2986.010009765625</ele><time>2025-08-22T05:42:01Z</time></trkpt><trkpt lat="23.46780515896382" lon="120.92646705129319"><ele>2985.581787109375</ele><time>2025-08-22T05:42:14Z</time></trkpt><trkpt lat="23.46785658750147" lon="120.92642305249535"><ele>2985.008544921875</ele><time>2025-08-22T05:42:24Z</time></trkpt><trkpt lat="23.467861831195464" lon="120.92636850421128"><ele>2984.13134765625</ele><time>2025-08-22T05:42:31Z</time></trkpt><trkpt lat="23.46786817330324" lon="120.92630435100116"><ele>2985.09033203125</ele><time>2025-08-22T05:42:37Z</time></trkpt><trkpt lat="23.46790186750434" lon="120.92625093249785"><ele>2986.031005859375</ele><time>2025-08-22T05:42:43Z</time></trkpt><trkpt lat="23.467913789563912" lon="120.92623944718629"><ele>2986.279541015625</ele><time>2025-08-22T05:42:49Z</time></trkpt><trkpt lat="23.467964171895254" lon="120.92617920631344"><ele>2943.17333984375</ele><time>2025-08-22T05:42:57Z</time></trkpt><trkpt lat="23.468020492583705" lon="120.92610486503823"><ele>2950.01953125</ele><time>2025-08-22T05:43:08Z</time></trkpt><trkpt lat="23.468106793377785" lon="120.92607445916634"><ele>2947.942626953125</ele><time>2025-08-22T05:43:19Z</time></trkpt><trkpt lat="23.468159336428496" lon="120.92605595283914"><ele>2948.854248046875</ele><time>2025-08-22T05:43:25Z</time></trkpt><trkpt lat="23.46816662767844" lon="120.92605698761716"><ele>2944.954345703125</ele><time>2025-08-22T05:43:31Z</time></trkpt><trkpt lat="23.468286680574174" lon="120.92599646033405"><ele>2945.74169921875</ele><time>2025-08-22T05:43:43Z</time></trkpt><trkpt lat="23.468352295728803" lon="120.92597821488671"><ele>2947.570068359375</ele><time>2025-08-22T05:43:49Z</time></trkpt><trkpt lat="23.468421817343838" lon="120.9259282885889"><ele>2945.044189453125</ele><time>2025-08-22T05:44:01Z</time></trkpt><trkpt lat="23.468428403893405" lon="120.92589090777791"><ele>2945.358642578125</ele><time>2025-08-22T05:44:07Z</time></trkpt><trkpt lat="23.468446712602503" lon="120.92581240319016"><ele>2945.358642578125</ele><time>2025-08-22T05:44:13Z</time></trkpt><trkpt lat="23.46845526672464" lon="120.92575121822291"><ele>2943.527587890625</ele><time>2025-08-22T05:44:19Z</time></trkpt><trkpt lat="23.468469223387356" lon="120.92564164896727"><ele>2942.108642578125</ele><time>2025-08-22T05:44:31Z</time></trkpt><trkpt lat="23.468485585269267" lon="120.92562086292"><ele>2942.9990234375</ele><time>2025-08-22T05:44:43Z</time></trkpt><trkpt lat="23.46861803839339" lon="120.92557114642008"><ele>2941.123046875</ele><time>2025-08-22T05:44:55Z</time></trkpt><trkpt lat="23.468692601389126" lon="120.92554925231147"><ele>2941.101806640625</ele><time>2025-08-22T05:45:07Z</time></trkpt><trkpt lat="23.46878460847315" lon="120.92552410667028"><ele>2937.600830078125</ele><time>2025-08-22T05:45:18Z</time></trkpt><trkpt lat="23.468832654529137" lon="120.9255082517665"><ele>2939.770263671875</ele><time>2025-08-22T05:45:31Z</time></trkpt><trkpt lat="23.46890180520286" lon="120.92547227348052"><ele>2940.82177734375</ele><time>2025-08-22T05:45:37Z</time></trkpt><trkpt lat="23.4689603069407" lon="120.92544005030605"><ele>2932.326904296875</ele><time>2025-08-22T05:45:43Z</time></trkpt><trkpt lat="23.469012728502175" lon="120.92543201736052"><ele>2936.248046875</ele><time>2025-08-22T05:45:55Z</time></trkpt><trkpt lat="23.46909511808875" lon="120.92541606183096"><ele>2935.701171875</ele><time>2025-08-22T05:46:07Z</time></trkpt><trkpt lat="23.469215842177846" lon="120.92537648102827"><ele>2933.23583984375</ele><time>2025-08-22T05:46:19Z</time></trkpt><trkpt lat="23.469276570367153" lon="120.92537564773411"><ele>2932.942626953125</ele><time>2025-08-22T05:46:24Z</time></trkpt><trkpt lat="23.46934970635795" lon="120.92534140552699"><ele>2932.67822265625</ele><time>2025-08-22T05:46:37Z</time></trkpt><trkpt lat="23.469394563388647" lon="120.92530218272995"><ele>2933.41015625</ele><time>2025-08-22T05:46:43Z</time></trkpt><trkpt lat="23.469417026539613" lon="120.92529819378639"><ele>2931.473388671875</ele><time>2025-08-22T05:46:50Z</time></trkpt><trkpt lat="23.469497742001995" lon="120.925283978035"><ele>2925.6259765625</ele><time>2025-08-22T05:47:01Z</time></trkpt><trkpt lat="23.46953136698816" lon="120.92527259524171"><ele>2928.802001953125</ele><time>2025-08-22T05:47:14Z</time></trkpt><trkpt lat="23.469617364461815" lon="120.92525689761304"><ele>2928.009521484375</ele><time>2025-08-22T05:47:25Z</time></trkpt><trkpt lat="23.46967480105674" lon="120.92518977531098"><ele>2928.63818359375</ele><time>2025-08-22T05:47:49Z</time></trkpt><trkpt lat="23.469719061139667" lon="120.92515652591965"><ele>2926.1650390625</ele><time>2025-08-22T05:48:01Z</time></trkpt><trkpt lat="23.46980199287783" lon="120.92510910951023"><ele>2925.665771484375</ele><time>2025-08-22T05:48:31Z</time></trkpt><trkpt lat="23.469858095055358" lon="120.92508514698034"><ele>2922.1064453125</ele><time>2025-08-22T05:48:43Z</time></trkpt><trkpt lat="23.46994245367169" lon="120.92505223785199"><ele>2927.805908203125</ele><time>2025-08-22T05:48:54Z</time></trkpt><trkpt lat="23.469977289250764" lon="120.92504627883251"><ele>2924.25732421875</ele><time>2025-08-22T05:49:01Z</time></trkpt><trkpt lat="23.470058308154833" lon="120.9250192402757"><ele>2926.854736328125</ele><time>2025-08-22T05:49:13Z</time></trkpt><trkpt lat="23.470181965202666" lon="120.92495827606356"><ele>2919.680908203125</ele><time>2025-08-22T05:49:19Z</time></trkpt><trkpt lat="23.470229545703198" lon="120.92490208718182"><ele>2921.7763671875</ele><time>2025-08-22T05:49:31Z</time></trkpt><trkpt lat="23.47024958126617" lon="120.924872998187"><ele>2917.6357421875</ele><time>2025-08-22T05:49:43Z</time></trkpt><trkpt lat="23.47031233364187" lon="120.92481576410624"><ele>2921.88720703125</ele><time>2025-08-22T05:49:49Z</time></trkpt><trkpt lat="23.470343752370162" lon="120.92479973143354"><ele>2922.65625</ele><time>2025-08-22T05:49:56Z</time></trkpt><trkpt lat="23.470376471820604" lon="120.9247839619394"><ele>2923.205810546875</ele><time>2025-08-22T05:50:01Z</time></trkpt><trkpt lat="23.470430126448466" lon="120.92474970579941"><ele>2922.18310546875</ele><time>2025-08-22T05:50:07Z</time></trkpt><trkpt lat="23.470492040349168" lon="120.92470870283817"><ele>2922.904541015625</ele><time>2025-08-22T05:50:19Z</time></trkpt><trkpt lat="23.47055378083448" lon="120.92467029038298"><ele>2922.24658203125</ele><time>2025-08-22T05:50:25Z</time></trkpt><trkpt lat="23.47060091046699" lon="120.92465655046047"><ele>2917.69921875</ele><time>2025-08-22T05:50:33Z</time></trkpt><trkpt lat="23.470712695874845" lon="120.92466626253218"><ele>2919.070556640625</ele><time>2025-08-22T05:51:01Z</time></trkpt><trkpt lat="23.470749024487503" lon="120.92466622062732"><ele>2916.79833984375</ele><time>2025-08-22T05:51:13Z</time></trkpt><trkpt lat="23.470882950725844" lon="120.92466155293076"><ele>2916.9990234375</ele><time>2025-08-22T05:51:19Z</time></trkpt><trkpt lat="23.47094603007219" lon="120.92462417668635"><ele>2917.91064453125</ele><time>2025-08-22T05:51:31Z</time></trkpt><trkpt lat="23.47099980099223" lon="120.92457413265818"><ele>2915.796875</ele><time>2025-08-22T05:51:43Z</time></trkpt><trkpt lat="23.471005996161402" lon="120.92456130821112"><ele>2911.32861328125</ele><time>2025-08-22T05:51:55Z</time></trkpt><trkpt lat="23.47105865679753" lon="120.92446752392652"><ele>2912.121337890625</ele><time>2025-08-22T05:52:01Z</time></trkpt><trkpt lat="23.47110350875067" lon="120.92439751246769"><ele>2916.98583984375</ele><time>2025-08-22T05:52:13Z</time></trkpt><trkpt lat="23.47117007938777" lon="120.92432966275136"><ele>2913.0224609375</ele><time>2025-08-22T05:52:25Z</time></trkpt><trkpt lat="23.471225888874333" lon="120.92426289267435"><ele>2914.3779296875</ele><time>2025-08-22T05:52:37Z</time></trkpt><trkpt lat="23.471276765728593" lon="120.92418300060307"><ele>2921.229248046875</ele><time>2025-08-22T05:53:01Z</time></trkpt><trkpt lat="23.471270807586883" lon="120.92422538885393"><ele>2920.803955078125</ele><time>2025-08-22T05:55:06Z</time></trkpt><trkpt lat="23.471361081640392" lon="120.92431313804612"><ele>2921.0576171875</ele><time>2025-08-22T05:56:19Z</time></trkpt><trkpt lat="23.471370146874914" lon="120.92432277388451"><ele>2918.972900390625</ele><time>2025-08-22T05:56:25Z</time></trkpt><trkpt lat="23.47140107127081" lon="120.92429148096437"><ele>2919.783935546875</ele><time>2025-08-22T05:56:32Z</time></trkpt><trkpt lat="23.47145321405981" lon="120.92421529966596"><ele>2918.90673828125</ele><time>2025-08-22T05:56:38Z</time></trkpt><trkpt lat="23.471589119874544" lon="120.92407273498405"><ele>2919.27392578125</ele><time>2025-08-22T05:57:02Z</time></trkpt><trkpt lat="23.4716814790869" lon="120.92404926892961"><ele>2917.136474609375</ele><time>2025-08-22T05:57:14Z</time></trkpt><trkpt lat="23.471747932396713" lon="120.9240341833859"><ele>2913.931396484375</ele><time>2025-08-22T05:57:32Z</time></trkpt><trkpt lat="23.47173567875255" lon="120.92401246502291"><ele>2910.6708984375</ele><time>2025-08-22T05:58:05Z</time></trkpt><trkpt lat="23.47169029757818" lon="120.92398047058177"><ele>2908.85302734375</ele><time>2025-08-22T05:58:14Z</time></trkpt><trkpt lat="23.471643469393868" lon="120.9239391639979"><ele>2912.2587890625</ele><time>2025-08-22T05:58:20Z</time></trkpt><trkpt lat="23.47163121901017" lon="120.92392143198023"><ele>2908.985107421875</ele><time>2025-08-22T05:58:27Z</time></trkpt><trkpt lat="23.471614013368495" lon="120.9238670705393"><ele>2908.615234375</ele><time>2025-08-22T05:58:32Z</time></trkpt><trkpt lat="23.471620776401036" lon="120.92378622252225"><ele>2908.92431640625</ele><time>2025-08-22T05:58:41Z</time></trkpt><trkpt lat="23.471652016622574" lon="120.92373095871329"><ele>2907.43408203125</ele><time>2025-08-22T05:58:48Z</time></trkpt><trkpt lat="23.47169026196305" lon="120.92368527802326"><ele>2907.848876953125</ele><time>2025-08-22T05:58:55Z</time></trkpt><trkpt lat="23.471743989014893" lon="120.92366193184424"><ele>2905.3017578125</ele><time>2025-08-22T05:59:06Z</time></trkpt><trkpt lat="23.47176342562218" lon="120.92360475822393"><ele>2905.946533203125</ele><time>2025-08-22T05:59:19Z</time></trkpt><trkpt lat="23.471790917497515" lon="120.92355458110492"><ele>2906.67041015625</ele><time>2025-08-22T05:59:26Z</time></trkpt><trkpt lat="23.471822447950885" lon="120.92348616718542"><ele>2905.37841796875</ele><time>2025-08-22T05:59:44Z</time></trkpt><trkpt lat="23.4718034456961" lon="120.92343156642715"><ele>2903.296142578125</ele><time>2025-08-22T05:59:56Z</time></trkpt><trkpt lat="23.47176291399961" lon="120.92342290346959"><ele>2906.107666015625</ele><time>2025-08-22T06:00:01Z</time></trkpt><trkpt lat="23.47175155283952" lon="120.92343009624969"><ele>2904.56982421875</ele><time>2025-08-22T06:00:10Z</time></trkpt><trkpt lat="23.471669989021457" lon="120.92345542811037"><ele>2906.0732421875</ele><time>2025-08-22T06:00:20Z</time></trkpt><trkpt lat="23.47160060262284" lon="120.92344080687215"><ele>2901.51806640625</ele><time>2025-08-22T06:00:32Z</time></trkpt><trkpt lat="23.471612187281124" lon="120.92335436489901"><ele>2897.876953125</ele><time>2025-08-22T06:00:50Z</time></trkpt><trkpt lat="23.47161603783475" lon="120.92323732477989"><ele>2896.22802734375</ele><time>2025-08-22T06:01:08Z</time></trkpt><trkpt lat="23.471583729561964" lon="120.92316331287273"><ele>2894.116943359375</ele><time>2025-08-22T06:01:14Z</time></trkpt><trkpt lat="23.471569719211438" lon="120.92312079635556"><ele>2890.726806640625</ele><time>2025-08-22T06:01:20Z</time></trkpt><trkpt lat="23.47157619058027" lon="120.92303991274383"><ele>2893.96630859375</ele><time>2025-08-22T06:01:25Z</time></trkpt><trkpt lat="23.471642668515052" lon="120.9229643447071"><ele>2890.269775390625</ele><time>2025-08-22T06:01:38Z</time></trkpt><trkpt lat="23.471715859323105" lon="120.92291407730744"><ele>2893.295166015625</ele><time>2025-08-22T06:01:50Z</time></trkpt><trkpt lat="23.471741304119416" lon="120.92288077941426"><ele>2893.364013671875</ele><time>2025-08-22T06:02:08Z</time></trkpt><trkpt lat="23.471800186517676" lon="120.92281054539335"><ele>2886.253662109375</ele><time>2025-08-22T06:02:19Z</time></trkpt><trkpt lat="23.47183277703628" lon="120.92280533278513"><ele>2885.962890625</ele><time>2025-08-22T06:02:33Z</time></trkpt><trkpt lat="23.471908841807842" lon="120.92283231166992"><ele>2887.61962890625</ele><time>2025-08-22T06:02:50Z</time></trkpt><trkpt lat="23.471962077573508" lon="120.922858808393"><ele>2923.541259765625</ele><time>2025-08-22T06:03:02Z</time></trkpt><trkpt lat="23.471991505015076" lon="120.92286070154994"><ele>2916.166748046875</ele><time>2025-08-22T06:03:59Z</time></trkpt><trkpt lat="23.472016298239016" lon="120.92282413220387"><ele>2917.619873046875</ele><time>2025-08-22T06:04:08Z</time></trkpt><trkpt lat="23.472013182747414" lon="120.9228053060866"><ele>2914.964599609375</ele><time>2025-08-22T06:04:30Z</time></trkpt><trkpt lat="23.472062817863808" lon="120.92271619249215"><ele>2918.748291015625</ele><time>2025-08-22T06:05:08Z</time></trkpt><trkpt lat="23.472092216801794" lon="120.92266405663584"><ele>2916.49169921875</ele><time>2025-08-22T06:05:13Z</time></trkpt><trkpt lat="23.472104494682643" lon="120.92262229508044"><ele>2917.84716796875</ele><time>2025-08-22T06:05:28Z</time></trkpt><trkpt lat="23.472107270595757" lon="120.9225659883064"><ele>2913.688232421875</ele><time>2025-08-22T06:05:33Z</time></trkpt><trkpt lat="23.472100527523395" lon="120.92249690981872"><ele>2917.337158203125</ele><time>2025-08-22T06:05:38Z</time></trkpt><trkpt lat="23.47209909622569" lon="120.92246508875711"><ele>2917.2763671875</ele><time>2025-08-22T06:05:44Z</time></trkpt><trkpt lat="23.472100967454317" lon="120.9224192444275"><ele>2916.911865234375</ele><time>2025-08-22T06:05:47Z</time></trkpt><trkpt lat="23.472101814194357" lon="120.92234216797296"><ele>2914.1162109375</ele><time>2025-08-22T06:05:56Z</time></trkpt><trkpt lat="23.47209702481761" lon="120.92231538420464"><ele>2909.653564453125</ele><time>2025-08-22T06:06:08Z</time></trkpt><trkpt lat="23.472066084182835" lon="120.92218464002667"><ele>2909.71435546875</ele><time>2025-08-22T06:06:14Z</time></trkpt><trkpt lat="23.47206057407613" lon="120.92210969838001"><ele>2909.024658203125</ele><time>2025-08-22T06:06:20Z</time></trkpt><trkpt lat="23.47206133977741" lon="120.92196783293478"><ele>2909.57958984375</ele><time>2025-08-22T06:06:26Z</time></trkpt><trkpt lat="23.472065341914877" lon="120.92185033507234"><ele>2908.69970703125</ele><time>2025-08-22T06:06:32Z</time></trkpt><trkpt lat="23.47203334007638" lon="120.92168559347027"><ele>2907.058837890625</ele><time>2025-08-22T06:06:44Z</time></trkpt><trkpt lat="23.472013804491286" lon="120.92156773441195"><ele>2906.739013671875</ele><time>2025-08-22T06:06:50Z</time></trkpt><trkpt lat="23.47202306931229" lon="120.92154185236463"><ele>2909.037841796875</ele><time>2025-08-22T06:06:58Z</time></trkpt><trkpt lat="23.47203744031119" lon="120.92151069178378"><ele>2908.446044921875</ele><time>2025-08-22T06:07:03Z</time></trkpt><trkpt lat="23.472040211456687" lon="120.92150278045926"><ele>2907.79345703125</ele><time>2025-08-22T06:07:09Z</time></trkpt><trkpt lat="23.472040714853893" lon="120.92145306080319"><ele>2907.52392578125</ele><time>2025-08-22T06:07:12Z</time></trkpt><trkpt lat="23.47205543619163" lon="120.92135760416086"><ele>2909.23876953125</ele><time>2025-08-22T06:07:21Z</time></trkpt><trkpt lat="23.472074662270465" lon="120.92128897074407"><ele>2906.879150390625</ele><time>2025-08-22T06:07:26Z</time></trkpt><trkpt lat="23.472121745655322" lon="120.92118999972126"><ele>2906.398193359375</ele><time>2025-08-22T06:07:45Z</time></trkpt><trkpt lat="23.472094788666357" lon="120.92116250865972"><ele>2906.802490234375</ele><time>2025-08-22T06:07:49Z</time></trkpt><trkpt lat="23.472065853392508" lon="120.92116301695583"><ele>2899.34326171875</ele><time>2025-08-22T06:07:52Z</time></trkpt><trkpt lat="23.472006480311773" lon="120.92118373445756"><ele>2903.610595703125</ele><time>2025-08-22T06:07:56Z</time></trkpt><trkpt lat="23.47192835478006" lon="120.92117890834236"><ele>2902.479736328125</ele><time>2025-08-22T06:08:05Z</time></trkpt><trkpt lat="23.471894446243244" lon="120.9211497320966"><ele>2903.703125</ele><time>2025-08-22T06:08:11Z</time></trkpt><trkpt lat="23.47187121340029" lon="120.9211092062103"><ele>2899.898193359375</ele><time>2025-08-22T06:08:16Z</time></trkpt><trkpt lat="23.4718490829666" lon="120.92105476153588"><ele>2900.931396484375</ele><time>2025-08-22T06:08:20Z</time></trkpt><trkpt lat="23.4718182370181" lon="120.92098384291494"><ele>2897.044677734375</ele><time>2025-08-22T06:08:27Z</time></trkpt><trkpt lat="23.47177584211432" lon="120.92098361118818"><ele>2902.601318359375</ele><time>2025-08-22T06:08:34Z</time></trkpt><trkpt lat="23.47173969050126" lon="120.92100871555981"><ele>2899.177001953125</ele><time>2025-08-22T06:08:39Z</time></trkpt><trkpt lat="23.471714828654687" lon="120.9210539822582"><ele>2896.9072265625</ele><time>2025-08-22T06:08:42Z</time></trkpt><trkpt lat="23.471671666682333" lon="120.92109530955624"><ele>2899.005126953125</ele><time>2025-08-22T06:08:48Z</time></trkpt><trkpt lat="23.47161702560758" lon="120.92107747356668"><ele>2898.310302734375</ele><time>2025-08-22T06:08:58Z</time></trkpt><trkpt lat="23.471563566460254" lon="120.92099937704775"><ele>2896.820068359375</ele><time>2025-08-22T06:09:16Z</time></trkpt><trkpt lat="23.471531310261334" lon="120.92096332454423"><ele>2895.6865234375</ele><time>2025-08-22T06:09:28Z</time></trkpt><trkpt lat="23.471451938075692" lon="120.92090299776807"><ele>2896.521484375</ele><time>2025-08-22T06:09:40Z</time></trkpt><trkpt lat="23.47143867467103" lon="120.92083719002146"><ele>2897.528076171875</ele><time>2025-08-22T06:09:52Z</time></trkpt><trkpt lat="23.471438218875587" lon="120.92083233581224"><ele>2896.98388671875</ele><time>2025-08-22T06:09:59Z</time></trkpt><trkpt lat="23.47143730015682" lon="120.92080800068176"><ele>2897.47265625</ele><time>2025-08-22T06:10:04Z</time></trkpt><trkpt lat="23.471450443902985" lon="120.92078330607164"><ele>2897.483154296875</ele><time>2025-08-22T06:10:07Z</time></trkpt><trkpt lat="23.471507474411617" lon="120.92072008757637"><ele>2898.595703125</ele><time>2025-08-22T06:10:18Z</time></trkpt><trkpt lat="23.47152859985872" lon="120.92066898596542"><ele>2899.338134765625</ele><time>2025-08-22T06:10:24Z</time></trkpt><trkpt lat="23.47157246665355" lon="120.9206476704216"><ele>2899.09228515625</ele><time>2025-08-22T06:10:34Z</time></trkpt><trkpt lat="23.47160040292056" lon="120.92054298920837"><ele>2897.879638671875</ele><time>2025-08-22T06:10:46Z</time></trkpt><trkpt lat="23.471538187927653" lon="120.92049895787522"><ele>2891.8076171875</ele><time>2025-08-22T06:11:16Z</time></trkpt><trkpt lat="23.471489853483533" lon="120.92044994287825"><ele>2892.7060546875</ele><time>2025-08-22T06:11:22Z</time></trkpt><trkpt lat="23.47142825001231" lon="120.92037469380556"><ele>2891.078369140625</ele><time>2025-08-22T06:11:34Z</time></trkpt><trkpt lat="23.47136326412078" lon="120.92035773237092"><ele>2889.743896484375</ele><time>2025-08-22T06:11:40Z</time></trkpt><trkpt lat="23.471289370531043" lon="120.92032894489674"><ele>2888.86669921875</ele><time>2025-08-22T06:11:46Z</time></trkpt><trkpt lat="23.471261459321077" lon="120.92027643712524"><ele>2887.725341796875</ele><time>2025-08-22T06:11:51Z</time></trkpt><trkpt lat="23.471289351606735" lon="120.92018682713753"><ele>2889.71484375</ele><time>2025-08-22T06:12:04Z</time></trkpt><trkpt lat="23.47131418259953" lon="120.92015092093271"><ele>2888.681884765625</ele><time>2025-08-22T06:12:11Z</time></trkpt><trkpt lat="23.471343635556075" lon="120.92012220801726"><ele>2888.908935546875</ele><time>2025-08-22T06:12:16Z</time></trkpt><trkpt lat="23.471423407106585" lon="120.92002185852188"><ele>2890.98046875</ele><time>2025-08-22T06:12:28Z</time></trkpt><trkpt lat="23.47147121874125" lon="120.91995328263349"><ele>2889.960693359375</ele><time>2025-08-22T06:12:34Z</time></trkpt><trkpt lat="23.47149268997108" lon="120.919941516787"><ele>2890.341064453125</ele><time>2025-08-22T06:12:44Z</time></trkpt><trkpt lat="23.471563310955826" lon="120.91987693393827"><ele>2861.6513671875</ele><time>2025-08-22T06:12:58Z</time></trkpt><trkpt lat="23.471575034909268" lon="120.91983762418889"><ele>2863.47705078125</ele><time>2025-08-22T06:13:10Z</time></trkpt><trkpt lat="23.471587878401948" lon="120.91975980206351"><ele>2866.143310546875</ele><time>2025-08-22T06:13:17Z</time></trkpt><trkpt lat="23.47160801995013" lon="120.91969117563255"><ele>2863.955322265625</ele><time>2025-08-22T06:13:28Z</time></trkpt><trkpt lat="23.47163991027129" lon="120.91959247418755"><ele>2865.81298828125</ele><time>2025-08-22T06:13:40Z</time></trkpt><trkpt lat="23.471692850284082" lon="120.91950580906895"><ele>2865.76806640625</ele><time>2025-08-22T06:13:52Z</time></trkpt><trkpt lat="23.47173130709191" lon="120.91944040756518"><ele>2866.568603515625</ele><time>2025-08-22T06:14:04Z</time></trkpt><trkpt lat="23.471737642410133" lon="120.91942154404191"><ele>2866.814453125</ele><time>2025-08-22T06:14:16Z</time></trkpt><trkpt lat="23.471677525835606" lon="120.9193500993617"><ele>2865.2685546875</ele><time>2025-08-22T06:15:29Z</time></trkpt><trkpt lat="23.471704794175725" lon="120.91920322653677"><ele>2865.83935546875</ele><time>2025-08-22T06:15:40Z</time></trkpt><trkpt lat="23.47173955498111" lon="120.91923156140739"><ele>2865.86572265625</ele><time>2025-08-22T06:15:58Z</time></trkpt><trkpt lat="23.471705161539056" lon="120.91923067046451"><ele>2866.06396484375</ele><time>2025-08-22T06:16:16Z</time></trkpt><trkpt lat="23.471704400253714" lon="120.91923047603086"><ele>2866.560791015625</ele><time>2025-08-22T06:16:26Z</time></trkpt><trkpt lat="23.471577533706537" lon="120.91916348846613"><ele>2867.744384765625</ele><time>2025-08-22T06:17:05Z</time></trkpt><trkpt lat="23.471574758597686" lon="120.91912212292111"><ele>2868.695556640625</ele><time>2025-08-22T06:17:10Z</time></trkpt><trkpt lat="23.47158098391105" lon="120.91907262639886"><ele>2865.8447265625</ele><time>2025-08-22T06:17:15Z</time></trkpt><trkpt lat="23.47158936698568" lon="120.91901495103133"><ele>2870.24658203125</ele><time>2025-08-22T06:17:21Z</time></trkpt><trkpt lat="23.471608100025485" lon="120.91895419288444"><ele>2869.2109375</ele><time>2025-08-22T06:17:29Z</time></trkpt><trkpt lat="23.471598540607882" lon="120.91889649993469"><ele>2867.37451171875</ele><time>2025-08-22T06:17:37Z</time></trkpt><trkpt lat="23.4715638652869" lon="120.91885562868697"><ele>2867.6943359375</ele><time>2025-08-22T06:17:45Z</time></trkpt><trkpt lat="23.47152397511256" lon="120.91881955745617"><ele>2869.181884765625</ele><time>2025-08-22T06:17:51Z</time></trkpt><trkpt lat="23.471478125525007" lon="120.9187903447937"><ele>2866.061279296875</ele><time>2025-08-22T06:18:00Z</time></trkpt><trkpt lat="23.471427904434524" lon="120.91875310456494"><ele>2865.9794921875</ele><time>2025-08-22T06:18:08Z</time></trkpt><trkpt lat="23.471383779958433" lon="120.91871608994744"><ele>2866.095703125</ele><time>2025-08-22T06:18:14Z</time></trkpt><trkpt lat="23.47133092087172" lon="120.91867581249406"><ele>2870.9072265625</ele><time>2025-08-22T06:18:25Z</time></trkpt><trkpt lat="23.471270049485298" lon="120.91867140087787"><ele>2869.163330078125</ele><time>2025-08-22T06:18:35Z</time></trkpt><trkpt lat="23.47119621840213" lon="120.91868830755597"><ele>2867.7998046875</ele><time>2025-08-22T06:18:47Z</time></trkpt><trkpt lat="23.47110717892885" lon="120.91869209997289"><ele>2868.663818359375</ele><time>2025-08-22T06:18:59Z</time></trkpt><trkpt lat="23.471020804258547" lon="120.918700891403"><ele>2868.508056640625</ele><time>2025-08-22T06:19:11Z</time></trkpt><trkpt lat="23.47094808449563" lon="120.9186648101291"><ele>2867.673095703125</ele><time>2025-08-22T06:19:23Z</time></trkpt><trkpt lat="23.470828625370665" lon="120.91859495208173"><ele>2868.41015625</ele><time>2025-08-22T06:19:35Z</time></trkpt><trkpt lat="23.470793831470996" lon="120.9185613230973"><ele>2866.58447265625</ele><time>2025-08-22T06:19:43Z</time></trkpt><trkpt lat="23.47076541157578" lon="120.91853887913157"><ele>2868.177734375</ele><time>2025-08-22T06:19:48Z</time></trkpt><trkpt lat="23.47070591877395" lon="120.91848416830258"><ele>2867.6123046875</ele><time>2025-08-22T06:19:59Z</time></trkpt><trkpt lat="23.470626161063812" lon="120.9183910532874"><ele>2866.31494140625</ele><time>2025-08-22T06:20:05Z</time></trkpt><trkpt lat="23.47061615669154" lon="120.91836384686067"><ele>2868.14599609375</ele><time>2025-08-22T06:20:13Z</time></trkpt><trkpt lat="23.470586555819292" lon="120.91830350847587"><ele>2870.64306640625</ele><time>2025-08-22T06:20:17Z</time></trkpt><trkpt lat="23.470566934325" lon="120.91822581343774"><ele>2869.575439453125</ele><time>2025-08-22T06:20:24Z</time></trkpt><trkpt lat="23.470559612178423" lon="120.91815752819862"><ele>2866.89892578125</ele><time>2025-08-22T06:20:34Z</time></trkpt><trkpt lat="23.470601414698063" lon="120.91807642652569"><ele>2865.873779296875</ele><time>2025-08-22T06:20:47Z</time></trkpt><trkpt lat="23.470604434082645" lon="120.91794831221505"><ele>2868.489501953125</ele><time>2025-08-22T06:20:59Z</time></trkpt><trkpt lat="23.470564806797984" lon="120.91784953140751"><ele>2864.07421875</ele><time>2025-08-22T06:21:11Z</time></trkpt><trkpt lat="23.470555246664613" lon="120.91779023488837"><ele>2866.618896484375</ele><time>2025-08-22T06:21:17Z</time></trkpt><trkpt lat="23.470556143496534" lon="120.91776944981115"><ele>2867.897705078125</ele><time>2025-08-22T06:21:23Z</time></trkpt><trkpt lat="23.47056759802339" lon="120.91769530319301"><ele>2864.634521484375</ele><time>2025-08-22T06:21:29Z</time></trkpt><trkpt lat="23.4705979137804" lon="120.91763129655578"><ele>2864.179931640625</ele><time>2025-08-22T06:21:35Z</time></trkpt><trkpt lat="23.47065197228509" lon="120.91758016524963"><ele>2865.58837890625</ele><time>2025-08-22T06:21:41Z</time></trkpt><trkpt lat="23.47070329414204" lon="120.91753284195163"><ele>2865.58837890625</ele><time>2025-08-22T06:21:47Z</time></trkpt><trkpt lat="23.470727369020604" lon="120.91749617696541"><ele>2863.83642578125</ele><time>2025-08-22T06:21:53Z</time></trkpt><trkpt lat="23.470776802810118" lon="120.91742470928908"><ele>2866.439208984375</ele><time>2025-08-22T06:22:05Z</time></trkpt><trkpt lat="23.47082984528022" lon="120.9173330184797"><ele>2864.3251953125</ele><time>2025-08-22T06:22:17Z</time></trkpt><trkpt lat="23.47083836614335" lon="120.91731252478321"><ele>2864.07958984375</ele><time>2025-08-22T06:22:23Z</time></trkpt><trkpt lat="23.47087965882374" lon="120.91717190531854"><ele>2864.93310546875</ele><time>2025-08-22T06:22:35Z</time></trkpt><trkpt lat="23.47083110054979" lon="120.9170969793486"><ele>2864.935791015625</ele><time>2025-08-22T06:22:47Z</time></trkpt><trkpt lat="23.470778658120913" lon="120.91704748673955"><ele>2864.018798828125</ele><time>2025-08-22T06:22:59Z</time></trkpt><trkpt lat="23.470744922639046" lon="120.91699184207963"><ele>2865.1259765625</ele><time>2025-08-22T06:23:11Z</time></trkpt><trkpt lat="23.470699868093632" lon="120.91692252126828"><ele>2865.649169921875</ele><time>2025-08-22T06:23:23Z</time></trkpt><trkpt lat="23.47070207081932" lon="120.91689190777458"><ele>2863.041259765625</ele><time>2025-08-22T06:23:41Z</time></trkpt><trkpt lat="23.470750275235464" lon="120.91676758602209"><ele>2864.145751953125</ele><time>2025-08-22T06:23:59Z</time></trkpt><trkpt lat="23.47080003918745" lon="120.91664542348482"><ele>2864.0849609375</ele><time>2025-08-22T06:24:11Z</time></trkpt><trkpt lat="23.470831046511986" lon="120.91659694134121"><ele>2867.609619140625</ele><time>2025-08-22T06:24:17Z</time></trkpt><trkpt lat="23.470847651794717" lon="120.91651691751726"><ele>2866.074462890625</ele><time>2025-08-22T06:24:29Z</time></trkpt><trkpt lat="23.47085443813129" lon="120.91648768619038"><ele>2867.908203125</ele><time>2025-08-22T06:24:35Z</time></trkpt><trkpt lat="23.470878989871043" lon="120.91638772059724"><ele>2867.73388671875</ele><time>2025-08-22T06:24:41Z</time></trkpt><trkpt lat="23.470936204552125" lon="120.91631410528659"><ele>2864.837890625</ele><time>2025-08-22T06:24:53Z</time></trkpt><trkpt lat="23.470963884852974" lon="120.91628729286934"><ele>2864.801025390625</ele><time>2025-08-22T06:25:05Z</time></trkpt><trkpt lat="23.47102995675615" lon="120.91617796700683"><ele>2865.85791015625</ele><time>2025-08-22T06:25:11Z</time></trkpt><trkpt lat="23.47106958145455" lon="120.91613416109864"><ele>2864.26708984375</ele><time>2025-08-22T06:25:23Z</time></trkpt><trkpt lat="23.471174570143273" lon="120.9160779707676"><ele>2861.730712890625</ele><time>2025-08-22T06:25:35Z</time></trkpt><trkpt lat="23.471227050933962" lon="120.91605797978306"><ele>2858.668212890625</ele><time>2025-08-22T06:25:41Z</time></trkpt><trkpt lat="23.4713050034475" lon="120.91601640976775"><ele>2860.73974609375</ele><time>2025-08-22T06:25:53Z</time></trkpt><trkpt lat="23.471349796916364" lon="120.91598864598501"><ele>2862.084716796875</ele><time>2025-08-22T06:25:59Z</time></trkpt><trkpt lat="23.471369748226486" lon="120.9158908625678"><ele>2862.227294921875</ele><time>2025-08-22T06:26:17Z</time></trkpt><trkpt lat="23.4713657120199" lon="120.9158107754841"><ele>2857.030029296875</ele><time>2025-08-22T06:26:23Z</time></trkpt><trkpt lat="23.471363617277827" lon="120.91574535961014"><ele>2859.125244140625</ele><time>2025-08-22T06:26:29Z</time></trkpt><trkpt lat="23.471362870555208" lon="120.91572252833943"><ele>2857.878173828125</ele><time>2025-08-22T06:26:41Z</time></trkpt><trkpt lat="23.471347028090904" lon="120.9155899552113"><ele>2857.878173828125</ele><time>2025-08-22T06:26:47Z</time></trkpt><trkpt lat="23.471334349855482" lon="120.91552177156385"><ele>2855.957275390625</ele><time>2025-08-22T06:26:59Z</time></trkpt><trkpt lat="23.47129637646043" lon="120.91541614870057"><ele>2857.468505859375</ele><time>2025-08-22T06:27:17Z</time></trkpt><trkpt lat="23.47128116522756" lon="120.91536626171988"><ele>2855.502685546875</ele><time>2025-08-22T06:27:29Z</time></trkpt><trkpt lat="23.471237192810662" lon="120.91529728319723"><ele>2854.92138671875</ele><time>2025-08-22T06:27:47Z</time></trkpt><trkpt lat="23.471222979815987" lon="120.91520825090846"><ele>2855.81201171875</ele><time>2025-08-22T06:27:59Z</time></trkpt><trkpt lat="23.471233749031935" lon="120.91513182807157"><ele>2855.278076171875</ele><time>2025-08-22T06:28:11Z</time></trkpt><trkpt lat="23.471207239143713" lon="120.91510223100552"><ele>2851.372802734375</ele><time>2025-08-22T06:28:35Z</time></trkpt><trkpt lat="23.47116530647321" lon="120.91510531341127"><ele>2851.3173828125</ele><time>2025-08-22T06:28:42Z</time></trkpt><trkpt lat="23.471120938048" lon="120.91511427177635"><ele>2853.2490234375</ele><time>2025-08-22T06:28:48Z</time></trkpt><trkpt lat="23.471065075363718" lon="120.91507718014897"><ele>2854.012451171875</ele><time>2025-08-22T06:28:58Z</time></trkpt><trkpt lat="23.47103245374069" lon="120.91504086427264"><ele>2850.672607421875</ele><time>2025-08-22T06:29:04Z</time></trkpt><trkpt lat="23.471001891942766" lon="120.91499822077785"><ele>2853.079833984375</ele><time>2025-08-22T06:29:10Z</time></trkpt><trkpt lat="23.47096922298116" lon="120.91495766439633"><ele>2853.31494140625</ele><time>2025-08-22T06:29:14Z</time></trkpt><trkpt lat="23.47089954444893" lon="120.9148864416076"><ele>2852.527587890625</ele><time>2025-08-22T06:29:23Z</time></trkpt><trkpt lat="23.470890865305808" lon="120.91479026701096"><ele>2851.055908203125</ele><time>2025-08-22T06:29:35Z</time></trkpt><trkpt lat="23.47091584737675" lon="120.9147415976518"><ele>2853.875244140625</ele><time>2025-08-22T06:29:41Z</time></trkpt><trkpt lat="23.47094519448836" lon="120.91467600401172"><ele>2854.271484375</ele><time>2025-08-22T06:29:47Z</time></trkpt><trkpt lat="23.47090157740069" lon="120.91462665249966"><ele>2853.76953125</ele><time>2025-08-22T06:29:59Z</time></trkpt><trkpt lat="23.470845137741037" lon="120.91463320289745"><ele>2853.76953125</ele><time>2025-08-22T06:30:05Z</time></trkpt><trkpt lat="23.47077372245048" lon="120.91459309216364"><ele>2853.594970703125</ele><time>2025-08-22T06:30:17Z</time></trkpt><trkpt lat="23.470679966052515" lon="120.91456957652647"><ele>2855.7802734375</ele><time>2025-08-22T06:30:29Z</time></trkpt><trkpt lat="23.470626234080036" lon="120.91455767603314"><ele>2854.57275390625</ele><time>2025-08-22T06:30:35Z</time></trkpt><trkpt lat="23.470528113629605" lon="120.9145043030017"><ele>2853.6611328125</ele><time>2025-08-22T06:30:53Z</time></trkpt><trkpt lat="23.4704896999918" lon="120.91443147892026"><ele>2854.583251953125</ele><time>2025-08-22T06:31:05Z</time></trkpt><trkpt lat="23.47047452226967" lon="120.91432590624461"><ele>2851.930419921875</ele><time>2025-08-22T06:31:41Z</time></trkpt><trkpt lat="23.47047575018942" lon="120.91419372641028"><ele>2849.150634765625</ele><time>2025-08-22T06:31:53Z</time></trkpt><trkpt lat="23.470480489310063" lon="120.91412411464776"><ele>2843.657470703125</ele><time>2025-08-22T06:31:59Z</time></trkpt><trkpt lat="23.470477243535942" lon="120.91406938485083"><ele>2843.850341796875</ele><time>2025-08-22T06:32:11Z</time></trkpt><trkpt lat="23.470477295366003" lon="120.9139180320789"><ele>2842.920166015625</ele><time>2025-08-22T06:32:23Z</time></trkpt><trkpt lat="23.47044487885637" lon="120.91385750429018"><ele>2842.49755859375</ele><time>2025-08-22T06:32:41Z</time></trkpt><trkpt lat="23.47047103964908" lon="120.91380131636865"><ele>2840.605712890625</ele><time>2025-08-22T06:32:53Z</time></trkpt><trkpt lat="23.470524875055062" lon="120.91379548574747"><ele>2833.260009765625</ele><time>2025-08-22T06:33:05Z</time></trkpt><trkpt lat="23.47061393742769" lon="120.9138056165176"><ele>2831.880859375</ele><time>2025-08-22T06:33:23Z</time></trkpt><trkpt lat="23.470758021386548" lon="120.91377347450045"><ele>2833.00634765625</ele><time>2025-08-22T06:33:35Z</time></trkpt><trkpt lat="23.47081570628076" lon="120.91371456174262"><ele>2828.718017578125</ele><time>2025-08-22T06:33:53Z</time></trkpt><trkpt lat="23.470824786497722" lon="120.91368895785446"><ele>2828.691650390625</ele><time>2025-08-22T06:34:05Z</time></trkpt><trkpt lat="23.470859536722298" lon="120.91356569730038"><ele>2828.075927734375</ele><time>2025-08-22T06:34:11Z</time></trkpt><trkpt lat="23.470862567682705" lon="120.91352983153098"><ele>2826.945068359375</ele><time>2025-08-22T06:34:17Z</time></trkpt><trkpt lat="23.470857931418227" lon="120.91347074899505"><ele>2832.41455078125</ele><time>2025-08-22T06:34:23Z</time></trkpt><trkpt lat="23.47092141998953" lon="120.91337906384494"><ele>2828.089111328125</ele><time>2025-08-22T06:34:29Z</time></trkpt><trkpt lat="23.47094882732357" lon="120.91332923221863"><ele>2827.96240234375</ele><time>2025-08-22T06:34:36Z</time></trkpt><trkpt lat="23.470957406413337" lon="120.91330404933697"><ele>2827.09033203125</ele><time>2025-08-22T06:34:42Z</time></trkpt><trkpt lat="23.47097084101689" lon="120.91323803535265"><ele>2825.64501953125</ele><time>2025-08-22T06:34:47Z</time></trkpt><trkpt lat="23.470957475217624" lon="120.91310295589176"><ele>2826.1787109375</ele><time>2025-08-22T06:35:05Z</time></trkpt><trkpt lat="23.47094967616789" lon="120.91308563043266"><ele>2827.074462890625</ele><time>2025-08-22T06:35:11Z</time></trkpt><trkpt lat="23.470958444848485" lon="120.91298976274904"><ele>2826.6015625</ele><time>2025-08-22T06:35:29Z</time></trkpt><trkpt lat="23.471051711647487" lon="120.91293328606217"><ele>2823.81396484375</ele><time>2025-08-22T06:35:47Z</time></trkpt><trkpt lat="23.47109181592874" lon="120.9128854318276"><ele>2823.444091796875</ele><time>2025-08-22T06:35:53Z</time></trkpt><trkpt lat="23.47114374536454" lon="120.9127836474271"><ele>2825.76123046875</ele><time>2025-08-22T06:36:05Z</time></trkpt><trkpt lat="23.471152551913004" lon="120.91269884102894"><ele>2823.171875</ele><time>2025-08-22T06:36:17Z</time></trkpt><trkpt lat="23.471142844175397" lon="120.91265468101643"><ele>2822.482177734375</ele><time>2025-08-22T06:36:28Z</time></trkpt><trkpt lat="23.471136728485266" lon="120.91255094866571"><ele>2823.029296875</ele><time>2025-08-22T06:36:35Z</time></trkpt><trkpt lat="23.471171800372083" lon="120.91247275498912"><ele>2823.5576171875</ele><time>2025-08-22T06:36:47Z</time></trkpt><trkpt lat="23.471204257085077" lon="120.9124255595"><ele>2824.654296875</ele><time>2025-08-22T06:37:05Z</time></trkpt><trkpt lat="23.471245072779862" lon="120.91239038584376"><ele>2822.199462890625</ele><time>2025-08-22T06:37:23Z</time></trkpt><trkpt lat="23.471246668176455" lon="120.91233039715699"><ele>2820.78857421875</ele><time>2025-08-22T06:37:35Z</time></trkpt><trkpt lat="23.47123888442093" lon="120.91226014026608"><ele>2820.616943359375</ele><time>2025-08-22T06:37:41Z</time></trkpt><trkpt lat="23.471250775772805" lon="120.91214983258611"><ele>2818.5927734375</ele><time>2025-08-22T06:37:53Z</time></trkpt><trkpt lat="23.471190563547953" lon="120.91208739467889"><ele>2817.92431640625</ele><time>2025-08-22T06:38:05Z</time></trkpt><trkpt lat="23.471102883620837" lon="120.91204719050369"><ele>2819.430419921875</ele><time>2025-08-22T06:38:17Z</time></trkpt><trkpt lat="23.471064559387646" lon="120.91198338326383"><ele>2815.319091796875</ele><time>2025-08-22T06:38:35Z</time></trkpt><trkpt lat="23.471084823471042" lon="120.91191616393952"><ele>2816.354736328125</ele><time>2025-08-22T06:38:47Z</time></trkpt><trkpt lat="23.47109170765244" lon="120.91190960053481"><ele>2815.9453125</ele><time>2025-08-22T06:38:53Z</time></trkpt><trkpt lat="23.471164924973788" lon="120.91184313810398"><ele>2814.37841796875</ele><time>2025-08-22T06:38:59Z</time></trkpt><trkpt lat="23.47116992849123" lon="120.91180333908866"><ele>2814.381103515625</ele><time>2025-08-22T06:39:05Z</time></trkpt><trkpt lat="23.47120564648499" lon="120.91167247914211"><ele>2812.89599609375</ele><time>2025-08-22T06:39:11Z</time></trkpt><trkpt lat="23.47125390884626" lon="120.91162095986849"><ele>2812.89599609375</ele><time>2025-08-22T06:39:17Z</time></trkpt><trkpt lat="23.471308338221494" lon="120.91159298763105"><ele>2813.60693359375</ele><time>2025-08-22T06:39:29Z</time></trkpt><trkpt lat="23.471367912710985" lon="120.9115326380458"><ele>2813.258056640625</ele><time>2025-08-22T06:39:41Z</time></trkpt><trkpt lat="23.471387677217276" lon="120.91148104804199"><ele>2812.568359375</ele><time>2025-08-22T06:39:47Z</time></trkpt><trkpt lat="23.471401002290808" lon="120.91138568995888"><ele>2810.322509765625</ele><time>2025-08-22T06:39:59Z</time></trkpt><trkpt lat="23.471390612621864" lon="120.91129857530699"><ele>2809.537841796875</ele><time>2025-08-22T06:40:11Z</time></trkpt><trkpt lat="23.471390267004924" lon="120.91123426740434"><ele>2808.755615234375</ele><time>2025-08-22T06:40:23Z</time></trkpt><trkpt lat="23.471417496567696" lon="120.91116624227377"><ele>2808.755615234375</ele><time>2025-08-22T06:40:29Z</time></trkpt><trkpt lat="23.471443941985736" lon="120.91107168013549"><ele>2807.0751953125</ele><time>2025-08-22T06:40:47Z</time></trkpt><trkpt lat="23.47144883622214" lon="120.91105606953936"><ele>2804.90576171875</ele><time>2025-08-22T06:40:59Z</time></trkpt><trkpt lat="23.47146575074554" lon="120.91100143617193"><ele>2805.71435546875</ele><time>2025-08-22T06:41:01Z</time></trkpt><trkpt lat="23.471506239639144" lon="120.91090057539023"><ele>2804.380126953125</ele><time>2025-08-22T06:41:07Z</time></trkpt><trkpt lat="23.471555027472757" lon="120.9108304420062"><ele>2804.9560546875</ele><time>2025-08-22T06:41:15Z</time></trkpt><trkpt lat="23.47160215332913" lon="120.91079119672638"><ele>2805.791015625</ele><time>2025-08-22T06:41:21Z</time></trkpt><trkpt lat="23.471641149677577" lon="120.91075094232043"><ele>2806.604736328125</ele><time>2025-08-22T06:41:27Z</time></trkpt><trkpt lat="23.471676126928365" lon="120.91071029477217"><ele>2805.838623046875</ele><time>2025-08-22T06:41:32Z</time></trkpt><trkpt lat="23.471716256609604" lon="120.91066825780197"><ele>2806.3564453125</ele><time>2025-08-22T06:41:38Z</time></trkpt><trkpt lat="23.471765278716553" lon="120.91063582893025"><ele>2805.84130859375</ele><time>2025-08-22T06:41:43Z</time></trkpt><trkpt lat="23.471820305363135" lon="120.91060863353023"><ele>2806.3037109375</ele><time>2025-08-22T06:41:49Z</time></trkpt><trkpt lat="23.47187498062034" lon="120.91057888983546"><ele>2807.783203125</ele><time>2025-08-22T06:41:56Z</time></trkpt><trkpt lat="23.47192463034937" lon="120.910581787178"><ele>2802.5595703125</ele><time>2025-08-22T06:42:02Z</time></trkpt><trkpt lat="23.471982420127063" lon="120.91057949979027"><ele>2805.923095703125</ele><time>2025-08-22T06:42:10Z</time></trkpt><trkpt lat="23.472033423322678" lon="120.910550442712"><ele>2800.001708984375</ele><time>2025-08-22T06:42:16Z</time></trkpt><trkpt lat="23.472106833874875" lon="120.91051605770616"><ele>2799.7216796875</ele><time>2025-08-22T06:42:47Z</time></trkpt><trkpt lat="23.472116889402457" lon="120.91051960694647"><ele>2798.297607421875</ele><time>2025-08-22T06:42:54Z</time></trkpt><trkpt lat="23.472250138853838" lon="120.91052574649946"><ele>2798.728271484375</ele><time>2025-08-22T06:46:11Z</time></trkpt><trkpt lat="23.4723022340831" lon="120.91052006352551"><ele>2799.224853515625</ele><time>2025-08-22T06:46:23Z</time></trkpt><trkpt lat="23.472363601348615" lon="120.91050330602336"><ele>2796.897216796875</ele><time>2025-08-22T06:46:41Z</time></trkpt><trkpt lat="23.47243391656058" lon="120.91043887266252"><ele>2795.446533203125</ele><time>2025-08-22T06:46:53Z</time></trkpt><trkpt lat="23.472454261340562" lon="120.91038353057371"><ele>2794.45556640625</ele><time>2025-08-22T06:46:59Z</time></trkpt><trkpt lat="23.472492132161975" lon="120.91030916443675"><ele>2795.517822265625</ele><time>2025-08-22T06:47:11Z</time></trkpt><trkpt lat="23.47250347689957" lon="120.91029273772236"><ele>2794.606201171875</ele><time>2025-08-22T06:47:23Z</time></trkpt><trkpt lat="23.472583949315435" lon="120.9101783094772"><ele>2793.3935546875</ele><time>2025-08-22T06:47:29Z</time></trkpt><trkpt lat="23.472616576652445" lon="120.91011651427371"><ele>2794.540283203125</ele><time>2025-08-22T06:47:41Z</time></trkpt><trkpt lat="23.47264046025035" lon="120.91003146925979"><ele>2794.540283203125</ele><time>2025-08-22T06:47:47Z</time></trkpt><trkpt lat="23.472643615900477" lon="120.9100178239723"><ele>2793.602294921875</ele><time>2025-08-22T06:47:53Z</time></trkpt><trkpt lat="23.472668955207315" lon="120.90989661244564"><ele>2793.179443359375</ele><time>2025-08-22T06:47:59Z</time></trkpt><trkpt lat="23.47268544449129" lon="120.90986244132499"><ele>2796.265625</ele><time>2025-08-22T06:48:17Z</time></trkpt><trkpt lat="23.472765695874685" lon="120.90973894968891"><ele>2794.73046875</ele><time>2025-08-22T06:48:35Z</time></trkpt><trkpt lat="23.472803173310695" lon="120.90969047070688"><ele>2795.25634765625</ele><time>2025-08-22T06:48:41Z</time></trkpt><trkpt lat="23.47281149442399" lon="120.90964629318084"><ele>2794.836181640625</ele><time>2025-08-22T06:48:47Z</time></trkpt><trkpt lat="23.47282820481201" lon="120.90946873846038"><ele>2794.836181640625</ele><time>2025-08-22T06:48:53Z</time></trkpt><trkpt lat="23.472818710750147" lon="120.90935436526502"><ele>2794.669677734375</ele><time>2025-08-22T06:48:59Z</time></trkpt><trkpt lat="23.472861495847724" lon="120.90928065348899"><ele>2797.182373046875</ele><time>2025-08-22T06:49:11Z</time></trkpt><trkpt lat="23.472904090049525" lon="120.90919550864218"><ele>2797.045166015625</ele><time>2025-08-22T06:49:29Z</time></trkpt><trkpt lat="23.472969743960366" lon="120.90910783989408"><ele>2797.4677734375</ele><time>2025-08-22T06:49:41Z</time></trkpt><trkpt lat="23.473007335858252" lon="120.90902605723808"><ele>2798.73876953125</ele><time>2025-08-22T06:49:53Z</time></trkpt><trkpt lat="23.47304161358099" lon="120.9089823237835"><ele>2800.237060546875</ele><time>2025-08-22T06:50:05Z</time></trkpt><trkpt lat="23.473119826614322" lon="120.90890287859163"><ele>2800.99267578125</ele><time>2025-08-22T06:50:17Z</time></trkpt><trkpt lat="23.47315495574546" lon="120.90886018207269"><ele>2800.5751953125</ele><time>2025-08-22T06:50:23Z</time></trkpt><trkpt lat="23.4731892106102" lon="120.90880043676871"><ele>2800.982177734375</ele><time>2025-08-22T06:50:35Z</time></trkpt><trkpt lat="23.47321694584232" lon="120.9087536791488"><ele>2803.86474609375</ele><time>2025-08-22T06:50:41Z</time></trkpt><trkpt lat="23.473256541793756" lon="120.90869050896372"><ele>2803.88330078125</ele><time>2025-08-22T06:50:53Z</time></trkpt><trkpt lat="23.473270451212276" lon="120.90863501639869"><ele>2804.631103515625</ele><time>2025-08-22T06:50:59Z</time></trkpt><trkpt lat="23.473303639148067" lon="120.90857753708508"><ele>2806.950927734375</ele><time>2025-08-22T06:51:12Z</time></trkpt><trkpt lat="23.473318047805233" lon="120.90852053451616"><ele>2808.338134765625</ele><time>2025-08-22T06:51:29Z</time></trkpt><trkpt lat="23.473321162166606" lon="120.90845214778334"><ele>2809.00146484375</ele><time>2025-08-22T06:51:41Z</time></trkpt><trkpt lat="23.473332622758956" lon="120.90833052740139"><ele>2809.775634765625</ele><time>2025-08-22T06:51:53Z</time></trkpt><trkpt lat="23.47334757067207" lon="120.90826456950734"><ele>2811.342529296875</ele><time>2025-08-22T06:51:59Z</time></trkpt><trkpt lat="23.47336082919226" lon="120.90816491046066"><ele>2813.577880859375</ele><time>2025-08-22T06:52:17Z</time></trkpt><trkpt lat="23.473346545150598" lon="120.90810919921744"><ele>2813.1787109375</ele><time>2025-08-22T06:52:29Z</time></trkpt><trkpt lat="23.473352365005518" lon="120.90801856149234"><ele>2812.230224609375</ele><time>2025-08-22T06:52:47Z</time></trkpt><trkpt lat="23.47337719593403" lon="120.90798465529917"><ele>2825.890869140625</ele><time>2025-08-22T06:53:08Z</time></trkpt><trkpt lat="23.47340249966331" lon="120.90796246860201"><ele>2822.815185546875</ele><time>2025-08-22T06:53:11Z</time></trkpt><trkpt lat="23.4734399382504" lon="120.90787124204945"><ele>2824.934326171875</ele><time>2025-08-22T06:53:23Z</time></trkpt><trkpt lat="23.473482717408224" lon="120.90778344560111"><ele>2820.29443359375</ele><time>2025-08-22T06:53:35Z</time></trkpt><trkpt lat="23.47349578429726" lon="120.90772601945314"><ele>2820.08837890625</ele><time>2025-08-22T06:53:41Z</time></trkpt><trkpt lat="23.47347421716966" lon="120.90766155710912"><ele>2816.4130859375</ele><time>2025-08-22T06:54:26Z</time></trkpt><trkpt lat="23.473440982334132" lon="120.90763159542125"><ele>2813.0888671875</ele><time>2025-08-22T06:54:32Z</time></trkpt><trkpt lat="23.4734093736389" lon="120.90756165094359"><ele>2810.822021484375</ele><time>2025-08-22T06:54:50Z</time></trkpt><trkpt lat="23.47328307800999" lon="120.90754368847286"><ele>2806.83203125</ele><time>2025-08-22T06:55:20Z</time></trkpt><trkpt lat="23.473264212800583" lon="120.90750689005519"><ele>2802.673095703125</ele><time>2025-08-22T06:55:38Z</time></trkpt><trkpt lat="23.473258494688725" lon="120.90748201536962"><ele>2801.373046875</ele><time>2025-08-22T06:56:02Z</time></trkpt><trkpt lat="23.473289970007606" lon="120.90731222916916"><ele>2796.487548828125</ele><time>2025-08-22T06:56:14Z</time></trkpt><trkpt lat="23.47333265572306" lon="120.90728794632736"><ele>2799.703125</ele><time>2025-08-22T06:56:20Z</time></trkpt><trkpt lat="23.47338013769326" lon="120.90727550701715"><ele>2797.52587890625</ele><time>2025-08-22T06:56:26Z</time></trkpt><trkpt lat="23.473449675775534" lon="120.90725797010185"><ele>2794.709228515625</ele><time>2025-08-22T06:56:32Z</time></trkpt><trkpt lat="23.47350485220318" lon="120.90723914555784"><ele>2795.84033203125</ele><time>2025-08-22T06:56:38Z</time></trkpt><trkpt lat="23.473528869134473" lon="120.90722390087508"><ele>2796.152099609375</ele><time>2025-08-22T06:56:50Z</time></trkpt><trkpt lat="23.473590077218912" lon="120.90715720930564"><ele>2794.881103515625</ele><time>2025-08-22T06:56:57Z</time></trkpt><trkpt lat="23.47364932944603" lon="120.9070642450629"><ele>2795.504638671875</ele><time>2025-08-22T06:57:08Z</time></trkpt><trkpt lat="23.473706494436836" lon="120.90699473414948"><ele>2797.2880859375</ele><time>2025-08-22T06:57:20Z</time></trkpt><trkpt lat="23.47373307217267" lon="120.90692877539426"><ele>2795.85595703125</ele><time>2025-08-22T06:57:26Z</time></trkpt><trkpt lat="23.47375890981484" lon="120.90683070685233"><ele>2797.277587890625</ele><time>2025-08-22T06:57:32Z</time></trkpt><trkpt lat="23.473784238551385" lon="120.90679219773449"><ele>2792.02734375</ele><time>2025-08-22T06:57:38Z</time></trkpt><trkpt lat="23.473831917516225" lon="120.90668784615042"><ele>2795.5205078125</ele><time>2025-08-22T06:57:50Z</time></trkpt><trkpt lat="23.473849094323334" lon="120.90662430625622"><ele>2791.28759765625</ele><time>2025-08-22T06:57:56Z</time></trkpt><trkpt lat="23.473867964180673" lon="120.90657194641427"><ele>2793.11865234375</ele><time>2025-08-22T06:58:08Z</time></trkpt><trkpt lat="23.473896372019684" lon="120.90653816484135"><ele>2792.01416015625</ele><time>2025-08-22T06:58:20Z</time></trkpt><trkpt lat="23.473934350152575" lon="120.90649135452121"><ele>2788.098388671875</ele><time>2025-08-22T06:58:27Z</time></trkpt><trkpt lat="23.47396895009961" lon="120.90639405095364"><ele>2787.559326171875</ele><time>2025-08-22T06:58:38Z</time></trkpt><trkpt lat="23.473987155838135" lon="120.90629094014068"><ele>2786.415283203125</ele><time>2025-08-22T06:58:50Z</time></trkpt><trkpt lat="23.474032717943796" lon="120.90621968981827"><ele>2783.743896484375</ele><time>2025-08-22T06:59:08Z</time></trkpt><trkpt lat="23.474078629418997" lon="120.9061661575611"><ele>2783.884033203125</ele><time>2025-08-22T06:59:20Z</time></trkpt><trkpt lat="23.47411626679367" lon="120.90608344173017"><ele>2779.5322265625</ele><time>2025-08-22T06:59:38Z</time></trkpt><trkpt lat="23.47416769917418" lon="120.90601489530938"><ele>2776.43017578125</ele><time>2025-08-22T06:59:50Z</time></trkpt><trkpt lat="23.474208088474704" lon="120.90595759073767"><ele>2774.98486328125</ele><time>2025-08-22T07:00:02Z</time></trkpt><trkpt lat="23.474252323134785" lon="120.90591527472641"><ele>2772.55908203125</ele><time>2025-08-22T07:00:14Z</time></trkpt><trkpt lat="23.47429263399558" lon="120.90588193029035"><ele>2772.6279296875</ele><time>2025-08-22T07:00:20Z</time></trkpt><trkpt lat="23.47435517971388" lon="120.9058231906425"><ele>2769.459716796875</ele><time>2025-08-22T07:00:32Z</time></trkpt><trkpt lat="23.474394107214763" lon="120.90578024625313"><ele>2769.459716796875</ele><time>2025-08-22T07:00:38Z</time></trkpt><trkpt lat="23.47445305221592" lon="120.90572472222689"><ele>2766.574462890625</ele><time>2025-08-22T07:00:50Z</time></trkpt><trkpt lat="23.4744215297073" lon="120.90570187954825"><ele>2761.538330078125</ele><time>2025-08-22T07:01:14Z</time></trkpt><trkpt lat="23.474356176588184" lon="120.90571233239793"><ele>2763.43017578125</ele><time>2025-08-22T07:01:26Z</time></trkpt><trkpt lat="23.474269258654694" lon="120.90573676635171"><ele>2757.241943359375</ele><time>2025-08-22T07:01:44Z</time></trkpt><trkpt lat="23.47418681252614" lon="120.9057566878094"><ele>2759.258056640625</ele><time>2025-08-22T07:01:56Z</time></trkpt><trkpt lat="23.474159327995807" lon="120.9057609113904"><ele>2756.401611328125</ele><time>2025-08-22T07:02:08Z</time></trkpt><trkpt lat="23.47400679717128" lon="120.90579791110743"><ele>2754.443603515625</ele><time>2025-08-22T07:02:20Z</time></trkpt><trkpt lat="23.47395077869993" lon="120.90583162006304"><ele>2754.443603515625</ele><time>2025-08-22T07:02:32Z</time></trkpt><trkpt lat="23.473901333283386" lon="120.90591520989886"><ele>2746.83935546875</ele><time>2025-08-22T07:02:50Z</time></trkpt><trkpt lat="23.47385530183816" lon="120.90595525902748"><ele>2749.182861328125</ele><time>2025-08-22T07:02:56Z</time></trkpt><trkpt lat="23.473795775364707" lon="120.90599074138456"><ele>2748.281982421875</ele><time>2025-08-22T07:03:02Z</time></trkpt><trkpt lat="23.47372720493437" lon="120.90603050965065"><ele>2750.953369140625</ele><time>2025-08-22T07:03:14Z</time></trkpt><trkpt lat="23.47373883597712" lon="120.9059727587884"><ele>2749.278076171875</ele><time>2025-08-22T07:03:38Z</time></trkpt><trkpt lat="23.473756039546025" lon="120.90594546622155"><ele>2743.755615234375</ele><time>2025-08-22T07:03:57Z</time></trkpt><trkpt lat="23.47377733407159" lon="120.90588560165543"><ele>2744.3291015625</ele><time>2025-08-22T07:04:03Z</time></trkpt><trkpt lat="23.4738050150146" lon="120.90579940784828"><ele>2741.10546875</ele><time>2025-08-22T07:04:08Z</time></trkpt><trkpt lat="23.473824947123507" lon="120.90572973764985"><ele>2740.767333984375</ele><time>2025-08-22T07:04:20Z</time></trkpt><trkpt lat="23.47385458216038" lon="120.90564534038691"><ele>2738.19384765625</ele><time>2025-08-22T07:04:26Z</time></trkpt><trkpt lat="23.47387886283338" lon="120.90557242568109"><ele>2739.919189453125</ele><time>2025-08-22T07:04:38Z</time></trkpt><trkpt lat="23.47393475842293" lon="120.90548982192566"><ele>2735.955810546875</ele><time>2025-08-22T07:04:50Z</time></trkpt><trkpt lat="23.473987054005207" lon="120.9054222163285"><ele>2733.144287109375</ele><time>2025-08-22T07:05:02Z</time></trkpt><trkpt lat="23.474042913013886" lon="120.90536253817835"><ele>2733.79443359375</ele><time>2025-08-22T07:05:20Z</time></trkpt><trkpt lat="23.47405284843737" lon="120.90535930331272"><ele>2731.796875</ele><time>2025-08-22T07:05:26Z</time></trkpt><trkpt lat="23.474047535943704" lon="120.90536694183045"><ele>2730.28271484375</ele><time>2025-08-22T07:05:38Z</time></trkpt><trkpt lat="23.474001721403912" lon="120.90537633934059"><ele>2726.995849609375</ele><time>2025-08-22T07:05:55Z</time></trkpt><trkpt lat="23.473920327920215" lon="120.90539447273247"><ele>2726.514892578125</ele><time>2025-08-22T07:06:02Z</time></trkpt><trkpt lat="23.47386371399838" lon="120.90537725051028"><ele>2727.902099609375</ele><time>2025-08-22T07:06:14Z</time></trkpt><trkpt lat="23.473821808411063" lon="120.90540740420282"><ele>2725.75390625</ele><time>2025-08-22T07:06:20Z</time></trkpt><trkpt lat="23.473734520312213" lon="120.90544530895069"><ele>2722.50927734375</ele><time>2025-08-22T07:06:32Z</time></trkpt><trkpt lat="23.47367741435692" lon="120.90548033688077"><ele>2716.7412109375</ele><time>2025-08-22T07:06:38Z</time></trkpt><trkpt lat="23.473659087374493" lon="120.90549793510117"><ele>2713.604736328125</ele><time>2025-08-22T07:06:51Z</time></trkpt><trkpt lat="23.4736036661416" lon="120.90559043895733"><ele>2717.554931640625</ele><time>2025-08-22T07:07:02Z</time></trkpt><trkpt lat="23.473560813034336" lon="120.9055227075342"><ele>2712.711669921875</ele><time>2025-08-22T07:07:44Z</time></trkpt><trkpt lat="23.473520392152984" lon="120.90546730228324"><ele>2708.8115234375</ele><time>2025-08-22T07:08:02Z</time></trkpt><trkpt lat="23.47347702306089" lon="120.90547639653549"><ele>2706.666015625</ele><time>2025-08-22T07:08:08Z</time></trkpt><trkpt lat="23.47347344371819" lon="120.90538548985484"><ele>2703.318359375</ele><time>2025-08-22T07:08:32Z</time></trkpt><trkpt lat="23.473505827907847" lon="120.90532496905784"><ele>2701.896728515625</ele><time>2025-08-22T07:08:44Z</time></trkpt><trkpt lat="23.4735691660359" lon="120.90527533911266"><ele>2701.119873046875</ele><time>2025-08-22T07:08:56Z</time></trkpt><trkpt lat="23.473636891210205" lon="120.90523776233918"><ele>2700.015625</ele><time>2025-08-22T07:09:14Z</time></trkpt><trkpt lat="23.47363692992636" lon="120.90523794878972"><ele>2696.7734375</ele><time>2025-08-22T07:09:17Z</time></trkpt><trkpt lat="23.47366989608469" lon="120.90521406184975"><ele>2696.55419921875</ele><time>2025-08-22T07:09:26Z</time></trkpt><trkpt lat="23.473716669183876" lon="120.90513036503435"><ele>2697.35205078125</ele><time>2025-08-22T07:09:38Z</time></trkpt><trkpt lat="23.473769232427912" lon="120.90504011131496"><ele>2695.1748046875</ele><time>2025-08-22T07:09:50Z</time></trkpt><trkpt lat="23.47383829838892" lon="120.90499063813795"><ele>2695.396728515625</ele><time>2025-08-22T07:10:02Z</time></trkpt><trkpt lat="23.473940820616576" lon="120.90494538853972"><ele>2687.816162109375</ele><time>2025-08-22T07:10:14Z</time></trkpt><trkpt lat="23.47394840396516" lon="120.90493741982483"><ele>2691.946044921875</ele><time>2025-08-22T07:10:34Z</time></trkpt><trkpt lat="23.474070356431692" lon="120.90486912092513"><ele>2689.132080078125</ele><time>2025-08-22T07:10:44Z</time></trkpt><trkpt lat="23.474124715175314" lon="120.9048460870323"><ele>2687.337890625</ele><time>2025-08-22T07:10:50Z</time></trkpt><trkpt lat="23.47414066378469" lon="120.90483729643346"><ele>2689.261474609375</ele><time>2025-08-22T07:10:57Z</time></trkpt><trkpt lat="23.474215657396737" lon="120.90473987109965"><ele>2688.299560546875</ele><time>2025-08-22T07:11:08Z</time></trkpt><trkpt lat="23.47424970983895" lon="120.90466785172852"><ele>2688.682861328125</ele><time>2025-08-22T07:11:14Z</time></trkpt><trkpt lat="23.474292672311588" lon="120.90453714431834"><ele>2686.97314453125</ele><time>2025-08-22T07:11:32Z</time></trkpt><trkpt lat="23.474323827744573" lon="120.9044788493333"><ele>2687.21630859375</ele><time>2025-08-22T07:11:38Z</time></trkpt><trkpt lat="23.474390807477434" lon="120.90440041804565"><ele>2685.4697265625</ele><time>2025-08-22T07:11:56Z</time></trkpt><trkpt lat="23.47441058747365" lon="120.90438070103527"><ele>2686.069580078125</ele><time>2025-08-22T07:12:05Z</time></trkpt><trkpt lat="23.474478222938746" lon="120.904277042992"><ele>2688.5771484375</ele><time>2025-08-22T07:12:14Z</time></trkpt><trkpt lat="23.474540241279445" lon="120.90420863645443"><ele>2683.70751953125</ele><time>2025-08-22T07:12:26Z</time></trkpt><trkpt lat="23.474540590359428" lon="120.90420897223149"><ele>2685.868896484375</ele><time>2025-08-22T07:12:30Z</time></trkpt><trkpt lat="23.474617461060298" lon="120.90419283316284"><ele>2686.217529296875</ele><time>2025-08-22T07:12:38Z</time></trkpt><trkpt lat="23.474682519419712" lon="120.90412008710956"><ele>2684.6982421875</ele><time>2025-08-22T07:12:50Z</time></trkpt><trkpt lat="23.474733311369587" lon="120.90406549656016"><ele>2684.515869140625</ele><time>2025-08-22T07:13:02Z</time></trkpt><trkpt lat="23.474737817318886" lon="120.90406268251081"><ele>2682.82763671875</ele><time>2025-08-22T07:13:08Z</time></trkpt><trkpt lat="23.474828944136924" lon="120.90396448016327"><ele>2666.81787109375</ele><time>2025-08-22T07:13:20Z</time></trkpt><trkpt lat="23.474891129752017" lon="120.90391654313082"><ele>2663.472900390625</ele><time>2025-08-22T07:13:35Z</time></trkpt><trkpt lat="23.474975902941488" lon="120.90384472005925"><ele>2664.283935546875</ele><time>2025-08-22T07:13:44Z</time></trkpt><trkpt lat="23.475025740803893" lon="120.90379946677125"><ele>2665.716064453125</ele><time>2025-08-22T07:13:50Z</time></trkpt><trkpt lat="23.475040002307313" lon="120.9037940772132"><ele>2663.153076171875</ele><time>2025-08-22T07:13:56Z</time></trkpt><trkpt lat="23.475153391500083" lon="120.90370663004923"><ele>2665.26708984375</ele><time>2025-08-22T07:14:08Z</time></trkpt><trkpt lat="23.475230661345133" lon="120.90361715596381"><ele>2660.02197265625</ele><time>2025-08-22T07:14:20Z</time></trkpt><trkpt lat="23.475243583229748" lon="120.90360886258156"><ele>2661.337890625</ele><time>2025-08-22T07:14:26Z</time></trkpt><trkpt lat="23.475360100188063" lon="120.90353358657231"><ele>2661.744873046875</ele><time>2025-08-22T07:14:38Z</time></trkpt><trkpt lat="23.47540434126926" lon="120.90348970590927"><ele>2661.615234375</ele><time>2025-08-22T07:14:44Z</time></trkpt><trkpt lat="23.475464538211632" lon="120.90344474569223"><ele>2662.651123046875</ele><time>2025-08-22T07:14:56Z</time></trkpt><trkpt lat="23.475475368625172" lon="120.90337108111132"><ele>2662.99462890625</ele><time>2025-08-22T07:15:02Z</time></trkpt><trkpt lat="23.47547745454977" lon="120.90336445446073"><ele>2661.77392578125</ele><time>2025-08-22T07:15:08Z</time></trkpt><trkpt lat="23.47548495973788" lon="120.90333824551753"><ele>2661.4091796875</ele><time>2025-08-22T07:15:11Z</time></trkpt><trkpt lat="23.47554154365068" lon="120.90324733683624"><ele>2660.20166015625</ele><time>2025-08-22T07:15:20Z</time></trkpt><trkpt lat="23.47561730513536" lon="120.90318935094805"><ele>2659.2744140625</ele><time>2025-08-22T07:15:38Z</time></trkpt><trkpt lat="23.47564916231393" lon="120.90315397252117"><ele>2650.6552734375</ele><time>2025-08-22T07:15:41Z</time></trkpt><trkpt lat="23.475674607789138" lon="120.9031001915986"><ele>2661.033935546875</ele><time>2025-08-22T07:15:45Z</time></trkpt><trkpt lat="23.475705907380497" lon="120.90304729306285"><ele>2649.091064453125</ele><time>2025-08-22T07:15:50Z</time></trkpt><trkpt lat="23.475707651275894" lon="120.90297944083498"><ele>2658.080078125</ele><time>2025-08-22T07:16:03Z</time></trkpt><trkpt lat="23.475727157875905" lon="120.90293511141951"><ele>2657.995361328125</ele><time>2025-08-22T07:16:07Z</time></trkpt><trkpt lat="23.475746044368805" lon="120.9028275215367"><ele>2654.610595703125</ele><time>2025-08-22T07:16:20Z</time></trkpt><trkpt lat="23.475756297585914" lon="120.9027748576397"><ele>2650.845458984375</ele><time>2025-08-22T07:16:28Z</time></trkpt><trkpt lat="23.47582494807208" lon="120.90267250189218"><ele>2649.595703125</ele><time>2025-08-22T07:16:44Z</time></trkpt><trkpt lat="23.475849202120337" lon="120.9026125862526"><ele>2649.2626953125</ele><time>2025-08-22T07:16:50Z</time></trkpt><trkpt lat="23.475849052810908" lon="120.90259306236598"><ele>2647.833251953125</ele><time>2025-08-22T07:16:56Z</time></trkpt><trkpt lat="23.47584272084222" lon="120.90245030602651"><ele>2647.101318359375</ele><time>2025-08-22T07:17:02Z</time></trkpt><trkpt lat="23.47584651027569" lon="120.90243288822131"><ele>2646.305908203125</ele><time>2025-08-22T07:17:12Z</time></trkpt><trkpt lat="23.47585195570937" lon="120.90240675371614"><ele>2647.521484375</ele><time>2025-08-22T07:17:15Z</time></trkpt><trkpt lat="23.475886931354236" lon="120.90228938512628"><ele>2645.455322265625</ele><time>2025-08-22T07:17:20Z</time></trkpt><trkpt lat="23.475893732563282" lon="120.90218823348879"><ele>2645.899169921875</ele><time>2025-08-22T07:17:26Z</time></trkpt><trkpt lat="23.47584515197953" lon="120.90212377359182"><ele>2645.19091796875</ele><time>2025-08-22T07:17:32Z</time></trkpt><trkpt lat="23.475831219145118" lon="120.90206679374145"><ele>2644.7998046875</ele><time>2025-08-22T07:17:40Z</time></trkpt><trkpt lat="23.47584286241229" lon="120.90203442721497"><ele>2645.674560546875</ele><time>2025-08-22T07:17:50Z</time></trkpt><trkpt lat="23.47591049343578" lon="120.90196025644353"><ele>2646.393310546875</ele><time>2025-08-22T07:18:02Z</time></trkpt><trkpt lat="23.476021454745446" lon="120.90181770252164"><ele>2649.001220703125</ele><time>2025-08-22T07:18:14Z</time></trkpt><trkpt lat="23.47604635685949" lon="120.9017385751309"><ele>2648.958740234375</ele><time>2025-08-22T07:18:20Z</time></trkpt><trkpt lat="23.47604601908126" lon="120.90163759855737"><ele>2645.185791015625</ele><time>2025-08-22T07:18:26Z</time></trkpt><trkpt lat="23.47604628852991" lon="120.9016386015142"><ele>2644.818359375</ele><time>2025-08-22T07:18:33Z</time></trkpt><trkpt lat="23.476046844753363" lon="120.90164201829408"><ele>2645.26220703125</ele><time>2025-08-22T07:18:37Z</time></trkpt><trkpt lat="23.476045897544747" lon="120.90154537024021"><ele>2645.058837890625</ele><time>2025-08-22T07:18:40Z</time></trkpt><trkpt lat="23.47604513119122" lon="120.90149623638202"><ele>2644.525146484375</ele><time>2025-08-22T07:18:44Z</time></trkpt><trkpt lat="23.47603251093449" lon="120.9014234667408"><ele>2643.12744140625</ele><time>2025-08-22T07:18:48Z</time></trkpt><trkpt lat="23.476030066044693" lon="120.90133393743912"><ele>2642.072998046875</ele><time>2025-08-22T07:18:55Z</time></trkpt><trkpt lat="23.476035896336324" lon="120.90127195051164"><ele>2641.687255859375</ele><time>2025-08-22T07:19:01Z</time></trkpt><trkpt lat="23.476021535599358" lon="120.90119150548635"><ele>2639.528564453125</ele><time>2025-08-22T07:19:12Z</time></trkpt><trkpt lat="23.476013204330165" lon="120.90113064966242"><ele>2639.496826171875</ele><time>2025-08-22T07:19:23Z</time></trkpt><trkpt lat="23.47600232112574" lon="120.90107198051048"><ele>2634.011474609375</ele><time>2025-08-22T07:19:29Z</time></trkpt><trkpt lat="23.475993861166973" lon="120.90101555701777"><ele>2638.07275390625</ele><time>2025-08-22T07:19:35Z</time></trkpt><trkpt lat="23.47599462619031" lon="120.90095580612714"><ele>2632.912353515625</ele><time>2025-08-22T07:19:42Z</time></trkpt><trkpt lat="23.47599738190896" lon="120.90090044357174"><ele>2636.085693359375</ele><time>2025-08-22T07:19:48Z</time></trkpt><trkpt lat="23.475966507727335" lon="120.9008262263663"><ele>2633.5703125</ele><time>2025-08-22T07:20:06Z</time></trkpt><trkpt lat="23.47594318111367" lon="120.90079149018322"><ele>2633.2294921875</ele><time>2025-08-22T07:20:10Z</time></trkpt><trkpt lat="23.47591898457739" lon="120.90074377089155"><ele>2631.1552734375</ele><time>2025-08-22T07:20:14Z</time></trkpt><trkpt lat="23.47590091360172" lon="120.90067981134109"><ele>2630.581787109375</ele><time>2025-08-22T07:20:21Z</time></trkpt><trkpt lat="23.475887536662846" lon="120.90061911293286"><ele>2630.491943359375</ele><time>2025-08-22T07:20:27Z</time></trkpt><trkpt lat="23.47586929967518" lon="120.90055654740905"><ele>2629.728271484375</ele><time>2025-08-22T07:20:33Z</time></trkpt><trkpt lat="23.475855720681604" lon="120.90050154427502"><ele>2629.931884765625</ele><time>2025-08-22T07:20:38Z</time></trkpt><trkpt lat="23.475839765391918" lon="120.90044254801882"><ele>2630.729736328125</ele><time>2025-08-22T07:20:43Z</time></trkpt><trkpt lat="23.475816377441248" lon="120.9003874441323"><ele>2630.529052734375</ele><time>2025-08-22T07:20:48Z</time></trkpt><trkpt lat="23.47580196470464" lon="120.90032294386234"><ele>2626.668701171875</ele><time>2025-08-22T07:20:53Z</time></trkpt><trkpt lat="23.47580252188673" lon="120.90024705821169"><ele>2627.63037109375</ele><time>2025-08-22T07:21:01Z</time></trkpt><trkpt lat="23.475799263199235" lon="120.90019056639478"><ele>2628.243408203125</ele><time>2025-08-22T07:21:06Z</time></trkpt><trkpt lat="23.47580378707276" lon="120.90013438905657"><ele>2628.333251953125</ele><time>2025-08-22T07:21:10Z</time></trkpt><trkpt lat="23.475839009550384" lon="120.9000532773745"><ele>2627.94482421875</ele><time>2025-08-22T07:21:53Z</time></trkpt><trkpt lat="23.475790491833468" lon="120.90003905952264"><ele>2628.85107421875</ele><time>2025-08-22T07:23:03Z</time></trkpt><trkpt lat="23.475790491833468" lon="120.90003905952264"><ele>2628.85107421875</ele><time>2025-08-22T07:23:32Z</time></trkpt></trkseg></trk></gpx>
